"diagnose_id";"descr";"icd_code"
14648;"Pfannenlockerung";"1010"
14649;"OsteolyseAcetabulum";"1011"
14650;"GroßerKnochendefektAcetabulum";"1012"
14651;"ChondropathiebeiKopfprothese";"1013"
14652;"FehlpositionierungPfanne";"1014"
14653;"Pfannenprotrusion";"1015"
14654;"Implantatabbruch-Pfanne";"1016"
14686;"Inlaybruch-Pfanne";"1017"
14696;"PeriprothetischeFraktur-Pfanne(Acetabulumfraktur)";"1018"
14655;"Schaftlockerung";"1020"
14656;"PeriprothetischeFraktur";"1021"
14657;"OsteolyseFemur";"1022"
14658;"GroßerKnochendefektFemur(DistalerTrochanterminor)";"1023"
14659;"Implantatbruch-Schaft";"1024"
14660;"Fehlpositionierung-Schaft";"1025"
14697;"Implantatbruch-Femurkopf";"1026"
14698;"Chondropathie-Femur(nachHalbschlitten)";"1028"
14661;"Materialabrieb";"1030"
14662;"Luxation";"1031"
14663;"ChronischerInfekt(nach3Monaten)";"1032"
14664;"Frühinfekt(bis3Monate)";"1033"
14665;"Synovitis";"1034"
14666;"PeriarticuläreOssifikation";"1035"
14667;"Kopfbruch";"1036"
14668;"Systemlockerung(SchaftundPfanne)";"1037"
14669;"Tumor";"1038"
14687;"Acetabulumfraktur(periprothetischeFrakturderPfanne)";"1040"
14699;"KontrakturoderArthrofibrose";"1042"
14700;"SchmerzenunklarerGenese";"1044"
14670;"AnderernäherbezeichneterGrund(KommentarM08)";"1048"
14701;"Bruch-Inlay";"1056"
14702;"Luxation-Inlay";"1057"
14703;"Osteolyse/Knochendefekt-Patella";"1062"
14704;"Chondropathie(nachHalbschlitten)";"1063"
14705;"Fehlpositionierung-Patella";"1064"
14706;"Implantatbruch-Patella";"1066"
14707;"Luxation-Patella";"1067"
14708;"Lockerung-Tibia";"1070"
14709;"PeriprothetischeFraktur-Tibia";"1071"
14710;"Osteolyse/Knochendefekt-Tibia";"1072"
14711;"Chondropathie(nachHalbschlitten)-Tibia";"1073"
14712;"Fehlpositionierung-Tibia";"1074"
14713;"Implantatbruch-Tibia";"1076"
14757;"MRSvorInsult–keineSymptome";"2010"
14758;"MRSvorInsult–keinerelevanteBeeinträchtigung.KanntrotzgewisserSymptomeAlltagsaktivitätenverrichten.";"2011"
14759;"MRSvorInsult–leichteBeeinträchtigung.KannsichohneHilfeversorgen,istaberimAlltageingeschränkt.";"2012"
14760;"MRSvorInsult–mittelschwereBeeinträchtigung.BenötigtHilfeimAlltag,kannaberohneHilfegehen.";"2013"
14761;"MRSvorInsult–höhergradigeBeeinträchtigung.BenötigtHilfebeiderKörperpflege,kannnichtohneHilfegehen.";"2014"
14762;"MRSvorInsult–schwereBehinderung.Bettlägerig,inkontinent,benötigtständigepflegerischeHilfe.";"2015"
14763;"MRSvorInsult–nichterhebbar";"2019"
14764;"MRSbeiAufnahme–keineSymptome";"2020"
14765;"MRSbeiAufnahme–keinerelevanteBeeinträchtigung.KanntrotzgewisserSymptomeAlltagsaktivitätenverrichten.";"2021"
14766;"MRSbeiAufnahme–leichteBeeinträchtigung.KannsichohneHilfeversorgen,istaberimAlltageingeschränkt.";"2022"
14767;"MRSbeiAufnahme–mittelschwereBeeinträchtigung.BenötigtHilfeimAlltag,kannaberohneHilfegehen.";"2023"
14768;"MRSbeiAufnahme–höhergradigeBeeinträchtigung.BenötigtHilfebeiderKörperpflege,kannnichtohneHilfegehen.";"2024"
14769;"MRSbeiAufnahme–schwereBehinderung.Bettlägerig,inkontinent,benötigtständigepflegerischeHilfe.";"2025"
14770;"MRSbeiEntlassung–keineSymptome";"2030"
14771;"MRSbeiEntlassung–keinerelevanteBeeinträchtigung.KanntrotzgewisserSymptomeAlltagsaktivitätenverrichten.";"2031"
14772;"MRSbeiEntlassung–leichteBeeinträchtigung.KannsichohneHilfeversorgen,istaberimAlltageingeschränkt.";"2032"
14773;"MRSbeiEntlassung–mittelschwereBeeinträchtigung.BenötigtHilfeimAlltag,kannaberohneHilfegehen.";"2033"
14774;"MRSbeiEntlassung–höhergradigeBeeinträchtigung.BenötigtHilfebeiderKörperpflege,kannnichtohneHilfegehen.";"2034"
14775;"MRSbeiEntlassung–schwereBehinderung.Bettlägerig,inkontinent,benötigtständigepflegerischeHilfe.";"2035"
14776;"MRSbeiEntlassung–TodinfolgedesApoplex";"2036"
14777;"VorbehandelterInsult–keineRankin-Skala";"2040"
13758;"Arbeitsunfall,nichtnäherbezeichnet";"9019"
13760;"Schülerunfall,nichtnäherbezeichnet";"9029"
13762;"Verkehrsunfall,nichtnäherbezeichnet";"9119"
13764;"VerkehrsunfallalsArbeitsunfall,nichtnäherbezeichnet";"9129"
13766;"Sportunfall,nichtnäherbezeichnet";"9219"
13768;"UnfallbeiHausarbeit,nichtnäherbezeichnet";"9229"
13770;"UnfallbeiHeimwerkenundGartenarbeit,nichtnäherbezeichnet";"9239"
13772;"SonstigerUnfallimprivatenBereich,nichtnäherbezeichnet";"9299"
13774;"Suizid-VersuchoderabsichtlicheSelbstverletzung,nichtnäherbezeichnet";"9319"
13776;"AbsichtlicheVerletzungdurchanderePersonen,auchTötungsversuch,nichtnäherbezeichnet";"9419"
13778;"SonstigeUrsachenexogenerNoxen,nichtnäherbezeichnet";"9999"
6;"Typhusabdominalis-InfektiondurchSalmonellatyphi,TyphoidesFieber";"A010"
7;"ParatyphusA";"A011"
8;"ParatyphusB";"A012"
10;"Paratyphus,nichtnäherbezeichnet,InfektiondurchSalmonellaparatyphio.n.A.";"A014"
12;"Salmonellenenteritis,EnteritisinfectiosadurchSalmonellen";"A020"
13;"Salmonellensepsis";"A021"
14;"LokalisierteSalmonelleninfektionen";"A022"
15;"SonstigenäherbezeichneteSalmonelleninfektionen";"A028"
16;"Salmonelleninfektion,nichtnäherbezeichnet";"A029"
18;"ShigellosedurchShigelladysenteriae,ShigellosedurchShigellenderGruppeA[Shiga-Kruse-Ruhr]";"A030"
19;"ShigellosedurchShigellaflexneri,ShigellosedurchShigellenderGruppeB";"A031"
20;"ShigellosedurchShigellaboydii,ShigellosedurchShigellenderGruppeC";"A032"
21;"ShigellosedurchShigellasonnei,ShigellosedurchShigellenderGruppeD";"A033"
22;"SonstigeShigellosen";"A038"
23;"Shigellose,nichtnäherbezeichnet/BakterielleRuhr[BakterielleDysenterie]o.n.A.";"A039"
25;"DarminfektiondurchenteropathogeneEscherichiacoli";"A040"
26;"DarminfektiondurchenterotoxinbildendeEscherichiacoli";"A041"
27;"DarminfektiondurchenteroinvasiveEscherichiacoli";"A042"
28;"DarminfektiondurchenterohämorrhagischeEscherichiacoli";"A043"
29;"SonstigeDarminfektionendurchEscherichiacoli,EnteritisdurchEscherichiacolio.n.A.";"A044"
30;"EnteritisdurchCampylobacter";"A045"
31;"EnteritisdurchYersiniaenterocolitica";"A046"
32;"EnterokolitisdurchClostridiumdifficile";"A047"
33;"SonstigenäherbezeichnetebakterielleDarminfektionen";"A048"
34;"BakterielleDarminfektion,nichtnäherbezeichnet,BakterielleEnteritiso.n.A.";"A049"
36;"LebensmittelvergiftungdurchStaphylokokken";"A050"
37;"Botulismus,KlassischeLebensmittelvergiftungdurchClostridiumbotulinum";"A051"
38;"LebensmittelvergiftungdurchClostridiumperfringens[Clostridiumwelchii],Enteritisnecroticans";"A052"
39;"LebensmittelvergiftungdurchVibrioparahaemolyticus";"A053"
40;"LebensmittelvergiftungdurchBacilluscereus";"A054"
41;"SonstigenäherbezeichnetebakteriellbedingteLebensmittelvergiftungen";"A058"
42;"BakteriellbedingteLebensmittelvergiftung,nichtnäherbezeichnet";"A059"
44;"AkuteAmöbenruhr,AkuteAmöbiasis,Amöbenkolitiso.n.A.";"A060"
45;"ChronischeintestinaleAmöbiasis";"A061"
46;"NichtdysenterischeKolitisdurchAmöben";"A062"
48;"LeberabszeßdurchAmöben,Amöbenhepatitis";"A064"
49;"LungenabszeßdurchAmöben(J99.8*),AbszeßderLunge(undderLeber)durchAmöben";"A065"
50;"HirnabszeßdurchAmöben(G07*),AbszeßdesGehirns(undderLeber)(undderLunge)durchAmöben";"A066"
51;"AmöbiasisderHaut";"A067"
52;"AmöbeninfektionansonstigenLokalisationen";"A068"
53;"Amöbiasis,nichtnäherbezeichnet";"A069"
56;"Giardiasis[Lambliasis]";"A071"
57;"Kryptosporidiose";"A072"
59;"SonstigenäherbezeichneteDarmkrankheitendurchProtozoen,IntestinaleTrichomoniasis/Sarkosporidiose/Sarkozystose";"A078"
60;"DarmkrankheitdurchProtozoen,nichtnäherbezeichnet";"A079"
62;"EnteritisdurchRotaviren";"A080"
63;"AkuteGastroenteritisdurchNorwalk-Agens[Norwalk-Virus]";"A081"
64;"EnteritisdurchAdenoviren";"A082"
65;"SonstigeEnteritisdurchViren";"A083"
66;"VirusbedingteDarminfektion,nichtnäherbezeichnet";"A084"
67;"SonstigenäherbezeichneteDarminfektionen";"A085"
14424;"SonstigeundnichtnäherbezeichneteGastroenteritisundKolitisinfektiösenUrsprungs";"A090"
14425;"SonstigeundnichtnäherbezeichneteGastroenteritisundKolitisnichtnäherbezeichnetenUrsprungs";"A099"
70;"Lungentuberkulose,durchmikroskopischeUntersuchungdesSputumsgesichert,mitoderohneNachweisdurchKultur";"A150"
71;"Lungentuberkulose,nurdurchKulturgesichert";"A151"
72;"Lungentuberkulose,histologischgesichert";"A152"
73;"Lungentuberkulose,durchnichtnäherbezeichneteUntersuchungsverfahrengesichert";"A153"
74;"TuberkulosederintrathorakalenLymphknoten,(hilär,mediastinal,tracheobronchial)bakteriologischoderhistologischgesichert";"A154"
75;"TuberkulosedesLarynx,derTracheaundderBronchien,Glottis,bakteriologischoderhistologischgesichert";"A155"
76;"TuberkulösePleuritis,bakteriologischoderhistologischgesichert";"A156"
77;"PrimäreTuberkulosederAtmungsorgane,bakteriologischoderhistologischgesichert";"A157"
78;"SonstigeTuberkulosederAtmungsorgane,bakteriologischoderhistologischgesichert";"A158"
79;"NichtnäherbezeichneteTuberkulosederAtmungsorgane,bakteriologischoderhistologischgesichert";"A159"
81;"Lungentuberkulose,bakteriologischundhistologischnichtgesichert";"A160"
82;"Lungentuberkulose,bakteriologischeundhistologischeUntersuchungnichtdurchgeführt";"A161"
83;"LungentuberkuloseohneAngabeeinerbakteriologischenoderhistologischenSicherung";"A162"
84;"TuberkulosederintrathorakalenLymphknotenohneAngabeeinerbakteriologischenoderhistologischenSicherung:hilär,intrathorakal,mediastinal,tracheobronchial,o.n.A.";"A163"
85;"TuberkulosedesLarynx,derTracheaundderBronchienohneAngabeeinerbakteriologischenoderhistologischenSicherung:Bronchien,Glottis,Larynx,Trachea,o.n.A.";"A164"
86;"TuberkulösePleuritisohneAngabeeinerbakteriologischenoderhistologischenSicherung";"A165"
87;"PrimäreTuberkulosederAtmungsorganeohneAngabeeinerbakteriologischenoderhistologischenSicherung:TuberkulosederAtmungsorganeo.n.A.,tuberkulöserKomplex";"A167"
88;"SonstigeTuberkulosederAtmungsorganeohneAngabeeinerbakteriologischenoderhistologischenSicherung:Mediastinum,Nase,Nasennebenhöhle[jede],Nasopharynx,o.n.A.";"A168"
89;"NichtnäherbezeichneteTuberkulosederAtmungsorganeohneAngabeeinerbakteriologischenoderhistologischenSicherung:Tuberkuloseo.n.A.,TuberkulosederAtmungsorganeo.n.A.";"A169"
91;"TuberkulöseMeningitis(G01*),TuberkulöseLeptomeningitis,TuberkulosederMeningen(zerebral)(spinal)";"A170"
92;"MeningealesTuberkulom(G07*),TuberkulomderMeningen";"A171"
93;"SonstigeTuberkulosedesNervensystems";"A178"
94;"TuberkulosedesNervensystems,nichtnäherbezeichnet(G99.8*)";"A179"
96;"TuberkulosederKnochenundGelenke";"A180"
97;"TuberkulosedesUrogenitalsystems";"A181"
98;"TuberkuloseperiphererLymphknoten,TuberkulöseLymphadenitis";"A182"
99;"TuberkulosedesDarmes,desPeritoneumsundderMesenteriallymphknoten";"A183"
100;"TuberkulosederHautunddesUnterhautgewebes";"A184"
101;"TuberkulosedesAuges";"A185"
102;"TuberkulosedesOhres";"A186"
103;"TuberkulosederNebennieren(E35.1*),Addison-Krankheit,tuberkulös";"A187"
104;"TuberkulosesonstigernäherbezeichneterOrgane";"A188"
106;"AkuteMiliartuberkuloseeinereinzelnennäherbezeichnetenLokalisation";"A190"
107;"AkuteMiliartuberkulosemehrererLokalisationen";"A191"
108;"AkuteMiliartuberkulose,nichtnäherbezeichnet";"A192"
109;"SonstigeMiliartuberkulose";"A198"
110;"Miliartuberkulose,nichtnäherbezeichnet";"A199"
120;"UlzeroglanduläreTularämie";"A210"
121;"OkuloglanduläreTularämie";"A211"
122;"PulmonaleTularämie";"A212"
123;"GastrointestinaleTularämie,AbdominaleTularämie";"A213"
124;"GeneralisierteTularämie";"A217"
125;"SonstigeFormenderTularämie";"A218"
126;"Tularämie,nichtnäherbezeichnet";"A219"
128;"Hautmilzbrand,Milzbrandkarbunkel,Pustulamaligna";"A220"
131;"Milzbrandsepsis";"A227"
133;"Milzbrand,nichtnäherbezeichnet";"A229"
135;"BrucellosedurchBrucellamelitensis,Maltafieber";"A230"
136;"BrucellosedurchBrucellaabortus,Bang-Krankheit,MorbusBang";"A231"
139;"SonstigeBrucellose";"A238"
140;"Brucellose,nichtnäherbezeichnet";"A239"
142;"Rotz,InfektiondurchPseudomonasmallei,Malleus";"A240"
146;"Melioidose,nichtnäherbezeichnet,InfektiondurchPseudomonaspseudomalleio.n.A.,Whitmore-Krankheit";"A244"
149;"Streptobazillen-Rattenbißkrankheit,Erythemaarthriticumepidemicum,Haverhill-Fieber,RattenbißfieberdurchStreptobazillen";"A251"
152;"Haut-Erysipeloid";"A260"
153;"Erysipelothrix-Sepsis";"A267"
154;"SonstigeFormendesErysipeloids";"A268"
155;"Erysipeloid,nichtnäherbezeichnet";"A269"
157;"Leptospirosisicterohaemorrhagica[Weil-Krankheit],LeptospirosedurchLeptospirainterrogansserovaricterohaemorrhagiae";"A270"
158;"SonstigeFormenderLeptospirose";"A278"
159;"Leptospirose,nichtnäherbezeichnet";"A279"
161;"Pasteurellose";"A280"
162;"Katzenkratzkrankheit,Katzenkratzfieber";"A281"
163;"ExtraintestinaleYersiniose";"A282"
164;"SonstigenäherbezeichnetebakterielleZoonosen,anderenortsnichtklassifiziert";"A288"
165;"BakterielleZoonose,nichtnäherbezeichnet";"A289"
176;"InfektionderLungedurchsonstigeMykobakterien:Mycobacteriumavium,intracellulare[Battey],kansasii";"A310"
177;"InfektionderHautdurchsonstigeMykobakterien:Mycobacteriummarinum[Schwimmbadgranulom],ulcerans[Buruli-Ulkus],";"A311"
178;"SonstigeInfektionendurchMykobakterien";"A318"
179;"InfektiondurchMykobakterien,nichtnäherbezeichnet,AtypischemykobakterielleInfektiono.n.A.,Mykobakterioseo.n.A.";"A319"
181;"KutaneListeriose";"A320"
182;"MeningitisundMeningoenzephalitisdurchListerien";"A321"
183;"Listeriensepsis";"A327"
184;"SonstigeFormenderListeriose,OkuloglanduläreListeriose";"A328"
185;"Listeriose,nichtnäherbezeichnet";"A329"
186;"Tetanusneonatorum";"A33"
188;"SonstigerTetanus,Tetanuso.n.A.";"A35"
190;"Rachendiphtherie,Anginapseudomembranaceadiphtherica,Tonsillendiphtherie";"A360"
192;"Kehlkopfdiphtherie,DiphtherischeLaryngotracheitis";"A362"
193;"Hautdiphtherie";"A363"
194;"SonstigeDiphtherie";"A368"
195;"Diphtherie,nichtnäherbezeichnet";"A369"
197;"KeuchhustendurchBordetellapertussis";"A370"
198;"KeuchhustendurchBordetellaparapertussis";"A371"
199;"KeuchhustendurchsonstigeBordetella-Spezies";"A378"
200;"Keuchhusten,nichtnäherbezeichnet";"A379"
201;"Scharlach,Scarlatina";"A38"
203;"Meningokokkenmeningitis(G01*)";"A390"
204;"Waterhouse-Friderichsen-Syndrom(E35.1*),HämorrhagischeEntzündungderNebennieredurchMeningokokken,MeningokokkensepsismitNebennierenblutung";"A391"
205;"AkuteMeningokokkensepsis";"A392"
206;"ChronischeMeningokokkensepsis";"A393"
207;"Meningokokkensepsis,nichtnäherbezeichnet,Meningokokken-Bakteriämieo.n.A.";"A394"
208;"HerzkrankheitdurchMeningokokken";"A395"
209;"SonstigeMeningokokkeninfektionen";"A398"
210;"Meningokokkeninfektion,nichtnäherbezeichnet,KrankheitdurchMeningokokkeno.n.A.";"A399"
212;"SepsisdurchStreptokokken,GruppeA";"A400"
213;"SepsisdurchStreptokokken,GruppeB";"A401"
214;"SepsisdurchStreptokokken,GruppeD";"A402"
215;"SepsisdurchStreptococcuspneumoniae,SepsisdurchPneumokokken";"A403"
216;"SonstigeSepsisdurchStreptokokken";"A408"
217;"SepsisdurchStreptokokken,nichtnäherbezeichnet";"A409"
219;"SepsisdurchStaphylococcusaureus";"A410"
220;"SepsisdurchsonstigenäherbezeichneteStaphylokokken,SepsisdurchkoagulasenegativeStaphylokokken";"A411"
221;"SepsisdurchnichtnäherbezeichneteStaphylokokken";"A412"
222;"SepsisdurchHaemophilusinfluenzae";"A413"
223;"SepsisdurchAnaerobier";"A414"
224;"SepsisdurchsonstigegramnegativeErreger,SepsisdurchgramnegativeErregero.n.A.";"A415"
225;"SonstigenäherbezeichneteSepsis";"A418"
226;"Sepsis,nichtnäherbezeichnet,SeptischerSchock";"A419"
228;"AktinomykosederLunge";"A420"
229;"AbdominaleAktinomykose";"A421"
230;"ZervikofazialeAktinomykose";"A422"
232;"SonstigeFormenderAktinomykose";"A428"
233;"Aktinomykose,nichtnäherbezeichnet";"A429"
235;"PulmonaleNokardiose";"A430"
236;"NokardiosederHaut";"A431"
237;"SonstigeFormenderNokardiose";"A438"
238;"Nokardiose,nichtnäherbezeichnet";"A439"
240;"SystemischeBartonellose,Oroya-Fieber";"A440"
241;"KutaneundmukokutaneBartonellose,Verrugaperuana[Verrugaperuviana]";"A441"
242;"SonstigeFormenderBartonellose";"A448"
243;"Bartonellose,nichtnäherbezeichnet";"A449"
244;"Erysipel[Wundrose]";"A46"
246;"Gasbrand[Gasödem]";"A480"
247;"LegionellosemitPneumonie,Legionärskrankheit";"A481"
248;"LegionelloseohnePneumonie[Pontiac-Fieber]";"A482"
249;"SyndromdestoxischenSchocks";"A483"
251;"SonstigenäherbezeichnetebakterielleKrankheiten";"A488"
253;"Staphylokokkeninfektion,nichtnäherbezeichnet";"A490"
254;"Streptokokkeninfektion,nichtnäherbezeichnet";"A491"
255;"InfektiondurchHaemophilusinfluenzae,nichtnäherbezeichnet";"A492"
256;"Mykoplasmeninfektion,nichtnäherbezeichnet";"A493"
257;"SonstigebakterielleInfektionennichtnäherbezeichneterLokalisation";"A498"
258;"BakterielleInfektion,nichtnäherbezeichnet,Bakteriämieo.n.A.";"A499"
260;"FloridekonnataleFrühsyphilis(JederkonnatalesyphilitischeZustand,alsfrühodermanifestbezeichnet,biszuzweiJahrennachderGeburt)";"A500"
261;"LatentekonnataleFrühsyphilis,KonnataleSyphilisohneklinischeManifestationen,mitpositiverSerumreaktionundnegativemLiquorbefund,biszuzweiJahrennachderGeburt.";"A501"
262;"KonnataleFrühsyphilis,nichtnäherbezeichnet,KonnataleSyphiliso.n.A.,bisunterzweiJahrenachderGeburt.";"A502"
263;"KonnatalespätsyphilitischeAugenkrankheit";"A503"
264;"KonnatalespätauftretendeNeurosyphilis[JuvenileNeurosyphilis],Dementiaparalyticajuvenilis,Juvenile:progressiveParalyse,Tabesdorsalis,taboparalytischeNeurosyphilis";"A504"
265;"SonstigeFormenderfloridenkonnatalenSpätsyphilis(JederkonnatalesyphilitischeZustand,alsspätodermanifestbezeichnet,zweiJahreoderspäternachderGeburt)";"A505"
266;"LatentekonnataleSpätsyphilis(KonnataleSyphilisohneklinischeManifestationen,mitpositiverSerumreaktionundnegativemLiquorbefund,zweiJahreoderspäternachderGeburt)";"A506"
267;"KonnataleSpätsyphilis,nichtnäherbezeichnet,KonnataleSyphiliso.n.A.,zweiJahreoderspäternachderGeburt,Syphilisconnatatardao.n.A.";"A507"
268;"Syphilisconnata,nichtnäherbezeichnet";"A509"
270;"PrimärersyphilitischerGenitalaffekt,SyphilitischerSchankero.n.A.";"A510"
271;"AnalerPrimäraffektbeiSyphilis";"A511"
272;"PrimäraffektbeiSyphilis,sonstigeLokalisationen";"A512"
273;"SekundäreSyphilisderHautundderSchleimhäute,Condylomalatum,syphilitischeSchleimhautpapeln[Plaquesmuqueuses]";"A513"
274;"SonstigesekundäreSyphilis,SekundäresyphilitischeLymphadenopathie";"A514"
275;"LatenteFrühsyphilis(Syphilis(erworben)ohneklinischeManifestationen,mitpositiverSerumreaktionundnegativemLiquorbefund,biszuzweiJahrennachInfektion)";"A515"
276;"Frühsyphilis,nichtnäherbezeichnet";"A519"
278;"KardiovaskuläreSyphiliso.n.A.";"A520"
279;"FlorideNeurosyphilis,Tabesdorsalis";"A521"
280;"AsymptomatischeNeurosyphilis";"A522"
281;"Neurosyphilis,nichtnäherbezeichnet,Gumma(syphilitisch),Syphilis(Spät-)SyphilomZentralnervensystem,o.n.A.";"A523"
282;"SonstigeflorideSpätsyphilis,Gumma(syphilitisch)";"A527"
283;"LatenteSpätsyphilis(Syphilis(erworben)ohneklinischeManifestationen,mitpositiverSerumreaktionundnegativemLiquorbefund,zweiJahreoderspäternachInfektion)";"A528"
284;"Spätsyphilis,nichtnäherbezeichnet";"A529"
286;"LatenteSyphilis,nichtalsfrühoderspätbezeichnet,LatenteSyphiliso.n.A.,PositiveSerumreaktionaufSyphilis";"A530"
287;"Syphilis,nichtnäherbezeichnet,InfektiondurchTreponemapallidumo.n.A.,Syphilis(erworben)o.n.A.";"A539"
289;"GonokokkeninfektiondesunterenUrogenitaltraktesohneperiurethralenAbszeßoderAbszeßderGlandulaeurethrales:Urethritis,Vulvovaginitis,Zervizitis,Zystitis,o.n.A.";"A540"
290;"GonokokkeninfektiondesunterenUrogenitaltraktesmitperiurethralemAbszeßoderAbszeßderGlandulaeurethrales,AbszeßderBartholin-DrüsedurchGonokokken";"A541"
291;"PelviperitonitisdurchGonokokkenundGonokokkeninfektionensonstigerUrogenitalorgane";"A542"
293;"GonokokkeninfektiondesMuskel-Skelett-Systems";"A544"
294;"Gonokokkenpharyngitis";"A545"
295;"GonokokkeninfektiondesAnusunddesRektums";"A546"
296;"SonstigeGonokokkeninfektionen,SepsisdurchGonokokken,HautläsionendurchGonokokken";"A548"
297;"Gonokokkeninfektion,nichtnäherbezeichnet";"A549"
298;"Lymphogranulomainguinale(venereum)durchChlamydien,Durand-Nicolas-Favre-Krankheit,Esthiomene,KlimatischerodertropischerBubo";"A55"
300;"ChlamydieninfektiondesunterenUrogenitaltraktes:Urethritis,Vulvovaginitis,Zervizitis,Zystitis,durchChlamydien";"A560"
301;"ChlamydieninfektiondesPelviperitoneumsundsonstigerUrogenitalorgane";"A561"
302;"ChlamydieninfektiondesUrogenitaltraktes,nichtnäherbezeichnet";"A562"
303;"ChlamydieninfektiondesAnusunddesRektums";"A563"
304;"ChlamydieninfektiondesPharynx";"A564"
305;"DurchGeschlechtsverkehrübertrageneChlamydieninfektionansonstigenLokalisationen";"A568"
306;"Ulcusmolle(venereum),WeicherSchanker";"A57"
307;"Granulomavenereum(inguinale)";"A58"
309;"Trichomoniasisurogenitalis";"A590"
310;"SonstigeLokalisationenderTrichomoniasis";"A598"
311;"Trichomoniasis,nichtnäherbezeichnet";"A599"
313;"InfektionderGenitalorganeunddesUrogenitaltraktesdurchHerpesviren[Herpessimplex]";"A600"
314;"InfektionderPerianalhautunddesRektumsdurchHerpesviren[Herpessimplex]";"A601"
315;"InfektiondesAnogenitalbereichesdurchHerpesviren[Herpessimplex],nichtnäherbezeichnet";"A609"
317;"Anogenitale(venerische)Warzen";"A630"
318;"Sonstigenäherbezeichnete,vorwiegenddurchGeschlechtsverkehrübertrageneKrankheiten";"A638"
319;"DurchGeschlechtsverkehrübertrageneKrankheiten,nichtnäherbezeichnet,Geschlechtskrankheiteno.n.A.";"A64"
339;"DurchLäuseübertragenesRückfallfieber,RückfallfieberdurchBorreliarecurrentis";"A680"
340;"DurchZeckenübertragenesRückfallfieber,RückfallfieberdurchjedeandereBorrelienart,ausgenommendurchBorreliarecurrentis";"A681"
341;"Rückfallfieber,nichtnäherbezeichnet";"A689"
343;"Nekrotisierend-ulzeröseStomatitis,Cancrumoris,GangrändurchFusospirochäten,Noma,Stomatitisgangraenosa";"A690"
344;"SonstigeFusospirochätosen";"A691"
345;"Lyme-Krankheit,ErythemachronicummigransdurchBorreliaburgdorferi";"A692"
346;"SonstigenäherbezeichneteSpirochäteninfektionen";"A698"
347;"Spirochäteninfektion,nichtnäherbezeichnet";"A699"
348;"InfektionendurchChlamydiapsittaci,Ornithose,Papageienkrankheit,Psittakose";"A70"
352;"Trachom,nichtnäherbezeichnet";"A719"
354;"Chlamydienkonjunktivitis(H13.1*),Paratrachom";"A740"
355;"SonstigeChlamydienkrankheiten";"A748"
356;"Chlamydieninfektion,nichtnäherbezeichnet,Chlamydioseo.n.A.";"A749"
360;"FleckfieberdurchRickettsiatyphi[Rickettsiamooseri],MurinesFleckfieber(durchFlöheübertragen)";"A752"
362;"Fleckfieber,nichtnäherbezeichnet,Fleckfiebero.n.A.";"A759"
365;"ZeckenbißfieberdurchRickettsiaconori,AfrikanischesZeckenbißfieber,Boutonneuse-Fieber,IndischesZeckenbißfieber,Kenya-Fieber,Marseille-Fieber,Mittelmeer-Zeckenbißfieber";"A771"
368;"SonstigeZeckenbißfieber[Rickettsiosen,durchZeckenübertragen]";"A778"
369;"Zeckenbißfieber,nichtnäherbezeichnet,DurchZeckenübertrageneRickettsioseo.n.A.";"A779"
370;"Q-Fieber,Balkangrippe,InfektiondurchRickettsia(Coxiella)burneti,Query-Fieber";"A78"
373;"RickettsienpockendurchRickettsiaakari,Bläschenrickettsiose";"A791"
375;"Rickettsiose,nichtnäherbezeichnet,Rickettsien-Infektiono.n.A.";"A799"
380;"SonstigeundnichtnäherbezeichneteakuteparalytischePoliomyelitis";"A803"
382;"AkutePoliomyelitis,nichtnäherbezeichnet";"A809"
384;"Creutzfeldt-Jakob-Krankheit,SubakutespongioformeEnzephalopathie";"A810"
385;"SubakutesklerosierendePanenzephalitis,Einschlußkörperchenenzephalitis[Dawson],SklerosierendeLeukenzephalopathie[vanBogaert]";"A811"
386;"ProgressivemultifokaleLeukenzephalopathie,MultifokaleLeukenzephalopathieo.n.A.";"A812"
387;"SonstigeatypischeVirus-InfektionendesZentralnervensystems,Kuru";"A818"
388;"AtypischeVirus-InfektiondesZentralnervensystems,nichtnäherbezeichnet,Prion-KrankheitdesZentralnervensystemso.n.A.";"A819"
402;"Virusenzephalitis,durchMoskitosübertragen,nichtnäherbezeichnet";"A839"
404;"FernöstlicheEnzephalitis,durchZeckenübertragen[RussischeFrühsommer-Enzephalitis]";"A840"
405;"MitteleuropäischeEnzephalitis,durchZeckenübertragen,ZentraleuropäischeFrühsommer-Meningoenzephalitis[FSME]";"A841"
406;"SonstigeVirusenzephalitis,durchZeckenübertragen,Louping-ill-Krankheit[Spring-undDrehkrankheit],Powassan-Enzephalitis";"A848"
407;"Virusenzephalitis,durchZeckenübertragen,nichtnäherbezeichnet";"A849"
409;"EnzephalitisdurchEnteroviren(G05.1*),EnzephalomyelitisdurchEnteroviren";"A850"
410;"EnzephalitisdurchAdenoviren(G05.1*),MeningoenzephalitisdurchAdenoviren";"A851"
411;"Virusenzephalitis,durchArthropodenübertragen,nichtnäherbezeichnet";"A852"
412;"SonstigenäherbezeichneteVirusenzephalitis,Economo-Enzephalitis,Encephalitislethargicasiveepidemica";"A858"
413;"Virusenzephalitis,nichtnäherbezeichnet,Virusenzephalomyelitiso.n.A.,Virusmeningoenzephalitiso.n.A.";"A86"
415;"MeningitisdurchEnteroviren(G02.0*),MeningitisdurchCoxsackieviren,MeningitisdurchECHO-Viren";"A870"
416;"MeningitisdurchAdenoviren(G02.0*)";"A871"
417;"LymphozytäreChoriomeningitis,LymphozytäreMeningoenzephalitis";"A872"
418;"SonstigeVirusmeningitis";"A878"
419;"Virusmeningitis,nichtnäherbezeichnet";"A879"
421;"FieberundExanthemdurchEnteroviren[Boston-Exanthem]";"A880"
422;"EpidemischerSchwindel";"A881"
423;"SonstigenäherbezeichneteVirusinfektionendesZentralnervensystems";"A888"
424;"VirusinfektiondesZentralnervensystems,nichtnäherbezeichnet";"A89"
425;"Dengue-Fieber[KlassischeDengue]";"A90"
426;"HämorrhagischesDengue-Fieber";"A91"
428;"Chikungunya-Viruskrankheit,(Hämorrhagisches)Chikungunya-Fieber";"A920"
431;"West-Nil-Fieber";"A923"
437;"Pappataci-Fieber,Phlebotomus-Fieber,Sandfliegenfieber";"A931"
439;"Sonstigenäherbezeichnete,durchArthropodenübertrageneViruskrankheiten,Piry-Fieber,Stomatitis-vesicularis-Viruskrankheit[Indiana-Fieber]";"A938"
446;"HämorrhagischesFieberdurchJunin-Viren,ArgentinischeshämorrhagischesFieber";"A960"
448;"Lassa-Fieber,HämorrhagischesFieberdurchLassa-Viren";"A962"
450;"HämorrhagischesFieberdurchArenaviren,nichtnäherbezeichnet";"A969"
14714;"DengueohneWarnzeichen";"A970"
14747;"DenguemitWarnzeichen";"A971"
14749;"SchweresDengue";"A972"
14715;"Dengue,nichtnäherbezeichnet";"A979"
456;"Ebola-Viruskrankheit";"A984"
457;"HämorrhagischesFiebermitrenalemSyndrom,EpidemischeNephropathie,HämorrhagischesFieber:epidemisch,koreanisch,russisch/InfektiondurchHantan-Viren";"A985"
458;"SonstigenäherbezeichnetehämorrhagischeViruskrankheiten";"A988"
459;"NichtnäherbezeichnetehämorrhagischeViruskrankheit";"A99"
461;"EkzemaherpeticatumKaposi,VarizelliformeEruptionKaposi";"B000"
462;"DermatitisvesicularisdurchHerpesviren,Dermatitisvesicularis:Lippe,Ohr/durchhumanes(Alpha-)Herpes-Virus,Typ2[HSV-2]/durchHerpessimplex:facialis,labialis";"B001"
463;"GingivostomatitisherpeticaundPharyngotonsillitisherpetica,PharyngitisdurchHerpesviren";"B002"
464;"MeningitisdurchHerpesviren(G02.0*)[Herpessimplex]";"B003"
465;"EnzephalitisdurchHerpesviren(G05.1*)[Herpessimplex],EnzephalitisundEnzephalomyelitisdurchHerpes-simiae-Virus,MeningoenzephalitisdurchHerpesviren";"B004"
466;"AugenkrankheitdurchHerpesviren[Herpessimplex]";"B005"
467;"DisseminierteHerpesvirus-Krankheit[Herpessimplex],SepsisdurchHerpesviren";"B007"
468;"SonstigeInfektionsformendurchHerpesviren[Herpessimplex],PanaritiumdurchHerpesviren";"B008"
469;"InfektiondurchHerpesviren[Herpessimplex],nichtnäherbezeichnet,InfektiondurchHerpes-simplex-Viruso.n.A.";"B009"
471;"Varizellen-Meningitis(G02.0*)";"B010"
472;"Varizellen-Enzephalitis(G05.1*),EnzephalitisnachVarizelleninfektion,Varizellen-Enzephalomyelitis";"B011"
473;"Varizellen-Pneumonie(J17.1*)";"B012"
474;"VarizellenmitsonstigenKomplikationen";"B018"
475;"VarizellenohneKomplikation,Varizelleno.n.A.";"B019"
477;"Zoster-Enzephalitis(G05.1*),Zoster-Meningoenzephalitis";"B020"
478;"Zoster-Meningitis(G02.0*)";"B021"
479;"Zoster[Herpeszoster]mitBeteiligungandererAbschnittedesNervensystems";"B022"
480;"Zosterophthalmicus";"B023"
481;"Zostergeneralisatus[Herpeszoster]";"B027"
482;"Zoster[Herpeszoster]mitsonstigenKomplikationen";"B028"
483;"Zoster[Herpeszoster]ohneKomplikation,Zostero.n.A.";"B029"
487;"Masern,kompliziertdurchEnzephalitis(G05.1*),EnzephalitisbeiMasern";"B050"
489;"Masern,kompliziertdurchPneumonie(J17.1*),PneumoniebeiMasern";"B052"
490;"Masern,kompliziertdurchOtitismedia(H67.1*),OtitismediabeiMasern";"B053"
491;"MasernmitDarmkomplikationen";"B054"
492;"MasernmitsonstigenKomplikationen";"B058"
493;"MasernohneKomplikation,Maserno.n.A.";"B059"
495;"RötelnmitneurologischenKomplikationen";"B060"
496;"RötelnmitsonstigenKomplikationen";"B068"
497;"RötelnohneKomplikation,Rötelno.n.A.";"B069"
498;"Viruswarzen,Verruca:simplex,vulgaris";"B07"
500;"SonstigeInfektionendurchOrthopoxviren,InfektiondurchVacciniavirus,Kuhpocken,Orfvirus-Krankheit[Schafpocken],Pseudokuhpocken[Melkerknoten]";"B080"
501;"Molluscumcontagiosum";"B081"
502;"Exanthemasubitum[SechsteKrankheit],Dreitagefieber-Exanthem";"B082"
503;"Erythemainfectiosum[FünfteKrankheit],Ringelröteln";"B083"
504;"VesikuläreStomatitismitExanthemdurchEnteroviren,Hand-,Fuß-undMundexanthem";"B084"
505;"VesikulärePharyngitisdurchEnteroviren,Herpangina";"B085"
506;"SonstigenäherbezeichneteVirusinfektionen,diedurchHaut-undSchleimhautläsionengekennzeichnetsind,LymphonodulärePharyngitisdurchEnteroviren,Maul-undKlauenseuche,Tanapocken,Yabapocken";"B088"
507;"NichtnäherbezeichneteVirusinfektion,diedurchHaut-undSchleimhautläsionengekennzeichnetist,Enanthemo.n.A.,Exanthemo.n.A.durchViren";"B09"
509;"VirushepatitisAmitComahepaticum";"B150"
510;"VirushepatitisAohneComahepaticum,HepatitisA(akut)(durchViren)o.n.A.";"B159"
512;"AkuteVirushepatitisBmitDelta-Virus(Begleitinfektion)undmitComahepaticum";"B160"
513;"AkuteVirushepatitisBmitDelta-Virus(Begleitinfektion)ohneComahepaticum";"B161"
514;"AkuteVirushepatitisBohneDelta-VirusmitComahepaticum";"B162"
515;"AkuteVirushepatitisBohneDelta-VirusundohneComahepaticum,HepatitisB(akut)(durchViren)o.n.A.";"B169"
517;"AkuteDelta-Virus-(Super-)InfektioneinesHepatitis-B-(Virus-)Trägers";"B170"
518;"AkuteVirushepatitisC";"B171"
519;"AkuteVirushepatitisE";"B172"
520;"SonstigenäherbezeichneteakuteVirushepatitis,HepatitisNon-A,Non-B(akut)(durchViren),anderenortsnichtklassifiziert";"B178"
14426;"AkuteVirushepatitis,nichtnäherbezeichnet";"B179"
522;"ChronischeVirushepatitisBmitDelta-Virus";"B180"
523;"ChronischeVirushepatitisBohneDelta-Virus,Chronische(Virus-)HepatitisB";"B181"
524;"ChronischeVirushepatitisC";"B182"
525;"SonstigechronischeVirushepatitis";"B188"
526;"ChronischeVirushepatitis,nichtnäherbezeichnet";"B189"
528;"NichtnäherbezeichneteVirushepatitismitKoma";"B190"
529;"NichtnäherbezeichneteVirushepatitisohneKoma,Virushepatitiso.n.A.";"B199"
531;"MykobakterielleInfektioneninfolgeHIV-Krankheit,TuberkuloseinfolgeHIV-Krankheit";"B200"
532;"SonstigebakterielleInfektioneninfolgeHIV-Krankheit";"B201"
533;"ZytomegalieinfolgeHIV-Krankheit";"B202"
534;"SonstigeVirusinfektioneninfolgeHIV-Krankheit";"B203"
535;"KandidoseinfolgeHIV-Krankheit";"B204"
536;"SonstigeMykoseninfolgeHIV-Krankheit";"B205"
537;"Pneumocystis-PneumonieinfolgeHIV-Krankheit";"B206"
538;"MehrereInfektioneninfolgeHIV-Krankheit";"B207"
539;"SonstigeinfektiöseundparasitäreKrankheiteninfolgeHIV-Krankheit";"B208"
540;"NichtnäherbezeichneteinfektiöseoderparasitäreKrankheitinfolgeHIV-Krankheit,Infektiono.n.A.infolgeHIV-Krankheit";"B209"
542;"Kaposi-SarkominfolgeHIV-Krankheit";"B210"
543;"Burkitt-LymphominfolgeHIV-Krankheit";"B211"
544;"SonstigeTypendesNon-Hodgkin-LymphomsinfolgeHIV-Krankheit";"B212"
545;"SonstigebösartigeNeubildungendeslymphatischen,blutbildendenundverwandtenGewebesinfolgeHIV-Krankheit";"B213"
546;"MehrerebösartigeNeubildungeninfolgeHIV-Krankheit";"B217"
547;"SonstigebösartigeNeubildungeninfolgeHIV-Krankheit";"B218"
548;"NichtnäherbezeichnetebösartigeNeubildungeninfolgeHIV-Krankheit";"B219"
550;"EnzephalopathieinfolgeHIV-Krankheit,DemenzbeiHIV-Krankheit";"B220"
551;"InterstitiellelymphoidePneumonieinfolgeHIV-Krankheit";"B221"
552;"Kachexie-SyndrominfolgeHIV-Krankheit,GedeihstörunginfolgeHIV-Krankheit,Slimdisease,Wastingsyndrome";"B222"
553;"MehrereanderenortsklassifizierteKrankheiteninfolgeHIV-Krankheit";"B227"
555;"AkutesHIV-Infektionssyndrom";"B230"
556;"(Persistierende)generalisierteLymphadenopathieinfolgeHIV-Krankheit";"B231"
557;"Blut-undImmunanomalieninfolgeHIV-Krankheit,anderenortsnichtklassifiziert";"B232"
558;"SonstigenäherbezeichneteKrankheitszuständeinfolgeHIV-Krankheit";"B238"
559;"NichtnäherbezeichneteHIV-Krankheit[HumaneImmundefizienz-Viruskrankheit],AIDS-relatedcomplex[ARC]o.n.A.,ErworbenesImmundefektsyndrom[AIDS]o.n.A.";"B24"
561;"PneumoniedurchZytomegalieviren(J17.1*)";"B250"
562;"HepatitisdurchZytomegalieviren(K77.0*)";"B251"
563;"PankreatitisdurchZytomegalieviren(K87.1*)";"B252"
564;"SonstigeZytomegalie";"B258"
565;"Zytomegalie,nichtnäherbezeichnet";"B259"
567;"Mumps-Orchitis(N51.1*)";"B260"
568;"Mumps-Meningitis(G02.0*)";"B261"
569;"Mumps-Enzephalitis(G05.1*)";"B262"
570;"Mumps-Pankreatitis(K87.1*)";"B263"
571;"MumpsmitsonstigenKomplikationen";"B268"
572;"MumpsohneKomplikation,Mumpso.n.A.,Mumps-Parotitiso.n.A.";"B269"
574;"MononukleosedurchGamma-Herpesviren,MononukleosedurchEpstein-Barr-Viren";"B270"
575;"MononukleosedurchZytomegalieviren";"B271"
576;"SonstigeinfektiöseMononukleose";"B278"
577;"InfektiöseMononukleose,nichtnäherbezeichnet";"B279"
579;"KeratokonjunktivitisdurchAdenoviren(H19.2*),Keratoconjunctivitisepidemica";"B300"
580;"KonjunktivitisdurchAdenoviren(H13.1*),AkutefollikuläreKonjunktivitisdurchAdenoviren,Schwimmbadkonjunktivitis";"B301"
581;"Pharyngokonjunktivalfieber(durchViren)";"B302"
582;"AkuteepidemischehämorrhagischeKonjunktivitis(durchEnteroviren)(H13.1*),HämorrhagischeKonjunktivitis(akut)(epidemisch),Konjunktivitisdurch:CoxsackievirusA24,Enterovirus70";"B303"
583;"SonstigeKonjunktivitisdurchViren(H13.1*),Newcastle-Keratokonjunktivitis";"B308"
584;"KonjunktivitisdurchViren,nichtnäherbezeichnet";"B309"
586;"Pleurodyniaepidemica,BornholmerKrankheit,Myalgiaepidemica";"B330"
587;"Ross-River-Krankheit,EpidemischePolyarthritisundExanthem,Ross-River-Fieber";"B331"
588;"KarditisdurchViren";"B332"
589;"InfektiondurchRetroviren,anderenortsnichtklassifiziert,InfektiondurchRetrovireno.n.A.";"B333"
14427;"Hantavirus-(Herz-)Lungensyndrom(J17.1*)";"B334"
590;"SonstigenäherbezeichneteViruskrankheiten";"B338"
592;"InfektiondurchAdenoviren,nichtnäherbezeichnet";"B340"
593;"InfektiondurchEnteroviren,nichtnäherbezeichnet,InfektiondurchCoxsackievireno.n.A.,InfektiondurchECHO-Vireno.n.A.";"B341"
594;"InfektiondurchKoronaviren,nichtnäherbezeichnet";"B342"
595;"InfektiondurchParvoviren,nichtnäherbezeichnet";"B343"
596;"InfektiondurchPapovaviren,nichtnäherbezeichnet";"B344"
597;"SonstigeVirusinfektionennichtnäherbezeichneterLokalisation";"B348"
598;"Virusinfektion,nichtnäherbezeichnet,Virämieo.n.A.";"B349"
600;"TineabarbaeundTineacapitis,Bartmykose,Kerion,Kopfmykose,MykotischeSykose";"B350"
601;"Tineaunguium,DermatophytosederNägel,MykosederNägel,OnychiadurchDermatophyten,Onychomykose";"B351"
602;"Tineamanuum,DermatophytosederHände,MykosederHände";"B352"
603;"Tineapedis,DermatophytosederFüße,Fußpilz,MykosederFüße";"B353"
604;"Tineacorporis,DermatomykosedesKörpers";"B354"
605;"Tineaimbricata,Tokelau";"B355"
606;"Tineacruris,Dhobieitch,IndischeWäscherflechte,Jockitch,MykosederLeistenbeuge";"B356"
607;"SonstigeDermatophytosen,DisseminierteDermatophytose,GranulomatöseDermatophytose";"B358"
608;"Dermatophytose,nichtnäherbezeichnet,Tineao.n.A.";"B359"
610;"Pityriasisversicolor,Tinea:flava,versicolor";"B360"
611;"Tineanigra,Keratomycosisnigricanspalmaris,Microsporosisnigra,Pityriasisnigra";"B361"
614;"SonstigenäherbezeichneteoberflächlicheMykosen";"B368"
615;"OberflächlicheMykose,nichtnäherbezeichnet";"B369"
617;"Candida-Stomatitis,Mundsoor";"B370"
618;"KandidosederLunge";"B371"
619;"KandidosederHautundderNägel,Onychomykose,ParonychiedurchCandida";"B372"
620;"KandidosederVulvaundderVagina(N77.1*),Vaginalsoor,Vulvovaginitiscandidomycetica,VulvovaginitisdurchCandida";"B373"
621;"KandidoseansonstigenLokalisationendesUrogenitalsystems";"B374"
622;"Candida-Meningitis(G02.1*)";"B375"
623;"Candida-Endokarditis(I39.8*)";"B376"
624;"Candida-Sepsis";"B377"
625;"KandidoseansonstigenLokalisationen,Cheilitis,Enteritis,durchCandida";"B378"
626;"Kandidose,nichtnäherbezeichnet,Sooro.n.A.";"B379"
628;"AkuteKokzidioidomykosederLunge";"B380"
629;"ChronischeKokzidioidomykosederLunge";"B381"
630;"KokzidioidomykosederLunge,nichtnäherbezeichnet";"B382"
631;"KokzidioidomykosederHaut";"B383"
634;"SonstigeFormenderKokzidioidomykose";"B388"
635;"Kokzidioidomykose,nichtnäherbezeichnet";"B389"
637;"AkuteHistoplasmosederLungedurchHistoplasmacapsulatum";"B390"
638;"ChronischeHistoplasmosederLungedurchHistoplasmacapsulatum";"B391"
639;"HistoplasmosederLungedurchHistoplasmacapsulatum,nichtnäherbezeichnet";"B392"
640;"DisseminierteHistoplasmosedurchHistoplasmacapsulatum,GeneralisierteHistoplasmosedurchHistoplasmacapsulatum";"B393"
641;"HistoplasmosedurchHistoplasmacapsulatum,nichtnäherbezeichnet,AmerikanischeHistoplasmose";"B394"
643;"Histoplasmose,nichtnäherbezeichnet";"B399"
648;"BlastomykosederHaut";"B403"
649;"DisseminierteBlastomykose,GeneralisierteBlastomykose";"B407"
650;"SonstigeFormenderBlastomykose";"B408"
656;"Parakokzidioidomykose,nichtnäherbezeichnet";"B419"
658;"SporotrichosederLunge(J99.8*)";"B420"
662;"Sporotrichose,nichtnäherbezeichnet";"B429"
664;"ChromomykosederHaut,Dermatitisverrucosa";"B430"
665;"ChromomykotischerAbszeßdesGehirns,ChromomykosedesGehirns";"B431"
666;"Chromomykotische(r)AbszeßundZystederUnterhaut";"B432"
668;"Chromomykose,nichtnäherbezeichnet";"B439"
670;"InvasiveAspergillosederLunge";"B440"
671;"SonstigeAspergillosederLunge";"B441"
672;"AspergillosederTonsillen";"B442"
673;"DisseminierteAspergillose,GeneralisierteAspergillose";"B447"
674;"SonstigeFormenderAspergillose";"B448"
675;"Aspergillose,nichtnäherbezeichnet";"B449"
677;"KryptokokkosederLunge";"B450"
678;"KryptokokkosedesGehirns,KryptokokkosederHirnhäuteunddesGehirns";"B451"
680;"KryptokokkosederKnochen";"B453"
681;"DisseminierteKryptokokkose,GeneralisierteKryptokokkose";"B457"
682;"SonstigeFormenderKryptokokkose";"B458"
683;"Kryptokokkose,nichtnäherbezeichnet";"B459"
685;"MukormykosederLunge";"B460"
686;"RhinozerebraleMukormykose";"B461"
687;"MukormykosedesMagen-Darmtraktes";"B462"
688;"MukormykosederHaut,MukormykosederUnterhaut";"B463"
689;"DisseminierteMukormykose,GeneralisierteMukormykose";"B464"
690;"Mukormykose,nichtnäherbezeichnet";"B465"
691;"SonstigeFormenderZygomykose,Entomophthoramykose";"B468"
695;"Aktinomyzetom";"B471"
696;"Myzetom,nichtnäherbezeichnet,Madurafußo.n.A.";"B479"
698;"Lobomykose,Keloid-Blastomykose";"B480"
699;"Rhinosporidiose";"B481"
700;"Allescheriose,InfektiondurchPseudallescheriaboydii";"B482"
701;"Geotrichose,StomatitisdurchGeotricha";"B483"
703;"Mykosendurchopportunistisch-pathogenePilze,MykosendurchPilzegeringerVirulenz,dieeineInfektionnurdannhervorrufenkönnen,wennbestimmteVoraussetzungengegebensind";"B487"
704;"SonstigenäherbezeichneteMykosen,Adiaspiromykose";"B488"
705;"NichtnäherbezeichneteMykose,Fungämieo.n.A.";"B49"
707;"MalariatropicamitzerebralenKomplikationen,ZerebraleMalariao.n.A.";"B500"
708;"SonstigeschwereFormenoderKomplikationenderMalariatropica,SchwereFormenoderKomplikationenderMalariatropicao.n.A.";"B508"
709;"Malariatropica,nichtnäherbezeichnet";"B509"
712;"MalariatertianamitsonstigenKomplikationen";"B518"
713;"MalariatertianaohneKomplikation,Malariatertianao.n.A.";"B519"
715;"MalariaquartanamitNephropathie";"B520"
716;"MalariaquartanamitsonstigenKomplikationen";"B528"
717;"MalariaquartanaohneKomplikation,Malariaquartanao.n.A.";"B529"
719;"MalariadurchPlasmodiumovale";"B530"
720;"MalariadurchAffen-Plasmodien";"B531"
721;"SonstigeparasitologischbestätigteMalaria,anderenortsnichtklassifiziert,ParasitologischbestätigteMalariao.n.A.";"B538"
722;"Malaria,nichtnäherbezeichnet,KlinischdiagnostizierteMalariaohneparasitologischeBestätigung";"B54"
724;"ViszeraleLeishmaniose,HautbefallnachKala-Azar,Kala-Azar";"B550"
725;"KutaneLeishmaniose,Orientbeule";"B551"
726;"MukokutaneLeishmaniose,Espundia";"B552"
727;"Leishmaniose,nichtnäherbezeichnet";"B559"
729;"Trypanosomiasisgambiensis,InfektiondurchTrypanosomabruceigambiense,WestafrikanischeSchlafkrankheit";"B560"
731;"AfrikanischeTrypanosomiasis,nichtnäherbezeichnet,Schlafkrankheito.n.A.,Trypanosomiasiso.n.A.,inOrten,indenenafrikanischeTrypanosomiasishäufigvorkommt";"B569"
740;"AugenerkrankungdurchToxoplasmen";"B580"
741;"HepatitisdurchToxoplasmen(K77.0*)";"B581"
742;"MeningoenzephalitisdurchToxoplasmen(G05.2*)";"B582"
743;"ToxoplasmosederLunge(J17.3*)";"B583"
744;"ToxoplasmosenmitBeteiligungsonstigerOrgane";"B588"
745;"Toxoplasmose,nichtnäherbezeichnet";"B589"
746;"Pneumozystose.PlasmazelluläreinterstitiellePneumonie,PneumoniedurchPneumocystiscarinii";"B59"
748;"Babesiose,Piroplasmose";"B600"
749;"Akanthamöbiasis";"B601"
751;"SonstigenäherbezeichneteProtozoenkrankheiten,Mikrosporidiose";"B608"
752;"NichtnäherbezeichneteProtozoenkrankheit";"B64"
754;"SchistosomiasisdurchSchistosomahaematobium[Blasenbilharziose],Schistosomiasisurogenitalis";"B650"
755;"SchistosomiasisdurchSchistosomamansoni[Darmbilharziose],Schistosomiasisintestinalis";"B651"
757;"Zerkariendermatitis,Schistosomendermatitis";"B653"
758;"SonstigeFormenderSchistosomiasis,InfektiondurchSchistosoma:intercalatum,mattheei,mekongi";"B658"
759;"Schistosomiasis,nichtnäherbezeichnet";"B659"
762;"Clonorchiasis,ChinesischeLeberegel-Krankheit,InfektiondurchClonorchissinensis,OrientalischeLeberegel-Krankheit";"B661"
764;"Fascioliasis,InfektiondurchFasciola:gigantica,hepatica,indica/Leberegel-Krankheit/Schafleberegel-Krankheit";"B663"
765;"Paragonimiasis,InfektiondurchParagonimus-Arten,Lungenegel-Krankheit,PulmonaleDistomatose";"B664"
767;"BefalldurchsonstigenäherbezeichneteTrematoden,Echinostomiasis,Heterophyiasis,Metagonimiasis,Nanophyetiasis,Watsoniasis";"B668"
768;"Trematodenbefall,nichtnäherbezeichnet";"B669"
770;"Echinococcus-granulosus-Infektion[zystischeEchinokokkose]derLeber";"B670"
771;"Echinococcus-granulosus-Infektion[zystischeEchinokokkose]derLunge";"B671"
772;"Echinococcus-granulosus-Infektion[zystischeEchinokokkose]derKnochen";"B672"
773;"Echinococcus-granulosus-Infektion[zystischeEchinokokkose]anmehrerenundsonstigenLokalisationen";"B673"
774;"Echinococcus-granulosus-Infektion[zystischeEchinokokkose],nichtnäherbezeichnet";"B674"
775;"Echinococcus-multilocularis-Infektion[alveoläreEchinokokkose]derLeber";"B675"
776;"Echinococcus-multilocularis-Infektion[alveoläreEchinokokkose]anmehrerenundsonstigenLokalisationen";"B676"
777;"Echinococcus-multilocularis-Infektion[alveoläreEchinokokkose],nichtnäherbezeichnet";"B677"
778;"NichtnäherbezeichneteEchinokokkosederLeber";"B678"
779;"SonstigeundnichtnäherbezeichneteEchinokokkose,Echinokokkoseo.n.A.";"B679"
781;"BefalldurchTaeniasolium,Schweinebandwurm(Infektion)";"B680"
782;"BefalldurchTaeniasaginata,InfektiondurchBandwurmTaeniasaginata(adult),Rinderbandwurm(Infektion)";"B681"
783;"Taeniasis,nichtnäherbezeichnet";"B689"
785;"ZystizerkosedesZentralnervensystems";"B690"
788;"Zystizerkose,nichtnäherbezeichnet";"B699"
790;"Diphyllobothriose,Fischbandwurm(Infektion),InfektiondurchadulteFormvonDiphyllobothrium(latum)(pacificum)";"B700"
791;"Sparganose,BefalldurchDiphyllobothrium-Larven,Infektiondurch:Sparganum(mansoni)(proliferum),Spirometra-Larven,Spirometrosis";"B701"
793;"Hymenolepiasis,Rattenbandwurm(Infektion),Zwergbandwurm(Infektion)";"B710"
794;"Dipylidiose,Dipylidiasis,Hundebandwurm(Infektion)";"B711"
795;"SonstigenäherbezeichneteZestodeninfektionen,Coenurosis";"B718"
796;"Zestodeninfektion,nichtnäherbezeichnet,Bandwurm(Infektion)o.n.A.";"B719"
798;"Onchozerkose,Flußblindheit,Onchocerca-volvulus-Infektion,Onchozerkiasis";"B73"
801;"FilariosedurchBrugiamalayi";"B741"
807;"Trichinellose,InfektiondurchTrichinella-Arten,Trichinose";"B75"
809;"Ankylostomiasis,InfektiondurchAncylostoma-Arten";"B760"
811;"SonstigeHakenwurm-Krankheiten";"B768"
812;"Hakenwurm-Krankheit,nichtnäherbezeichnet,Larvamigranscutaneao.n.A.";"B769"
814;"AskaridosemitintestinalenKomplikationen";"B770"
815;"AskaridosemitsonstigenKomplikationen";"B778"
816;"Askaridose,nichtnäherbezeichnet";"B779"
818;"StrongyloidiasisdesDarmes";"B780"
821;"Strongyloidiasis,nichtnäherbezeichnet";"B789"
822;"Trichuriasis,Peitschenwurm(Krankheit)(Infektion),Trichocephaliasis";"B79"
823;"Enterobiasis,Fadenwurm-Infektion,Madenwurm-Infektion,Oxyuriasis";"B80"
825;"Anisakiasis,InfektiondurchAnisakis-Larven";"B810"
828;"IntestinaleAngiostrongyliasis,AngiostrongyliasisdurchParastrongyluscostaricensis";"B813"
829;"MischformenintestinalerHelminthosen,Helminthose-Mischformeno.n.A.,InfektiondurchmehralseinederunterB65.0-B81.3undB81.8klassifizierbarenintestinalenHelminthenarten";"B814"
830;"SonstigenäherbezeichneteintestinaleHelminthosen,Infektiondurch:Oesophagostomum-Arten[Oesophagostomiasis],Ternidensdeminutus[Ternidensiasis]";"B818"
832;"IntestinaleHelminthose,nichtnäherbezeichnet";"B820"
833;"IntestinalerParasitismus,nichtnäherbezeichnet";"B829"
835;"Larvamigransvisceralis,Toxokariasis";"B830"
837;"AngiostrongyliasisdurchParastrongyluscantonensis,EosinophileMeningoenzephalitis+(G05.2*)";"B832"
840;"SonstigenäherbezeichneteHelminthosen,Akanthozephaliasis,Gongylonemiasis,KapillariasisderLeber,Metastrongyliasis,Thelaziasis";"B838"
841;"Helminthose,nichtnäherbezeichnet,Würmero.n.A.";"B839"
843;"PedikulosedurchPediculushumanuscapitis,Kopflausbefall";"B850"
844;"PedikulosedurchPediculushumanuscorporis,Kleiderlausbefall";"B851"
845;"Pedikulose,nichtnäherbezeichnet";"B852"
846;"Phthiriasis[Filzläusebefall],Befalldurch:Filzläuse,Phthiruspubis";"B853"
847;"MischformenvonPedikuloseundPhthiriasis,BefalldurchmehralseinederunterB85.0-B85.3klassifizierbarenArten";"B854"
848;"Skabies,Krätze";"B86"
850;"Dermatomyiasis,Hautmadenfraß";"B870"
851;"Wundmyiasis,Hautmyiasis,traumatisch";"B871"
852;"Ophthalmomyiasis";"B872"
853;"NasopharyngealeMyiasis,LaryngealeMyiasis";"B873"
855;"MyiasisansonstigenLokalisationen,Enteromyiasis,Urogenitalmyiasis";"B878"
856;"Myiasis,nichtnäherbezeichnet";"B879"
858;"SonstigeAkarinose[Milbenbefall],Dermatitisdurch:Demodex-Arten,Dermanyssusgallinae,Liponyssoidessanguineus,Milben-Dermatitis,Trombikulose";"B880"
859;"Tungiasis[Sandflohbefall]";"B881"
860;"SonstigerBefalldurchArthropoden,Skarabiasis";"B882"
861;"Hirudiniasisexterna,Blutegelbefallo.n.A.";"B883"
862;"SonstigernäherbezeichneterParasitenbefallderHaut,FischparasitenbefalldurchVandelliacirrhosa,Linguatulose,Porozephalose";"B888"
863;"ParasitenbefallderHaut,nichtnäherbezeichnet,Befallo.n.A.durchMilben,Hautparasiteno.n.A.";"B889"
864;"NichtnäherbezeichneteparasitäreKrankheit";"B89"
866;"FolgezuständeeinerTuberkulosedesZentralnervensystems";"B900"
867;"FolgezuständeeinerTuberkulosedesUrogenitalsystems";"B901"
868;"FolgezuständeeinerTuberkulosederKnochenundderGelenke";"B902"
869;"FolgezuständeeinerTuberkulosesonstigerOrgane";"B908"
870;"FolgezuständeeinerTuberkulosederAtmungsorganeundeinernichtnäherbezeichnetenTuberkulose,FolgezuständeeinerTuberkuloseo.n.A.";"B909"
871;"FolgezuständederPoliomyelitis";"B91"
872;"FolgezuständederLepra";"B92"
874;"FolgezuständedesTrachoms";"B940"
875;"FolgezuständederVirusenzephalitis";"B941"
876;"FolgezuständederVirushepatitis";"B942"
877;"FolgezuständesonstigernäherbezeichneterinfektiöserundparasitärerKrankheiten";"B948"
878;"FolgezuständenichtnäherbezeichneterinfektiöseroderparasitärerKrankheit";"B949"
880;"Streptokokken,GruppeA,alsUrsachevonKrankheiten,dieinanderenKapitelnklassifiziertsind";"B950"
881;"Streptokokken,GruppeB,alsUrsachevonKrankheiten,dieinanderenKapitelnklassifiziertsind";"B951"
882;"Streptokokken,GruppeD,alsUrsachevonKrankheiten,dieinanderenKapitelnklassifiziertsind";"B952"
883;"StreptococcuspneumoniaealsUrsachevonKrankheiten,dieinanderenKapitelnklassifiziertsind";"B953"
884;"SonstigeStreptokokkenalsUrsachevonKrankheiten,dieinanderenKapitelnklassifiziertsind";"B954"
885;"NichtnäherbezeichneteStreptokokkenalsUrsachevonKrankheiten,dieinanderenKapitelnklassifiziertsind";"B955"
886;"StaphylococcusaureusalsUrsachevonKrankheiten,dieinanderenKapitelnklassifiziertsind";"B956"
887;"SonstigeStaphylokokkenalsUrsachevonKrankheiten,dieinanderenKapitelnklassifiziertsind";"B957"
888;"NichtnäherbezeichneteStaphylokokkenalsUrsachevonKrankheiten,dieinanderenKapitelnklassifiziertsind";"B958"
890;"Mycoplasmapneumoniae[M.pneumoniae]alsUrsachevonKrankheiten,dieinanderenKapitelnklassifiziertsind,Pleuropneumonia-like-organism[PPLO]";"B960"
891;"Klebsiellapneumoniae[K.pneumoniae]alsUrsachevonKrankheiten,dieinanderenKapitelnklassifiziertsind";"B961"
892;"Escherichiacoli[E.coli]alsUrsachevonKrankheiten,dieinanderenKapitelnklassifiziertsind";"B962"
893;"Haemophilusinfluenzae[H.influenzae]alsUrsachevonKrankheiten,dieinanderenKapitelnklassifiziertsind";"B963"
894;"Proteus(mirabilis)(morganii)alsUrsachevonKrankheiten,dieinanderenKapitelnklassifiziertsind";"B964"
895;"Pseudomonas(aeruginosa)(mallei)(pseudomallei)alsUrsachevonKrankheiten,dieinanderenKapitelnklassifiziertsind";"B965"
896;"Bacillusfragilis[B.fragilis]alsUrsachevonKrankheiten,dieinanderenKapitelnklassifiziertsind";"B966"
897;"Clostridiumperfringens[C.perfringens]alsUrsachevonKrankheiten,dieinanderenKapitelnklassifiziertsind";"B967"
898;"SonstigenäherbezeichneteBakterienalsUrsachevonKrankheiten,dieinanderenKapitelnklassifiziertsind";"B968"
900;"AdenovirenalsUrsachevonKrankheiten,dieinanderenKapitelnklassifiziertsind";"B970"
901;"EnterovirenalsUrsachevonKrankheiten,dieinanderenKapitelnklassifiziertsind,Coxsackieviren,ECHO-Viren";"B971"
902;"KoronavirenalsUrsachevonKrankheiten,dieinanderenKapitelnklassifiziertsind";"B972"
903;"RetrovirenalsUrsachevonKrankheiten,dieinanderenKapitelnklassifiziertsind,Lentiviren,Onkoviren";"B973"
904;"Respiratory-Syncytial-Viren[RS-Viren]alsUrsachevonKrankheiten,dieinanderenKapitelnklassifiziertsind";"B974"
905;"ReovirenalsUrsachevonKrankheiten,dieinanderenKapitelnklassifiziertsind";"B975"
906;"ParvovirenalsUrsachevonKrankheiten,dieinanderenKapitelnklassifiziertsind";"B976"
907;"PapillomavirenalsUrsachevonKrankheiten,dieinanderenKapitelnklassifiziertsind";"B977"
908;"SonstigeVirenalsUrsachevonKrankheiten,dieinanderenKapitelnklassifiziertsind";"B978"
14428;"Helicobacterpylori[H.pylori]alsUrsachevonKrankheiten,dieinanderenKapitelnklassifiziertsind";"B980"
909;"SonstigeundnichtnäherbezeichneteInfektionskrankheiten";"B99"
911;"BösartigeNeubildung-ÄußereOberlippe,Oberlippe:Lippenrot,Lippenrotgrenze,o.n.A.";"C000"
912;"BösartigeNeubildung-ÄußereUnterlippe,Unterlippe:Lippenrot,Lippenrotgrenze,o.n.A.";"C001"
913;"BösartigeNeubildung-ÄußereLippe,nichtnäherbezeichnet.Lippenrotgrenzeo.n.A.";"C002"
914;"BösartigeNeubildung-Oberlippe,Innenseite,Oberlippe:Frenulum,Mundhöhlenseite,Schleimhaut,Wangenseite";"C003"
915;"BösartigeNeubildung-Unterlippe,Innenseite,Unterlippe:Frenulum.Mundhöhlenseite,Schleimhaut,Wangenseite";"C004"
916;"BösartigeNeubildung-Lippe,nichtnäherbezeichnet,Innenseite:Lippe,ohneAngabe,obOberlippeoderUnterlippe:Frenulum,Mundhöhlenseite,Schleimhaut,Wangenseite";"C005"
917;"BösartigeNeubildung-Lippenkommissur,Mundwinkel";"C006"
918;"BösartigeNeubildung-Lippe,mehrereTeilbereicheüberlappend[SieheHinw.5-KapII:Fallsmehr.Teilber.betroffen,Ursprungsortunbest.u.Kombi.nichtangeführt,hiercodieren]";"C008"
919;"BösartigeNeubildung-Lippe,nichtnäherbezeichnet";"C009"
920;"BösartigeNeubildungdesZungengrundes,DorsalflächederZungenbasis,FixierterZungenteilo.n.A.,HinteresDrittelderZunge";"C01"
922;"BösartigeNeubildung-Zungenrücken,VorderezweiDrittelderZunge,Dorsalfläche";"C020"
923;"BösartigeNeubildung-Zungenrand,Zungenspitze";"C021"
924;"BösartigeNeubildung-Zungenunterfläche,Frenulumlinguae,VorderezweiDrittelderZunge,Ventralfläche";"C022"
925;"BösartigeNeubildung-VorderezweiDrittelderZunge,Bereichnichtnäherbezeichnet,BeweglicherZungenteilo.n.A.,MittleresDrittelderZungeo.n.A.";"C023"
926;"BösartigeNeubildung-Zungentonsille";"C024"
927;"BösartigeNeubildung-Zunge,mehrereTeilbereicheüberlappend[SieheHinw.5-KapII:Fallsmehr.Teilber.betroffen,Ursprungsortunbest.u.Kombi.nichtangeführt,hiercodieren]";"C028"
928;"BösartigeNeubildung-Zunge,nichtnäherbezeichnet";"C029"
930;"BösartigeNeubildung-Oberkieferzahnfleisch";"C030"
931;"BösartigeNeubildung-Unterkieferzahnfleisch";"C031"
932;"BösartigeNeubildung-Zahnfleisch,nichtnäherbezeichnet";"C039"
934;"BösartigeNeubildung-VordererTeildesMundbodens,vonvornbiszumPrämolar-Eckzahn-Übergang";"C040"
935;"BösartigeNeubildung-SeitlicherTeildesMundbodens";"C041"
936;"BösartigeNeubildung-Mundboden,mehrereTeilbereicheüberlappend[SieheHinw.5-KapII:Fallsmehr.Teilber.betroffen,Ursprungsortunbest.u.Kombi.nichtangeführt,hiercodieren]";"C048"
937;"BösartigeNeubildung-Mundboden,nichtnäherbezeichnet";"C049"
939;"BösartigeNeubildung-HarterGaumen";"C050"
940;"BösartigeNeubildung-WeicherGaumen";"C051"
941;"BösartigeNeubildung-Uvula";"C052"
942;"BösartigeNeubildung-Gaumen,mehrereTeilbereicheüberlappend[SieheHinw.5-KapII:Fallsmehr.Teilber.betroffen,Ursprungsortunbest.u.Kombi.nichtangeführt,hiercodieren]";"C058"
943;"BösartigeNeubildung-Gaumen,nichtnäherbezeichnet";"C059"
945;"BösartigeNeubildung-Wangenschleimhaut,Mundschleimhauto.n.A.,Wange,innere";"C060"
946;"BösartigeNeubildung-Vestibulumoris,Lippenumschlagsfalte(oben)(unten),Wangenumschlagsfalte(oben)(unten)";"C061"
947;"BösartigeNeubildung-Retromolarregion";"C062"
948;"BösartigeNeubildung-SonstigeundnichtnäherbezeichneteTeiledesMundes,mehrereTeilbereicheüberlappend[Hinw.5-KapII:Fallsmehr.Teilber.,Ursprungunbest.,Kombi.nichtangeführt,hiercodieren]";"C068"
949;"BösartigeNeubildung-Mund,nichtnäherbezeichnet,KleineSpeicheldrüse,nichtnäherbezeichneteLokalisation,Mundhöhleo.n.A.";"C069"
950;"BösartigeNeubildungderParotis";"C07"
952;"BösartigeNeubildung-Glandulasubmandibularis,Glandulasubmaxillaris";"C080"
953;"BösartigeNeubildung-Glandulasublingualis";"C081"
954;"BösartigeNeubildung-GroßeSpeicheldrüsen,mehrereTeilbereicheüberlappend[SieheHinw.5-KapII:Fallsmehr.Teilber.betroffen,Ursprungsortunbest.u.Kombi.nichtangeführt,hiercodieren]";"C088"
955;"BösartigeNeubildung-GroßeSpeicheldrüse,nichtnäherbezeichnet,Speicheldrüse(große)o.n.A.";"C089"
957;"BösartigeNeubildung-Fossatonsillaris";"C090"
958;"BösartigeNeubildung-Gaumenbogen(vorderer)(hinterer)";"C091"
959;"BösartigeNeubildung-Tonsille,mehrereTeilbereicheüberlappend[SieheHinw.5-KapII:Fallsmehr.Teilber.betroffen,Ursprungsortunbest.u.Kombi.nichtangeführt,hiercodieren]";"C098"
960;"BösartigeNeubildung-Tonsille,nichtnäherbezeichnet.Tonsille:Gaumen-,Schlund-,o.n.A.";"C099"
962;"BösartigeNeubildung-Valleculaepiglottica";"C100"
963;"BösartigeNeubildung-VorderflächederEpiglottis,Epiglottis,freierRand[Margo],Plica(e)glosso-epiglottica(e)";"C101"
964;"BösartigeNeubildung-SeitenwanddesOropharynx";"C102"
965;"BösartigeNeubildung-HinterwanddesOropharynx";"C103"
966;"BösartigeNeubildung-Kiemengang,BranchiogeneZyste[LokalisationderNeubildung]";"C104"
967;"BösartigeNeubildung-Oropharynx,mehrereTeilbereicheüberlappend[Hinw.5-KapII:Fallsmehr.Teilber.,Ursprungsortunbest.u.Kombi.nichtangeführt,hiercodieren]ÜbergangsregiondesOropharynx";"C108"
968;"BösartigeNeubildung-Oropharynx,nichtnäherbezeichnet";"C109"
970;"BösartigeNeubildung-ObereWanddesNasopharynx,DachdesNasopharynx";"C110"
971;"BösartigeNeubildung-HinterwanddesNasopharynx,Adenoide,Rachentonsille";"C111"
972;"BösartigeNeubildung-SeitenwanddesNasopharynx,PharyngealesTubenostium,Recessuspharyngeus,Rosenmüller-Grube";"C112"
973;"BösartigeNeubildung-VorderwanddesNasopharynx,BodendesNasopharynx,HinterranddesNasenseptumsundderChoanen,Nasopharyngeale(anteriore)(posteriore)FlächedesweichenGaumens";"C113"
974;"BösartigeNeubildung-Nasopharynx,mehrereTeilbereicheüberlappend[SieheHinw.5-KapII:Fallsmehr.Teilber.betroffen,Ursprungsortunbest.u.Kombi.nichtangeführt,hiercodieren]";"C118"
975;"BösartigeNeubildung-Nasopharynx,nichtnäherbezeichnet,WanddesNasopharynxo.n.A.";"C119"
976;"BösartigeNeubildungdesRecessuspiriformis,Fossapiriformis";"C12"
978;"BösartigeNeubildung-Regiopostcricoidea";"C130"
979;"BösartigeNeubildung-AryepiglottischeFalte,hypopharyngealeSeite,AryepiglottischeFalte:Randzone,o.n.A.";"C131"
980;"BösartigeNeubildung-HinterwanddesHypopharynx";"C132"
981;"BösartigeNeubildung-Hypopharynx,mehrereTeilbereicheüberlappend[SieheHinw.5-KapII:Fallsmehr.Teilber.betroffen,Ursprungsortunbest.u.Kombi.nichtangeführt,hiercodieren]";"C138"
982;"BösartigeNeubildung-Hypopharynx,nichtnäherbezeichnet,WanddesHypopharynxo.n.A.";"C139"
984;"BösartigeNeubildung-Pharynx,nichtnäherbezeichnet";"C140"
985;"BösartigeNeubildung-LymphatischerRachenring[Waldeyer]";"C142"
986;"BösartigeNeubildung-Lippe,MundhöhleundPharynx,mehrereTeilbereicheüberlappend[SieheHinw.5-KapII:Fallsmehr.Teilber.betroffen,Ursprungsortunbest.u.Kombi.nichtangeführt,hiercodieren]";"C148"
988;"BösartigeNeubildung-ZervikalerÖsophagus";"C150"
989;"BösartigeNeubildung-ThorakalerÖsophagus";"C151"
990;"BösartigeNeubildung-AbdominalerÖsophagus";"C152"
991;"BösartigeNeubildung-Ösophagus,oberesDrittel";"C153"
992;"BösartigeNeubildung-Ösophagus,mittleresDrittel";"C154"
993;"BösartigeNeubildung-Ösophagus,unteresDrittel";"C155"
994;"BösartigeNeubildung-Ösophagus,mehrereTeilbereicheüberlappend[SieheHinw.5-KapII:Fallsmehr.Teilber.betroffen,Ursprungsortunbest.u.Kombi.nichtangeführt,hiercodieren]";"C158"
995;"BösartigeNeubildung-Ösophagus,nichtnäherbezeichnet";"C159"
997;"BösartigeNeubildung-Kardia,ÖsophagogastrischerÜbergang,ÖsophagusundMagen,Ostiumcardiacum,Speiseröhren-Magen-Übergang";"C160"
998;"BösartigeNeubildung-Fundusventriculi";"C161"
999;"BösartigeNeubildung-Corpusventriculi";"C162"
1000;"BösartigeNeubildung-Antrumpyloricum,Magenvorhof";"C163"
1001;"BösartigeNeubildung-Pylorus,Canalispyloricus,Präpylorus";"C164"
1002;"BösartigeNeubildung-KleineKurvaturdesMagens,nichtnäherbezeichnet.KleineKurvaturdesMagens,nichtunterC16.1-C16.4klassifizierbar";"C165"
1003;"BösartigeNeubildung-GroßeKurvaturdesMagens,nichtnäherbezeichnet.GroßeKurvaturdesMagens,nichtunterC16.0-C16.4klassifizierbar";"C166"
1004;"BösartigeNeubildung-Magen,mehrereTeilbereicheüberlappend[SieheHinw.5-KapII:Fallsmehr.Teilber.betroffen,Ursprungsortunbest.u.Kombi.nichtangeführt,hiercodieren]";"C168"
1005;"BösartigeNeubildung-Magen,nichtnäherbezeichnet,Magenkrebso.n.A.";"C169"
1007;"BösartigeNeubildung-Duodenum";"C170"
1008;"BösartigeNeubildung-Jejunum";"C171"
1009;"BösartigeNeubildung-Ileum";"C172"
1010;"BösartigeNeubildung-Meckel-Divertikel";"C173"
1011;"BösartigeNeubildung-Dünndarm,mehrereTeilbereicheüberlappend[SieheHinw.5-KapII:Fallsmehr.Teilber.betroffen,Ursprungsortunbest.u.Kombi.nichtangeführt,hiercodieren]";"C178"
1012;"BösartigeNeubildung-Dünndarm,nichtnäherbezeichnet";"C179"
1014;"BösartigeNeubildung-ZäkumIleozäkalklappe[Bauhin]";"C180"
14600;")BösartigeNeubildung:Zäkum(UICCI)";"C180"
14601;")BösartigeNeubildung:Zäkum(UICCII)";"C180"
14602;")BösartigeNeubildung:Zäkum(UICCIII)";"C180"
14603;")BösartigeNeubildung:Zäkum(UICCIV)";"C180"
1015;"BösartigeNeubildung-Appendixvermiformis";"C181"
14604;")BösartigeNeubildung:Appendixvermiformis(UICCI)";"C181"
14605;")BösartigeNeubildung:Appendixvermiformis(UICCII)";"C181"
14606;")BösartigeNeubildung:Appendixvermiformis(UICCIII)";"C181"
14607;")BösartigeNeubildung:Appendixvermiformis(UICCIV)";"C181"
1016;"BösartigeNeubildung-Colonascendens";"C182"
14608;")BösartigeNeubildung:Colonascendens(UICCI)";"C182"
14609;")BösartigeNeubildung:Colonascendens(UICCII)";"C182"
14610;")BösartigeNeubildung:Colonascendens(UICCIII)";"C182"
14611;")BösartigeNeubildung:Colonascendens(UICCIV)";"C182"
1017;"BösartigeNeubildung-Flexuracolidextra[hepatica]";"C183"
14612;")BösartigeNeubildung:Flexuracolidextra[hepatica](UICCI)";"C183"
14613;")BösartigeNeubildung:Flexuracolidextra[hepatica](UICCII)";"C183"
14614;")BösartigeNeubildung:Flexuracolidextra[hepatica](UICCIII)";"C183"
14615;")BösartigeNeubildung:Flexuracolidextra[hepatica](UICCIV)";"C183"
1018;"BösartigeNeubildung-Colontransversum";"C184"
14616;")BösartigeNeubildung:Colontransversum(UICCI)";"C184"
14617;")BösartigeNeubildung:Colontransversum(UICCII)";"C184"
14618;")BösartigeNeubildung:Colontransversum(UICCIII)";"C184"
14619;")BösartigeNeubildung:Colontransversum(UICCIV)";"C184"
1019;"BösartigeNeubildung-Flexuracolisinistra[lienalis]";"C185"
14620;")BösartigeNeubildung:Flexuracolisinistra[lienalis](UICCI)";"C185"
14621;")BösartigeNeubildung:Flexuracolisinistra[lienalis](UICCII)";"C185"
14622;")BösartigeNeubildung:Flexuracolisinistra[lienalis](UICCIII)";"C185"
14623;")BösartigeNeubildung:Flexuracolisinistra[lienalis](UICCIV)";"C185"
1020;"BösartigeNeubildung-Colondescendens";"C186"
14624;")BösartigeNeubildung:Colondescendens(UICCI)";"C186"
14625;")BösartigeNeubildung:Colondescendens(UICCII)";"C186"
14626;")BösartigeNeubildung:Colondescendens(UICCIII)";"C186"
14627;")BösartigeNeubildung:Colondescendens(UICCIV)";"C186"
1021;"BösartigeNeubildung-ColonsigmoideumSigma(Flexur)";"C187"
14628;")BösartigeNeubildung:Colonsigmoideum(UICCI)";"C187"
14629;")BösartigeNeubildung:Colonsigmoideum(UICCII)";"C187"
14630;")BösartigeNeubildung:Colonsigmoideum(UICCIII)";"C187"
14631;")BösartigeNeubildung:Colonsigmoideum(UICCIV)";"C187"
1022;"BösartigeNeubildung-Kolon,mehrereTeilbereicheüberlappend[SieheHinw.5-KapII:Fallsmehr.Teilber.betroffen,Ursprungsortunbest.u.Kombi.nichtangeführt,hiercodieren]";"C188"
14632;")BösartigeNeubildung:Kolon,mehrereTeilbereicheüberlappend(UICCI)";"C188"
14633;")BösartigeNeubildung:Kolon,mehrereTeilbereicheüberlappend(UICCII)";"C188"
14634;")BösartigeNeubildung:Kolon,mehrereTeilbereicheüberlappend(UICCIII)";"C188"
14635;")BösartigeNeubildung:Kolon,mehrereTeilbereicheüberlappend(UICCIV)";"C188"
1023;"BösartigeNeubildung-Kolon,nichtnäherbezeichnetDickdarmo.n.A.";"C189"
14636;")BösartigeNeubildung:Kolon,nichtnäherbezeichnet(UICCI)";"C189"
14637;")BösartigeNeubildung:Kolon,nichtnäherbezeichnet(UICCII)";"C189"
14638;")BösartigeNeubildung:Kolon,nichtnäherbezeichnet(UICCIII)";"C189"
14639;")BösartigeNeubildung:Kolon,nichtnäherbezeichnet(UICCIV)";"C189"
1024;"BösartigeNeubildungamRektosigmoid,ÜbergangKolonmitRektum,ÜbergangvomRektumzumColonsigmoideum";"C19"
14640;")BösartigeNeubildungamRektosigmoid,Übergang(UICCI)";"C19x"
14641;")BösartigeNeubildungamRektosigmoid,Übergang(UICCII)";"C19x"
14642;")BösartigeNeubildungamRektosigmoid,Übergang(UICCIII)";"C19x"
14643;")BösartigeNeubildungamRektosigmoid,Übergang(UICCIV)";"C19x"
1025;"BösartigeNeubildungdesRektums,Ampullarecti";"C20"
14644;")BösartigeNeubildungdesRektums(UICCI)";"C20x"
14645;")BösartigeNeubildungdesRektums(UICCII)";"C20x"
14646;")BösartigeNeubildungdesRektums(UICCIII)";"C20x"
14647;")BösartigeNeubildungdesRektums(UICCIV)";"C20x"
1027;"BösartigeNeubildung-Anus,nichtnäherbezeichnet";"C210"
1028;"BösartigeNeubildung-Analkanal,Sphincterani";"C211"
1029;"BösartigeNeubildung-Kloakenregion";"C212"
1030;"BösartigeNeubildung-Rektum,AnusundAnalkanal,mehrereTeilbereicheüberlappend[Hinw.5-KapII:Fallsmehr.Teilber.,Ursprungunbest.,Komb.nichtangeführt,hiercod.],AnorektalerÜbergang,Anorektum";"C218"
1032;"Leberzellkarzinom,Carcinomahepatocellulare";"C220"
1033;"IntrahepatischesGallengangskarzinom,Cholangiokarzinom";"C221"
1034;"Hepatoblastom";"C222"
1035;"AngiosarkomderLeber,Kupffer-Zell-Sarkom";"C223"
1036;"SonstigeSarkomederLeber";"C224"
1037;"SonstigenäherbezeichneteKarzinomederLeber";"C227"
1038;"BösartigeNeubildungderLeber,nichtnäherbezeichnet";"C229"
1039;"BösartigeNeubildungderGallenblase";"C23"
1041;"BösartigeNeubildung-ExtrahepatischerGallengang,Ductus:choledochus,cysticus,hepaticus,hepaticuscommunis;Gallengango.n.A.";"C240"
1042;"BösartigeNeubildungderAmpullahepatopancreatica[AmpullaVateri]";"C241"
1043;"BösartigeNeubildungderGallenwege,mehrereTeilbereicheüberlappend[SieheHinw.5-KapII:Fallsmehr.Teilber.betroffen,Ursprungsortunbest.u.Kombi.nichtangeführt,hiercodieren]";"C248"
1044;"BösartigeNeubildungderGallenwege,nichtnäherbezeichnet";"C249"
1046;"BösartigeNeubildung-Pankreaskopf";"C250"
1047;"BösartigeNeubildung-Pankreaskörper";"C251"
1048;"BösartigeNeubildung-Pankreasschwanz";"C252"
1049;"BösartigeNeubildung-Ductuspancreaticus";"C253"
1050;"BösartigeNeubildung-EndokrinerDrüsenanteildesPankreas,Langerhans-Inseln";"C254"
1051;"BösartigeNeubildung-SonstigeTeiledesPankreas,Pankreashals";"C257"
1052;"BösartigeNeubildung-Pankreas,mehrereTeilbereicheüberlappend[SieheHinw.5-KapII:Fallsmehr.Teilber.betroffen,Ursprungsortunbest.u.Kombi.nichtangeführt,hiercodieren]";"C258"
1053;"BösartigeNeubildung-Pankreas,nichtnäherbezeichnet";"C259"
1055;"BösartigeNeubildung-Intestinaltrakt,Teilnichtnäherbezeichnet,Darmo.n.A.";"C260"
1056;"BösartigeNeubildung-Milz";"C261"
1057;"BösartigeNeubildung-Verdauungssystem,mehrereTeilbereicheüberlappend[SieheHinw.5-KapII:Fallsmehr.Teilber.betroffen,Ursprungsortunbest.u.Kombi.nichtangeführt,hiercodieren]";"C268"
1058;"BösartigeNeubildung-UngenaubezeichneteLokalisationendesVerdauungssystems,Gastrointestinaltrakto.n.A.,Verdauungskanaloder-trakto.n.A.";"C269"
1060;"BösartigeNeubildung-Nasenhöhle,Conchaenasales,Naseninnenraum,Nasenknorpel,Nasenseptum,Vestibulumnasi";"C300"
1061;"BösartigeNeubildung-Mittelohr,Cellulaemastoideae,Innenohr,Tubaauditiva[Eustachio]";"C301"
1063;"BösartigeNeubildung-Sinusmaxillaris[Kieferhöhle],Antrummaxillare[Highmore-Höhle]";"C310"
1064;"BösartigeNeubildung-Sinusethmoidalis[Siebbeinzellen]";"C311"
1065;"BösartigeNeubildung-Sinusfrontalis[Stirnhöhle]";"C312"
1066;"BösartigeNeubildung-Sinussphenoidalis[Keilbeinhöhle]";"C313"
1067;"BösartigeNeubildung-Nasennebenhöhlen,mehrereTeilbereicheüberlappend[SieheHinw.5-KapII:Fallsmehr.Teilber.betroffen,Ursprungsortunbest.u.Kombi.nichtangeführt,hiercodieren]";"C318"
1068;"BösartigeNeubildung-Nasennebenhöhle,nichtnäherbezeichnet";"C319"
1070;"BösartigeNeubildung-Glottis,Lig.vocale[echtesStimmband]o.n.A.,Ventriculuslaryngis";"C320"
1071;"BösartigeNeubildung-Supraglottis,Aryepiglott.Falte,laryngealeSeiteEpiglottis(suprahyoidal)o.n.A.,laryngealeFlächederEpiglottis,Plicavestibularis,Taschenband,Vestibulumlaryngis";"C321"
1072;"BösartigeNeubildung-Subglottis";"C322"
1073;"BösartigeNeubildung-Larynxknorpel";"C323"
1074;"BösartigeNeubildung-Larynx,mehrereTeilbereicheüberlappend[SieheHinw.5-KapII:Fallsmehr.Teilber.betroffen,Ursprungsortunbest.u.Kombi.nichtangeführt,hiercodieren]";"C328"
1075;"BösartigeNeubildung-Larynx,nichtnäherbezeichnet";"C329"
1076;"BösartigeNeubildungderTrachea";"C33"
1078;"BösartigeNeubildung-Hauptbronchus,Carinatracheae,Hilus(Lunge)";"C340"
1079;"BösartigeNeubildung-Oberlappen(-Bronchus)";"C341"
1080;"BösartigeNeubildung-Mittellappen(-Bronchus)";"C342"
1081;"BösartigeNeubildung-Unterlappen(-Bronchus)";"C343"
1082;"BösartigeNeubildung-BronchusundLunge,mehrereTeilbereicheüberlappend[SieheHinw.5-KapII:Fallsmehr.Teilber.betroffen,Ursprungsortunbest.u.Kombi.nichtangeführt,hiercodieren]";"C348"
1083;"BösartigeNeubildung-BronchusoderLunge,nichtnäherbezeichnet";"C349"
1084;"BösartigeNeubildungdesThymus";"C37"
1086;"BösartigeNeubildung-Herz,Perikard";"C380"
1087;"BösartigeNeubildung-VorderesMediastinum";"C381"
1088;"BösartigeNeubildung-HinteresMediastinum";"C382"
1089;"BösartigeNeubildung-Mediastinum,Teilnichtnäherbezeichnet";"C383"
1090;"BösartigeNeubildung-Pleura";"C384"
1091;"BösartigeNeubildung-Herz,MediastinumundPleura,mehrereTeilbereicheüberlappend[SieheHinw.5-KapII:Fallsmehr.Teilber.betroffen,Ursprungsortunbest.u.Kombi.nichtangeführt,hiercodieren]";"C388"
1093;"BösartigeNeubildung-ObereAtemwege,Teilnichtnäherbezeichnet";"C390"
1094;"BösartigeNeubildung-AtmungsorganeundsonstigeintrathorakaleOrgane,mehrereTeilbereicheüberlappend[Hinw.5-KapII:Fallsmehr.Teilber.,Ursprungsortunbest.u.Kombi.nichtangeführt,hiercodieren]";"C398"
1095;"BösartigeNeubildung-UngenaubezeichneteLokalisationendesAtmungssystems,Respirationstrakto.n.A.";"C399"
1097;"BösartigeNeubildung-SkapulaundlangeKnochenderoberenExtremität";"C400"
1098;"BösartigeNeubildung-KurzeKnochenderoberenExtremität";"C401"
1099;"BösartigeNeubildung-LangeKnochenderunterenExtremität";"C402"
1100;"BösartigeNeubildung-KurzeKnochenderunterenExtremität";"C403"
1101;"BösartigeNeubildung-KnochenundGelenkknorpelderExtremitäten,mehrereTeilbereicheüberlappend[Hinw.5-KapII:Fallsmehr.Teilber.,Ursprungsortunbest.u.Kombi.nichtangeführt,hiercodieren]";"C408"
1102;"BösartigeNeubildung-KnochenundGelenkknorpeleinerExtremität,nichtnäherbezeichnet";"C409"
1104;"BösartigeNeubildung-KnochendesHirn-undGesichtsschädels,KnochenderAugenhöhle,Oberkiefer";"C410"
1105;"BösartigeNeubildung-Unterkieferknochen,Mandibula";"C411"
1106;"BösartigeNeubildung-Wirbelsäule";"C412"
1107;"BösartigeNeubildung-Rippen,SternumundKlavikula";"C413"
1108;"BösartigeNeubildung-Beckenknochen,Kreuzbein,Steißbein";"C414"
1109;"BösartigeNeubildung-KnochenundGelenkknorpel,mehrereTeilbereicheüberlappend[SieheHinw.5-KapII:Fallsmehr.Teilber.betroffen,Ursprungsortunbest.u.Kombi.nichtangeführt,hiercodieren]";"C418"
1110;"BösartigeNeubildung-KnochenundGelenkknorpel,nichtnäherbezeichnet";"C419"
1112;"BösartigesMelanomderLippe";"C430"
1113;"BösartigesMelanomdesAugenlides,einschließlichKanthus";"C431"
1114;"BösartigesMelanomdesOhresunddesäußerenGehörganges";"C432"
1115;"BösartigesMelanomsonstigerundnichtnäherbezeichneterTeiledesGesichtes";"C433"
1116;"BösartigesMelanomderbehaartenKopfhautunddesHalses";"C434"
1117;"BösartigesMelanomdesRumpfes,Anus:Haut,Rand(-Gebiet),HautderBrustdrüse,Perianalhaut";"C435"
1118;"BösartigesMelanomderoberenExtremität,einschließlichSchulter";"C436"
1119;"BösartigesMelanomderunterenExtremität,einschließlichHüfte";"C437"
1120;"BösartigesMelanomderHaut,mehrereTeilbereicheüberlappend[SieheHinw.5-KapII:Fallsmehr.Teilber.betroffen,Ursprungsortunbest.u.Kombi.nichtangeführt,hiercodieren]";"C438"
1121;"BösartigesMelanomderHaut,nichtnäherbezeichnet,Melanom(bösartig)o.n.A.";"C439"
1123;"BösartigeNeubildung-Lippenhaut,BasalzellenkarzinomderLippe";"C440"
1124;"SonstigebösartigeNeubildungenderHaut-HautdesAugenlides,einschließlichKanthus";"C441"
1125;"SonstigebösartigeNeubildungenderHaut-HautdesOhresunddesäußerenGehörganges";"C442"
1126;"SonstigebösartigeNeubildungenderHaut-HautsonstigerundnichtnäherbezeichneterTeiledesGesichtes";"C443"
1127;"SonstigebösartigeNeubildungenderHaut-BehaarteKopfhautundHautdesHalses";"C444"
1128;"SonstigebösartigeNeubildungenderHaut-HautdesRumpfes,Anus:Haut,Rand(-Gebiet)/HautderBrustdrüse,Perianalhaut";"C445"
1129;"SonstigebösartigeNeubildungenderHaut-HautderoberenExtremität,einschließlichSchulter";"C446"
1130;"SonstigebösartigeNeubildungenderHaut-HautderunterenExtremität,einschließlichHüfte";"C447"
1131;"SonstigebösartigeNeubildungenderHaut-Haut,mehrereTeilbereicheüberlappend[SieheHinw.5-KapII:Fallsmehr.Teilber.betroffen,Ursprungsortunbest.u.Kombi.nichtangeführt,hiercodieren]";"C448"
1132;"SonstigebösartigeNeubildungderHaut,nichtnäherbezeichnet";"C449"
1134;"MesotheliomderPleura";"C450"
1135;"MesotheliomdesPeritoneums,Mesenteriums,Mesokolons,Omentums,Peritoneums(parietale)(viscerale)";"C451"
1136;"MesotheliomdesPerikards";"C452"
1137;"MesotheliomsonstigerLokalisationen";"C457"
1138;"Mesotheliom,nichtnäherbezeichnet";"C459"
1140;"Kaposi-SarkomderHaut";"C460"
1141;"Kaposi-SarkomdesWeichteilgewebes";"C461"
1142;"Kaposi-SarkomdesGaumens";"C462"
1143;"Kaposi-SarkomderLymphknoten";"C463"
1144;"Kaposi-SarkomsonstigerLokalisationen";"C467"
1145;"Kaposi-SarkommehrererOrgane";"C468"
1146;"Kaposi-Sarkom,nichtnäherbezeichnet";"C469"
1148;"BösartigeNeubildung-PeriphereNervendesKopfes,desGesichtesunddesHalses";"C470"
1149;"BösartigeNeubildung-PeriphereNervenderoberenExtremität,einschließlichSchulter";"C471"
1150;"BösartigeNeubildung-PeriphereNervenderunterenExtremität,einschließlichHüfte";"C472"
1151;"BösartigeNeubildung-PeriphereNervendesThorax";"C473"
1152;"BösartigeNeubildung-PeriphereNervendesAbdomens";"C474"
1153;"BösartigeNeubildung-PeriphereNervendesBeckens";"C475"
1154;"BösartigeNeubildung-PeriphereNervendesRumpfes,nichtnäherbezeichnet";"C476"
1155;"BösartigeNeubildung-PeriphereNervenundautonomesNervensystem,mehrereTeilbereicheüberlappend[Hinw.5-KapII:Fallsmehr.Teilber.,Ursprungsortunbest.u.Kombi.nichtangeführt,hiercodieren]";"C478"
1156;"BösartigeNeubildung-PeriphereNervenundautonomesNervensystem,nichtnäherbezeichnet";"C479"
1158;"BösartigeNeubildung-Retroperitoneum";"C480"
1159;"BösartigeNeubildung-näherbezeichneteTeiledesPeritoneums,Mesenteriums,Mesokolons,Omentums,Peritoneums:parietale,viscerale";"C481"
1160;"BösartigeNeubildung-Peritoneum,nichtnäherbezeichnet";"C482"
1161;"BösartigeNeubildung-RetroperitoneumundPeritoneum,mehrereTeilbereicheüberlappend[SieheHinw.5-KapII:Fallsmehr.Teilber.betroffen,Ursprungsortunbest.u.Kombi.nichtangeführt,hiercodieren]";"C488"
1163;"BösartigeNeubildung-BindegewebeundandereWeichteilgewebedesKopfes,desGesichtesunddesHalses,Bindegewebe:Augenlid,Ohr,";"C490"
1164;"BösartigeNeubildung-BindegewebeundandereWeichteilgewebederoberenExtremität,einschließlichSchulter";"C491"
1165;"BösartigeNeubildung-BindegewebeundandereWeichteilgewebederunterenExtremität,einschließlichHüfte";"C492"
1166;"BösartigeNeubildung-BindegewebeundandereWeichteilgewebedesThorax,Axilla,GroßeGefäße,Zwerchfell";"C493"
1167;"BösartigeNeubildung-BindegewebeundandereWeichteilgewebedesAbdomens,Bauchwand,Hypochondrium";"C494"
1168;"BösartigeNeubildung-BindegewebeundandereWeichteilgewebedesBeckens,Dammes,Gesäßes,derLeistengegend";"C495"
1169;"BösartigeNeubildung-BindegewebeundandereWeichteilgewebedesRumpfes,nichtnäherbezeichnet,Rückeno.n.A.";"C496"
1170;"BösartigeNeubildung-BindegewebeundandereWeichteilgewebe,mehrereTeilbereicheüberlappend[Hinw.5-KapII:Fallsmehr.Teilber.,Ursprungsortunbest.u.Kombi.nichtangeführt,hiercodieren]";"C498"
1171;"BösartigeNeubildung-BindegewebeundandereWeichteilgewebe,nichtnäherbezeichnet";"C499"
1173;"BösartigeNeubildung-BrustwarzeundWarzenhof";"C500"
1174;"BösartigeNeubildung-ZentralerDrüsenkörperderBrustdrüse";"C501"
1175;"BösartigeNeubildung-ObererinnererQuadrantderBrustdrüse";"C502"
1176;"BösartigeNeubildung-UntererinnererQuadrantderBrustdrüse";"C503"
1177;"BösartigeNeubildung-ObereräußererQuadrantderBrustdrüse";"C504"
1178;"BösartigeNeubildung-UntereräußererQuadrantderBrustdrüse";"C505"
1179;"BösartigeNeubildung-RecessusaxillarisderBrustdrüse";"C506"
1180;"BösartigeNeubildung-Brustdrüse,mehrereTeilbereicheüberlappend[SieheHinw.5-KapII:Fallsmehr.Teilber.betroffen,Ursprungsortunbest.u.Kombi.nichtangeführt,hiercodieren]";"C508"
1181;"BösartigeNeubildung-Brustdrüse,nichtnäherbezeichnet";"C509"
1183;"BösartigeNeubildung-Labiummajus,Bartholin-Drüse[Glandulavestibularismajor]";"C510"
1184;"BösartigeNeubildung-Labiumminus";"C511"
1185;"BösartigeNeubildung-Klitoris";"C512"
1186;"BösartigeNeubildung-Vulva,mehrereTeilbereicheüberlappend[SieheHinw.5-KapII:Fallsmehr.Teilber.betroffen,Ursprungsortunbest.u.Kombi.nichtangeführt,hiercodieren]";"C518"
1187;"BösartigeNeubildung-Vulva,nichtnäherbezeichnet,ÄußereweiblicheGenitalorganeo.n.A.,Pudendumfemininum";"C519"
1188;"BösartigeNeubildungderVagina";"C52"
1190;"BösartigeNeubildung-Endozervix";"C530"
1191;"BösartigeNeubildung-Ektozervix";"C531"
1192;"BösartigeNeubildung-Cervixuteri,mehrereTeilbereicheüberlappend[SieheHinw.5-KapII:Fallsmehr.Teilber.betroffen,Ursprungsortunbest.u.Kombi.nichtangeführt,hiercodieren]";"C538"
1193;"BösartigeNeubildung-Cervixuteri,nichtnäherbezeichnet";"C539"
1195;"BösartigeNeubildung-Isthmusuteri,UnteresUterinsegment";"C540"
1196;"BösartigeNeubildung-Endometrium";"C541"
1197;"BösartigeNeubildung-Myometrium";"C542"
1198;"BösartigeNeubildung-Fundusuteri";"C543"
1199;"BösartigeNeubildung-Corpusuteri,mehrereTeilbereicheüberlappend[SieheHinw.5-KapII:Fallsmehr.Teilber.betroffen,Ursprungsortunbest.u.Kombi.nichtangeführt,hiercodieren]";"C548"
1200;"BösartigeNeubildung-Corpusuteri,nichtnäherbezeichnet";"C549"
1201;"BösartigeNeubildung-BösartigeNeubildungdesUterus,Teilnichtnäherbezeichnet";"C55"
1202;"BösartigeNeubildungdesOvars";"C56"
1204;"BösartigeNeubildung-Tubauterina[Falloppio],Eileiter,Ovidukt";"C570"
1205;"BösartigeNeubildung-Lig.latumuteri";"C571"
1206;"BösartigeNeubildung-Lig.teresuteri,Lig.rotundum";"C572"
1207;"BösartigeNeubildung-Parametrium,Uterusbando.n.A.";"C573"
1208;"BösartigeNeubildung-UterineAdnexe,nichtnäherbezeichnet";"C574"
1209;"BösartigeNeubildung-SonstigenäherbezeichneteweiblicheGenitalorgane,Wolff-KörperoderWolff-Gang";"C577"
1210;"BösartigeNeubildung-WeiblicheGenitalorgane,mehrereTeilbereicheüberlappend[SieheHinw.5-KapII:Fallsmehr.Teilber.betroffen,Ursprungsortunbest.u.Kombi.nichtangeführt,hiercodieren]";"C578"
1211;"BösartigeNeubildung-WeiblichesGenitalorgan,nichtnäherbezeichnet,WeiblicherUrogenitaltrakto.n.A.";"C579"
1212;"BösartigeNeubildungderPlazenta,Chorionepitheliomo.n.A.,Chorionkarzinomo.n.A.";"C58"
1214;"BösartigeNeubildung-Praeputiumpenis,Vorhaut";"C600"
1215;"BösartigeNeubildung-Glanspenis";"C601"
1216;"BösartigeNeubildung-Penisschaft,Corpuscavernosum";"C602"
1217;"BösartigeNeubildung-Penis,mehrereTeilbereicheüberlappend[SieheHinw.5-KapII:Fallsmehr.Teilber.betroffen,Ursprungsortunbest.u.Kombi.nichtangeführt,hiercodieren]";"C608"
1218;"BösartigeNeubildung-Penis,nichtnäherbezeichnet,Penishauto.n.A.";"C609"
1219;"BösartigeNeubildungderProstata";"C61"
1221;"BösartigeNeubildung-DystoperHoden,EktopischerHoden[LokalisationderNeubildung],RetinierterHoden[LokalisationderNeubildung]";"C620"
1222;"BösartigeNeubildung-DeszendierterHoden,SkrotalerHoden";"C621"
1223;"BösartigeNeubildung-Hoden,nichtnäherbezeichnet";"C629"
1225;"BösartigeNeubildung-Nebenhoden[Epididymis]";"C630"
1226;"BösartigeNeubildung-Samenstrang";"C631"
1227;"BösartigeNeubildung-Skrotum,Skrotalhaut";"C632"
1228;"BösartigeNeubildung-SonstigenäherbezeichnetemännlicheGenitalorgane,Bläschendrüse[Samenbläschen],Tunicavaginalistestis";"C637"
1229;"BösartigeNeubildung-MännlicheGenitalorgane,mehrereTeilbereicheüberlappend[SieheHinw.5-KapII:Fallsmehr.Teilber.betroffen,Ursprungsortunbest.u.Kombi.nichtangeführt,hiercodieren]";"C638"
1230;"BösartigeNeubildung-MännlichesGenitalorgan,nichtnäherbezeichnet,MännlicherUrogenitaltrakto.n.A.";"C639"
1231;"BösartigeNeubildungderNiere,ausgenommenNierenbecken";"C64"
1232;"BösartigeNeubildungdesNierenbeckens,Nierenbeckenkelche,Nierenbecken-Ureter-Übergang";"C65"
1233;"BösartigeNeubildungdesUreters";"C66"
1235;"BösartigeNeubildung-Trigonumvesicae";"C670"
1236;"BösartigeNeubildung-Apexvesicae";"C671"
1237;"BösartigeNeubildung-LateraleHarnblasenwand";"C672"
1238;"BösartigeNeubildung-VordereHarnblasenwand";"C673"
1239;"BösartigeNeubildung-HintereHarnblasenwand";"C674"
1240;"BösartigeNeubildung-Harnblasenhals,Ostiumurethraeinternum";"C675"
1241;"BösartigeNeubildung-Ostiumureteris";"C676"
1242;"BösartigeNeubildung-Urachus";"C677"
1243;"BösartigeNeubildung-Harnblase,mehrereTeilbereicheüberlappend[SieheHinw.5-KapII:Fallsmehr.Teilber.betroffen,Ursprungsortunbest.u.Kombi.nichtangeführt,hiercodieren]";"C678"
1244;"BösartigeNeubildung-Harnblase,nichtnäherbezeichnet";"C679"
1246;"BösartigeNeubildung-Urethra";"C680"
1247;"BösartigeNeubildung-ParaurethraleDrüse";"C681"
1248;"BösartigeNeubildung-Harnorgane,mehrereTeilbereicheüberlappend[SieheHinw.5-KapII:Fallsmehr.Teilber.betroffen,Ursprungsortunbest.u.Kombi.nichtangeführt,hiercodieren]";"C688"
1249;"BösartigeNeubildung-Harnorgan,nichtnäherbezeichnet,Harnsystemo.n.A.,";"C689"
1251;"BösartigeNeubildung-Konjunktiva";"C690"
1252;"BösartigeNeubildung-Kornea";"C691"
1253;"BösartigeNeubildung-Retina";"C692"
1254;"BösartigeNeubildung-Chorioidea";"C693"
1255;"BösartigeNeubildung-Ziliarkörper,Augapfel";"C694"
1256;"BösartigeNeubildung-TränendrüseundTränenwege,Ductusnasolacrimalis,Tränensack";"C695"
1257;"BösartigeNeubildung-Orbita.BindegewebederOrbita,ExtraokulärerMuskel,PeriphereNervenderOrbita,RetrobulbäresGewebe,RetrookuläresGewebe";"C696"
1258;"BösartigeNeubildung-AugeundAugenanhangsgebilde,mehrereTeilbereicheüberlappend[SieheHinw.5-KapII:Fallsmehr.Teilber.betroffen,Ursprungsortunbest.u.Kombi.nichtangeführt,hiercodieren]";"C698"
1259;"BösartigeNeubildung-Auge,nichtnäherbezeichnet";"C699"
1261;"BösartigeNeubildung-Hirnhäute";"C700"
1262;"BösartigeNeubildung-Rückenmarkhäute";"C701"
1263;"BösartigeNeubildung-Meningen,nichtnäherbezeichnet";"C709"
1265;"BösartigeNeubildung-Zerebrum,ausgenommenHirnlappenundVentrikel,Corpuscallosum,Supratentoriello.n.A.";"C710"
1266;"BösartigeNeubildung-Frontallappen";"C711"
1267;"BösartigeNeubildung-Temporallappen";"C712"
1268;"BösartigeNeubildung-Parietallappen";"C713"
1269;"BösartigeNeubildung-Okzipitallappen";"C714"
1270;"BösartigeNeubildung-Hirnventrikel";"C715"
1271;"BösartigeNeubildung-Zerebellum";"C716"
1272;"BösartigeNeubildung-Hirnstamm,Infratentoriello.n.A.,IV.Ventrikel";"C717"
1273;"BösartigeNeubildung-Gehirn,mehrereTeilbereicheüberlappend[SieheHinw.5-KapII:Fallsmehr.Teilber.betroffen,Ursprungsortunbest.u.Kombi.nichtangeführt,hiercodieren]";"C718"
1274;"BösartigeNeubildung-Gehirn,nichtnäherbezeichnet";"C719"
1276;"BösartigeNeubildung-Rückenmark";"C720"
1277;"BösartigeNeubildung-Caudaequina";"C721"
1278;"BösartigeNeubildung-Nn.olfactorii[I.Hirnnerv],Bulbusolfactorius";"C722"
1279;"BösartigeNeubildung-N.opticus[II.Hirnnerv]";"C723"
1280;"BösartigeNeubildung-N.vestibulocochlearis[VIII.Hirnnerv]";"C724"
1281;"BösartigeNeubildung-SonstigeundnichtnäherbezeichneteHirnnerven,Hirnnerveno.n.A.";"C725"
1282;"BösartigeNeubildung-GehirnundandereTeiledesZentralnervensystems,mehrereTeilbereicheüberlappend[Hinw.5-KapII:Fallsmehr.Teilber.,Ursprungunbest.u.Kombi.nichtangeführt,hiercodieren]";"C728"
1283;"BösartigeNeubildung-Zentralnervensystem,nichtnäherbezeichnet,Nervensystemo.n.A.";"C729"
1284;"BösartigeNeubildungderSchilddrüse";"C73"
1286;"BösartigeNeubildung-Nebennierenrinde";"C740"
1287;"BösartigeNeubildung-Nebennierenmark";"C741"
1288;"BösartigeNeubildung-Nebenniere,nichtnäherbezeichnet";"C749"
1290;"BösartigeNeubildung-Nebenschilddrüse";"C750"
1291;"BösartigeNeubildung-Hypophyse";"C751"
1292;"BösartigeNeubildung-Ductuscraniopharyngealis";"C752"
1293;"BösartigeNeubildung-Epiphyse[Glandulapinealis][Zirbeldrüse]";"C753"
1294;"BösartigeNeubildung-Glomuscaroticum";"C754"
1295;"BösartigeNeubildung-GlomusaorticumundsonstigeParaganglien";"C755"
1296;"BösartigeNeubildung-BeteiligungmehrererendokrinerDrüsen,nichtnäherbezeichnet";"C758"
1297;"BösartigeNeubildung-EndokrineDrüse,nichtnäherbezeichnet";"C759"
1299;"BösartigeNeubildung-ungenaubezeichneteLokalisation-Kopf,GesichtundHals,Naseo.n.A.,Wangeo.n.A.";"C760"
1300;"BösartigeNeubildung-ungenaubezeichneteLokalisation-Thorax,Axillao.n.A..Intrathorakalo.n.A.,Thorakalo.n.A.";"C761"
1301;"BösartigeNeubildung-ungenaubezeichneteLokalisation-Abdomen";"C762"
1302;"BösartigeNeubildung-ungenaubezeichneteLokalisation-Becken,Leistengegendo.n.A..Lok.innerhalbdesBeckens,mehrereTeilbereicheüberlappend,z.B.:rektovaginal(Septum),rektovesikal(Septum)";"C763"
1303;"BösartigeNeubildung-ungenaubezeichneteLokalisation-ObereExtremität";"C764"
1304;"BösartigeNeubildung-ungenaubezeichneteLokalisation-UntereExtremität";"C765"
1305;"BösartigeNeubildung-SonstigeungenaubezeichneteLokalisationen";"C767"
1306;"BösartigeNeubildung-SonstigeundungenaubezeichneteLokalisationen,mehrereTeilbereicheüberlappend[Hinw.5-KapII:Fallsmehr.Teilber.,Ursprungunbest.u.Kombi.nichtangeführt,hiercodieren]";"C768"
1308;"SekundäreundnichtnäherbezeichnetebösartigeNeubildung-LymphknotendesKopfes,desGesichtesunddesHalses,SupraklavikuläreLymphknoten";"C770"
1309;"SekundäreundnichtnäherbezeichnetebösartigeNeubildung-IntrathorakaleLymphknoten";"C771"
1310;"SekundäreundnichtnäherbezeichnetebösartigeNeubildung-IntraabdominaleLymphknoten";"C772"
1311;"ASekundäreundnichtnäherbezeichnetebösartigeNeubildung-xilläreLymphknotenundLymphknotenderoberenExtremität,PektoraleLymphknoten";"C773"
1312;"SekundäreundnichtnäherbezeichnetebösartigeNeubildung-InguinaleLymphknotenundLymphknotenderunterenExtremität";"C774"
1313;"SekundäreundnichtnäherbezeichnetebösartigeNeubildung-IntrapelvineLymphknoten";"C775"
1314;"SekundäreundnichtnäherbezeichnetebösartigeNeubildung-LymphknotenmehrererRegionen";"C778"
1315;"SekundäreundnichtnäherbezeichnetebösartigeNeubildung-Lymphknoten,nichtnäherbezeichnet";"C779"
1317;"SekundärebösartigeNeubildungderLunge";"C780"
1318;"SekundärebösartigeNeubildungdesMediastinums";"C781"
1319;"SekundärebösartigeNeubildungderPleura";"C782"
1320;"SekundärebösartigeNeubildungsonstigerundnichtnäherbezeichneterAtmungsorgane";"C783"
1321;"SekundärebösartigeNeubildungdesDünndarmes";"C784"
1322;"SekundärebösartigeNeubildungdesDickdarmesunddesRektums";"C785"
1323;"SekundärebösartigeNeubildungdesRetroperitoneumsunddesPeritoneums,AszitesdurchbösartigeNeubildungo.n.A.";"C786"
1324;"SekundärebösartigeNeubildungderLeber";"C787"
1325;"SekundärebösartigeNeubildungsonstigerundnichtnäherbezeichneterVerdauungsorgane";"C788"
1327;"SekundärebösartigeNeubildungderNiereunddesNierenbeckens";"C790"
1328;"SekundärebösartigeNeubildungderHarnblasesowiesonstigerundnichtnäherbezeichneterHarnorgane";"C791"
1329;"SekundärebösartigeNeubildungderHaut";"C792"
1330;"SekundärebösartigeNeubildungdesGehirnsundderHirnhäute";"C793"
1331;"SekundärebösartigeNeubildungsonstigerundnichtnäherbezeichneterTeiledesNervensystems";"C794"
1332;"SekundärebösartigeNeubildungdesKnochensunddesKnochenmarkes";"C795"
1333;"SekundärebösartigeNeubildungdesOvars";"C796"
1334;"SekundärebösartigeNeubildungderNebenniere";"C797"
1335;"SekundärebösartigeNeubildungsonstigernäherbezeichneterLokalisationen";"C798"
14429;"SekundärebösartigeNeubildungnichtnäherbezeichneterLokalisation";"C799"
14430;"BösartigeNeubildung,primäreLokalisationunbekannt,sobezeichnet";"C800"
14431;"BösartigeNeubildung,nichtnäherbezeichnet";"C809"
1338;"Hodgkin-Krankheit[Lymphogranulomatose]-LymphozytenreicheForm,Lymphozytär-histiozytärePrädominanz";"C810"
1339;"Hodgkin-Krankheit[Lymphogranulomatose]-Nodulär-sklerosierendeForm";"C811"
1340;"Hodgkin-Krankheit[Lymphogranulomatose]-GemischtzelligeForm";"C812"
1341;"Hodgkin-Krankheit[Lymphogranulomatose]-LymphozytenarmeForm";"C813"
14432;"LymphozytenreichesklassischesHodgkin-Lymphom";"C814"
1342;"SonstigeTypenderHodgkin-Krankheit[Lymphogranulomatose]";"C817"
1343;"Hodgkin-Krankheit[Lymphogranulomatose],nichtnäherbezeichnet";"C819"
1345;"Follikuläres[noduläres]Non-Hodgkin-Lymphom-kleinzellig,gekerbt,follikulär";"C820"
1346;"Follikuläres[noduläres]Non-Hodgkin-Lymphom-Gemischtklein-undgroßzellig,gekerbt,follikulär";"C821"
1347;"Follikuläres[noduläres]Non-Hodgkin-Lymphom-Großzellig,follikulär";"C822"
14433;"FollikuläresLymphomGradIIIa";"C823"
14434;"FollikuläresLymphomGradIIIb";"C824"
14435;"DiffusesFollikelzentrumslymphom";"C825"
14436;"KutanesFollikelzentrumslymphom";"C826"
1348;"SonstigeTypendesfollikulärenNon-Hodgkin-Lymphoms";"C827"
1349;"Follikuläres[noduläres]Non-Hodgkin-Lymphom-FollikuläresNon-Hodgkin-Lymphom,nichtnäherbezeichnet,NoduläresNon-Hodgkin-Lymphomo.n.A.";"C829"
1351;"DiffusesNon-Hodgkin-Lymphom-Kleinzellig(diffus)";"C830"
1352;"DiffusesNon-Hodgkin-Lymphom-Kleinzellig,gekerbt(diffus)";"C831"
1354;"DiffusesNon-Hodgkin-Lymphom-Großzellig(diffus),Retikulumzellsarkom";"C833"
1356;"DiffusesNon-Hodgkin-Lymphom-Lymphoblastisch(diffus)";"C835"
1358;"DiffusesNon-Hodgkin-Lymphom-Burkitt-Tumor";"C837"
1359;"SonstigeTypendesdiffusenNon-Hodgkin-Lymphoms";"C838"
1360;"DiffusesNon-Hodgkin-Lymphom,nichtnäherbezeichnet";"C839"
1362;"Mycosisfungoides";"C840"
1363;"Sézary-Syndrom";"C841"
1366;"T-Zell-Lymphom,peripher";"C844"
1367;"SonstigeundnichtnäherbezeichneteT-Zell-Lymphome";"C845"
14437;"AnaplastischesgroßzelligesLymphom,ALK-positiv";"C846"
14438;"AnaplastischesgroßzelligesLymphom,ALK-negativ";"C847"
14439;"KutanesT-Zell-Lymphom,nichtnäherbezeichnet";"C848"
14440;"ReifzelligesT/NK-Zell-Lymphom,nichtnäherbezeichnet";"C849"
1370;"B-Zell-Lymphom,nichtnäherbezeichnet";"C851"
14441;"Mediastinales(thymisches)großzelligesB-Zell-Lymphom";"C852"
1371;"SonstigenäherbezeichneteTypendesNon-Hodgkin-Lymphoms,Bösartige:Retikuloendotheliose,Retikulose,Mikrogliom";"C857"
1372;"Non-Hodgkin-Lymphom,Typnichtnäherbezeichnet,BösartigesLymphomo.n.A.,Lymphomo.n.A.,Non-Hodgkin-Lymphomo.n.A.";"C859"
14442;"ExtranodalesNK/T-Zell-Lymphom,nasalerTyp";"C860"
14443;"HepatosplenischesT-Zell-Lymphom";"C861"
14444;"T-Zell-LymphomvomEnteropathie-Typ";"C862"
14674;"SubkutanespannikulitischesT-Zell-Lymphom";"C863"
14550;"BlastischesNK-Zell-Lymphom";"C864"
14445;"AngioimmunoblastischesT-Zell-Lymphom";"C865"
14446;"PrimärekutaneCD30-positiveT-Zell-Proliferationen";"C866"
1374;"MakroglobulinämieWaldenström";"C880"
1376;"Gamma-Schwerkettenkrankheit,Franklin-Krankheit";"C882"
1377;"ImmunproliferativeDünndarmkrankheit,MukoassoziiertesLymphom";"C883"
14447;"ExtranodalesMarginalzonen-B-Zell-LymphomdesMukosa-assoziiertenlymphatischenGewebes[MALT-Lymphom]";"C884"
1378;"SonstigebösartigeimmunproliferativeKrankheiten";"C887"
1379;"BösartigeimmunproliferativeKrankheit,nichtnäherbezeichnet,ImmunproliferativeKrankheito.n.A.";"C889"
1381;"Plasmozytom[MultiplesMyelom],Kahler-Krankheit,Myelomatose,Plasmozytomo.n.A.";"C900"
1382;"Plasmazellenleukämie";"C901"
1383;"Plasmozytom,extramedullär,BösartigerPlasmazellentumoro.n.A.,SolitäresMyelom";"C902"
14448;"SolitäresPlasmozytom";"C903"
1385;"AkutelymphoblastischeLeukämie";"C910"
1386;"ChronischelymphatischeLeukämie";"C911"
1388;"ProlymphozytäreLeukämie";"C913"
1389;"Haarzellenleukämie,LeukämischeRetikuloendotheliose";"C914"
1390;"T-Zellen-LeukämiebeimErwachsenen";"C915"
14449;"Prolymphozyten-LeukämievomT-Zell-Typ";"C916"
1391;"SonstigelymphatischeLeukämie";"C917"
14450;"ReifzelligeB-ALLvomBurkitt-Typ";"C918"
1392;"LymphatischeLeukämie,nichtnäherbezeichnet";"C919"
1394;"AkutemyeloischeLeukämie";"C920"
1395;"ChronischemyeloischeLeukämie";"C921"
1396;"SubakutemyeloischeLeukämie";"C922"
1397;"Myelosarkom,Chlorom,GranulozytäresSarkom";"C923"
1398;"AkutepromyelozytäreLeukämie";"C924"
1399;"AkutemyelomonozytäreLeukämie";"C925"
14451;"AkutemyeloischeLeukämiemit11q23-Abnormität";"C926"
1400;"SonstigemyeloischeLeukämie";"C927"
14452;"AkutemyeloischeLeukämiemitmultilineärerDysplasie";"C928"
1401;"MyeloischeLeukämie,nichtnäherbezeichnet";"C929"
1403;"AkuteMonozytenleukämie";"C930"
1404;"ChronischeMonozytenleukämie";"C931"
14453;"JuvenilemyelomonozytäreLeukämie";"C933"
1406;"SonstigeMonozytenleukämie";"C937"
1407;"Monozytenleukämie,nichtnäherbezeichnet";"C939"
1409;"AkuteErythrämieundErythroleukämie,AkuteerythrämischeMyelose,Di-Guglielmo-Krankheit";"C940"
1411;"AkuteMegakaryoblastenleukämie,Leukämie:megakaryoblastisch(akut),megakaryozytär(akut)";"C942"
1412;"Mastzellenleukämie";"C943"
1413;"AkutePanmyelose";"C944"
14454;"MyelodysplastischeundmyeloproliferativeKrankheit,nichtklassifizierbar";"C946"
1415;"SonstigenäherbezeichneteLeukämien,Lymphosarkomzellen-Leukämie";"C947"
1417;"AkuteLeukämienichtnäherbezeichnetenZelltyps,Blastzellenleukämie,Stammzellenleukämie";"C950"
1418;"ChronischeLeukämienichtnäherbezeichnetenZelltyps";"C951"
1420;"SonstigeLeukämienichtnäherbezeichnetenZelltyps";"C957"
1421;"Leukämie,nichtnäherbezeichnet";"C959"
1423;"Abt-Letterer-Siwe-Krankheit,Letterer-Siwe-Krankheit,Retikuloendotheliose,Retikulose,ohneLipoidspeicherung";"C960"
1425;"BösartigerMastzelltumor,Bösartige(s):Mastozytom,Mastozytose,Mastzellsarkom";"C962"
14455;"SarkomderdendritischenZellen(akzessorischeZellen)";"C964"
14456;"MultifokaleundunisystemischeLangerhans-Zell-Histiozytose";"C965"
14457;"UnifokaleLangerhans-Zell-Histiozytose";"C966"
1427;"SonstigenäherbezeichnetebösartigeNeubildungendeslymphatischen,blutbildendenundverwandtenGewebes";"C967"
14458;"HistiozytischesSarkom";"C968"
1428;"BösartigeNeubildungdeslymphatischen,blutbildendenundverwandtenGewebes,nichtnäherbezeichnet";"C969"
1429;"BösartigeNeubildungenalsPrimärtumorenanmehrerenLokalisationen";"C97"
1431;"Carcinomainsitu-Lippe,MundhöhleundPharynx,AryepiglottischeFalte:hypopharyngealeSeite,Randzone,o.n.A.,Lippenrotgrenze";"D000"
1432;"Carcinomainsitu-Ösophagus";"D001"
1433;"Carcinomainsitu-Magen";"D002"
1435;"Carcinomainsitu-Kolon";"D010"
1436;"Carcinomainsitu-Rektosigmoid,Übergang";"D011"
1437;"Carcinomainsitu-Rektum";"D012"
1438;"Carcinomainsitu-AnalkanalundAnus";"D013"
1439;"Carcinomainsitu-SonstigeundnichtnäherbezeichneteTeiledesDarmes";"D014"
1440;"Carcinomainsitu-Leber,GallenblaseundGallengänge,Ampullahepatopancreatica[AmpullaVateri]";"D015"
1441;"Carcinomainsitu-SonstigenäherbezeichneteVerdauungsorgane,Pankreas";"D017"
1442;"Carcinomainsitu-Verdauungsorgan,nichtnäherbezeichnet";"D019"
1444;"Carcinomainsitu-Larynx,AryepiglottischeFalte,laryngealeSeite,Epiglottis(suprahyoidalerAnteil)";"D020"
1445;"Carcinomainsitu-Trachea";"D021"
1446;"Carcinomainsitu-BronchusundLunge";"D022"
1447;"Carcinomainsitu-SonstigeTeiledesAtmungssystems,Mittelohr,Nasenhöhlen,Nebenhöhlen";"D023"
1448;"Carcinomainsitu-Atmungssystem,nichtnäherbezeichnet";"D024"
1450;"MelanomainsituderLippe";"D030"
1451;"MelanomainsitudesAugenlides,einschließlichKanthus";"D031"
1452;"MelanomainsitudesOhresunddesäußerenGehörganges";"D032"
1453;"MelanomainsitusonstigerundnichtnäherbezeichneterTeiledesGesichtes";"D033"
1454;"MelanomainsituderbehaartenKopfhautunddesHalses";"D034"
1455;"MelanomainsitudesRumpfes,Anus:Haut,Rand(-Gebiet)/Brustdrüsen(Haut)(Weichteilgewebe),Perianalhaut";"D035"
1456;"MelanomainsituderoberenExtremität,einschließlichSchulter";"D036"
1457;"MelanomainsituderunterenExtremität,einschließlichHüfte";"D037"
1458;"MelanomainsituansonstigenLokalisationen";"D038"
1459;"Melanomainsitu,nichtnäherbezeichnet";"D039"
1461;"Carcinomainsitu-Lippenhaut";"D040"
1462;"Carcinomainsitu-HautdesAugenlides,einschließlichKanthus";"D041"
1463;"Carcinomainsitu-HautdesOhresunddesäußerenGehörganges";"D042"
1464;"Carcinomainsitu-HautsonstigerundnichtnäherbezeichneterTeiledesGesichtes";"D043"
1465;"Carcinomainsitu-BehaarteKopfhautundHautdesHalses";"D044"
1466;"Carcinomainsitu-HautdesRumpfes,Anus:Haut,Rand(-Gebiet)/HautderBrustdrüse,Perianalhaut";"D045"
1467;"Carcinomainsitu-HautderoberenExtremität,einschließlichSchulter";"D046"
1468;"Carcinomainsitu-HautderunterenExtremität,einschließlichHüfte";"D047"
1469;"Carcinomainsitu-HautansonstigenLokalisationen";"D048"
1470;"Carcinomainsitu-Haut,nichtnäherbezeichnet";"D049"
1472;"LobuläresCarcinomainsituderBrustdrüse";"D050"
1473;"CarcinomainsituderMilchgänge";"D051"
1474;"SonstigesCarcinomainsituderBrustdrüse";"D057"
1475;"CarcinomainsituderBrustdrüse,nichtnäherbezeichnet";"D059"
1477;"Carcinomainsitu-ZervikaleintraepithelialeNeoplasie[CIN]III-Endozervix";"D060"
1478;"Carcinomainsitu-ZervikaleintraepithelialeNeoplasie[CIN]III-Ektozervix";"D061"
1479;"Carcinomainsitu-ZervikaleintraepithelialeNeoplasie[CIN]III-SonstigeTeilederCervixuteri";"D067"
1480;"Carcinomainsitu-ZervikaleintraepithelialeNeoplasie[CIN]III-Cervixuteri,nichtnäherbezeichnet";"D069"
1482;"Carcinomainsitu-Endometrium";"D070"
1483;"Carcinomainsitu-Vulva,IntraepithelialeNeoplasiederVulva[VIN]III.Grades,mitoderohneAngabeeinerhochgradigenDysplasie";"D071"
1484;"Carcinomainsitu-Vagina,IntraepithelialeNeoplasiederVagina[VAIN]III.Grades,mitoderohneAngabeeinerhochgradigenDysplasie";"D072"
1485;"Carcinomainsitu-SonstigeundnichtnäherbezeichneteweiblicheGenitalorgane";"D073"
1486;"Carcinomainsitu-Penis,ErythroplasieQueyrato.n.A.";"D074"
1487;"Carcinomainsitu-Prostata";"D075"
1488;"Carcinomainsitu-SonstigeundnichtnäherbezeichnetemännlicheGenitalorgane";"D076"
1490;"Carcinomainsitu-Harnblase";"D090"
1491;"Carcinomainsitu-SonstigeundnichtnäherbezeichneteHarnorgane";"D091"
1492;"Carcinomainsitu-Auge";"D092"
1493;"Carcinomainsitu-SchilddrüseundsonstigeendokrineDrüsen";"D093"
1494;"CarcinomainsitusonstigernäherbezeichneterLokalisationen";"D097"
1495;"Carcinomainsitu,nichtnäherbezeichnet";"D099"
1497;"GutartigeNeubildung-Lippe,Lippe(Frenulumlabii)(Innenseite)(Schleimhaut)(Lippenrotgrenze)";"D100"
1498;"GutartigeNeubildung-Zunge,Zungentonsille";"D101"
1499;"GutartigeNeubildung-Mundboden";"D102"
1500;"GutartigeNeubildung-SonstigeundnichtnäherbezeichneteTeiledesMundes,KleineSpeicheldrüseo.n.A.";"D103"
1501;"GutartigeNeubildung-Tonsille,Tonsille(Schlund-)(Gaumen-)";"D104"
1502;"GutartigeNeubildung-SonstigeTeiledesOropharynx,Epiglottis,Vorderfläche,Fossatonsillaris,Gaumenbögen,Vallecula";"D105"
1503;"GutartigeNeubildung-Nasopharynx,HinterranddesNasenseptumsundderChoanen,Rachentonsille";"D106"
1504;"GutartigeNeubildung-Hypopharynx";"D107"
1505;"GutartigeNeubildung-Pharynx,nichtnäherbezeichnet";"D109"
1507;"GutartigeNeubildung-Parotis";"D110"
1508;"GutartigeNeubildung-SonstigegroßeSpeicheldrüsen,Glandula:sublingualis,submandibularis";"D117"
1509;"GutartigeNeubildung-GroßeSpeicheldrüse,nichtnäherbezeichnet";"D119"
1511;"GutartigeNeubildung-Zäkum,Ileozäkalklappe[Bauhin]";"D120"
1512;"GutartigeNeubildung-Appendixvermiformis";"D121"
1513;"GutartigeNeubildung-Colonascendens";"D122"
1514;"GutartigeNeubildung-Colontransversum,Flexuracolidextra[hepatica],Flexuracolisinistra[lienalis]";"D123"
1515;"GutartigeNeubildung-Colondescendens";"D124"
1516;"GutartigeNeubildung-Colonsigmoideum";"D125"
1517;"GutartigeNeubildung-Kolon,nichtnäherbezeichnet,AdenomatosedesKolons,Dickdarmo.n.A.,Polyposiscoli(hereditär)";"D126"
1518;"GutartigeNeubildung-Rektosigmoid,Übergang";"D127"
1519;"GutartigeNeubildung-Rektum";"D128"
1520;"GutartigeNeubildung-AnalkanalundAnus";"D129"
1522;"GutartigeNeubildung-Ösophagus";"D130"
1523;"GutartigeNeubildung-Magen";"D131"
1524;"GutartigeNeubildung-Duodenum";"D132"
1525;"GutartigeNeubildung-SonstigeundnichtnäherbezeichneteTeiledesDünndarmes";"D133"
1526;"GutartigeNeubildung-Leber,IntrahepatischeGallengänge";"D134"
1527;"GutartigeNeubildung-ExtrahepatischeGallengänge";"D135"
1528;"GutartigeNeubildung-Pankreas";"D136"
1529;"GutartigeNeubildung-EndokrinerDrüsenanteildesPankreas,Inselzelltumor,Insulinom";"D137"
1530;"GutartigeNeubildung-UngenaubezeichneteLokalisationeninnerhalbdesVerdauungssystems,Darmo.n.A.,Milz,Verdauungssystemo.n.A.";"D139"
1532;"GutartigeNeubildung-Mittelohr,NasenhöhleundNasennebenhöhlen,Nasenknorpel";"D140"
1533;"GutartigeNeubildung-Larynx,Epiglottis(suprahyoidalerAnteil)";"D141"
1534;"GutartigeNeubildung-Trachea";"D142"
1535;"GutartigeNeubildung-BronchusundLunge";"D143"
1536;"GutartigeNeubildung-Atmungssystem,nichtnäherbezeichnet";"D144"
1538;"GutartigeNeubildung-Thymus";"D150"
1539;"GutartigeNeubildung-Herz";"D151"
1540;"GutartigeNeubildung-Mediastinum";"D152"
1541;"GutartigeNeubildung-SonstigenäherbezeichneteintrathorakaleOrgane";"D157"
1542;"GutartigeNeubildung-IntrathorakalesOrgan,nichtnäherbezeichnet";"D159"
1544;"GutartigeNeubildung-SkapulaundGelenkknorpel,langeKnochenundGelenkknorpelderoberenExtremität";"D160"
1545;"GutartigeNeubildung-KurzeKnochenundGelenkknorpelderoberenExtremität";"D161"
1546;"GutartigeNeubildung-LangeKnochenundGelenkknorpelderunterenExtremität";"D162"
1547;"GutartigeNeubildung-KurzeKnochenundGelenkknorpelderunterenExtremität";"D163"
1548;"GutartigeNeubildung-KnochenundGelenkknorpeldesHirn-undGesichtsschädels,KnochenundGelenkknorpelderAugenhöhle,Oberkiefer";"D164"
1549;"GutartigeNeubildung-KnochenundGelenkknorpel-Unterkieferknochen,Mandibula";"D165"
1550;"GutartigeNeubildung-KnochenundGelenkknorpel-Wirbelsäule";"D166"
1551;"GutartigeNeubildung-KnochenundGelenkknorpel-Rippen,SternumundKlavikula";"D167"
1552;"GutartigeNeubildung-KnochenundGelenkknorpel-Becken,Hüftbeine,Kreuzbein,Steißbein";"D168"
1553;"GutartigeNeubildung-KnochenundGelenkknorpel,nichtnäherbezeichnet";"D169"
1555;"GutartigeNeubildungdesFettgewebesderHautundderUnterhautdesKopfes,desGesichtesunddesHalses";"D170"
1556;"GutartigeNeubildungdesFettgewebesderHautundderUnterhautdesRumpfes";"D171"
1557;"GutartigeNeubildungdesFettgewebesderHautundderUnterhautderExtremitäten";"D172"
1558;"GutartigeNeubildungdesFettgewebesderHautundderUnterhautansonstigenundnichtnäherbezeichnetenLokalisationen";"D173"
1559;"GutartigeNeubildungdesFettgewebesderintrathorakalenOrgane";"D174"
1560;"GutartigeNeubildungdesFettgewebesderintraabdominalenOrgane";"D175"
1561;"GutartigeNeubildungdesFettgewebesdesSamenstrangs";"D176"
1562;"GutartigeNeubildungdesFettgewebesansonstigenLokalisationen";"D177"
1563;"GutartigeNeubildungdesFettgewebes,nichtnäherbezeichnet,Lipomo.n.A.";"D179"
1565;"Hämangiom,jedeLokalisation,Angiomo.n.A.";"D180"
1566;"Lymphangiom,jedeLokalisation";"D181"
1568;"GutartigeNeubildung-MesothelialesGewebederPleura";"D190"
1569;"GutartigeNeubildung-MesothelialesGewebedesPeritoneums";"D191"
1570;"GutartigeNeubildung-MesothelialesGewebeansonstigenLokalisationen";"D197"
1571;"GutartigeNeubildung-MesothelialesGewebe,nichtnäherbezeichnet,GutartigesMesotheliomo.n.A.";"D199"
1573;"GutartigeNeubildung-Weichteilgewebe-Retroperitoneum";"D200"
1574;"GutartigeNeubildung-Weichteilgewebe-Peritoneum";"D201"
1576;"GutartigeNeubildung-BindegewebeundandereWeichteilgewebedesKopfes,desGesichtesunddesHalses,Bindegewebe:Augenlid,Ohr";"D210"
1577;"GutartigeNeubildung-BindegewebeundandereWeichteilgewebederoberenExtremität,einschließlichSchulter";"D211"
1578;"GutartigeNeubildung-BindegewebeundandereWeichteilgewebederunterenExtremität,einschließlichHüfte";"D212"
1579;"GutartigeNeubildung-BindegewebeundandereWeichteilgewebedesThorax,Axilla,GroßeGefäße,Zwerchfell";"D213"
1580;"GutartigeNeubildung-BindegewebeundandereWeichteilgewebedesAbdomens";"D214"
1581;"GutartigeNeubildung-BindegewebeundandereWeichteilgewebedesBeckens";"D215"
1582;"GutartigeNeubildung-BindegewebeundandereWeichteilgewebedesRumpfes,nichtnäherbezeichnet,Rückeno.n.A.";"D216"
1583;"GutartigeNeubildung-BindegewebeundandereWeichteilgewebe,nichtnäherbezeichnet";"D219"
1585;"MelanozytennävusderLippe";"D220"
1586;"MelanozytennävusdesAugenlides,einschließlichKanthus";"D221"
1587;"MelanozytennävusdesOhresunddesäußerenGehörganges";"D222"
1588;"MelanozytennävussonstigerundnichtnäherbezeichneterTeiledesGesichtes";"D223"
1589;"MelanozytennävusderbehaartenKopfhautunddesHalses";"D224"
1590;"MelanozytennävusdesRumpfes.Inkl.:Anus:Haut,Rand(-Gebiet),HautderBrustdrüse,Perianalhaut";"D225"
1591;"MelanozytennävusderoberenExtremität,einschließlichSchulter";"D226"
1592;"MelanozytennävusderunterenExtremität,einschließlichHüfte";"D227"
1593;"Melanozytennävus,nichtnäherbezeichnet";"D229"
1595;"GutartigeNeubildung-Lippenhaut";"D230"
1596;"GutartigeNeubildung-HautdesAugenlides,einschließlichKanthus";"D231"
1597;"GutartigeNeubildung-HautdesOhresunddesäußerenGehörganges";"D232"
1598;"GutartigeNeubildung-HautsonstigerundnichtnäherbezeichneterTeiledesGesichtes";"D233"
1599;"GutartigeNeubildung-BehaarteKopfhautundHautdesHalses";"D234"
1600;"GutartigeNeubildung-HautdesRumpfes,Anus:Haut,Rand(-Gebiet),HautderBrustdrüse,Perianalhaut";"D235"
1601;"GutartigeNeubildung-HautderoberenExtremität,einschließlichSchulter";"D236"
1602;"GutartigeNeubildung-HautderunterenExtremität,einschließlichHüfte";"D237"
1603;"GutartigeNeubildung-Haut,nichtnäherbezeichnet";"D239"
1604;"GutartigeNeubildungderBrustdrüse[Mamma],Brustdrüse:Bindegewebe,Weichteile";"D24"
1606;"SubmukösesLeiomyomdesUterus";"D250"
1607;"IntramuralesLeiomyomdesUterus";"D251"
1608;"SubserösesLeiomyomdesUterus";"D252"
1609;"LeiomyomdesUterus,nichtnäherbezeichnet";"D259"
1611;"SonstigegutartigeNeubildung-Cervixuteri";"D260"
1612;"SonstigegutartigeNeubildung-Corpusuteri";"D261"
1613;"SonstigegutartigeNeubildung-SonstigeTeiledesUterus";"D267"
1614;"SonstigegutartigeNeubildung-Uterus,nichtnäherbezeichnet";"D269"
1615;"GutartigeNeubildungdesOvars";"D27"
1617;"GutartigeNeubildung-Vulva";"D280"
1618;"GutartigeNeubildung-Vagina";"D281"
1619;"GutartigeNeubildung-TubaeuterinaeundLigamenta,Lig.(latum)(teres)uteri,Tubauterina[Falloppio]";"D282"
1620;"GutartigeNeubildung-SonstigenäherbezeichneteweiblicheGenitalorgane";"D287"
1621;"GutartigeNeubildung-WeiblichesGenitalorgan,nichtnäherbezeichnet";"D289"
1623;"GutartigeNeubildung-Penis";"D290"
1624;"GutartigeNeubildung-Prostata";"D291"
1625;"GutartigeNeubildung-Hoden";"D292"
1626;"GutartigeNeubildung-Nebenhoden";"D293"
1627;"GutartigeNeubildung-Skrotum,Skrotalhaut";"D294"
1628;"GutartigeNeubildung-SonstigemännlicheGenitalorgane,Bläschendrüse[Samenbläschen],Samenstrang,Tunicavaginalistestis";"D297"
1629;"GutartigeNeubildung-MännlichesGenitalorgan,nichtnäherbezeichnet";"D299"
1631;"GutartigeNeubildung-Niere";"D300"
1632;"GutartigeNeubildung-Nierenbecken";"D301"
1633;"GutartigeNeubildung-Ureter";"D302"
1634;"GutartigeNeubildung-Harnblase,Ostiumureteris,Ostiumurethraeinternum";"D303"
1635;"GutartigeNeubildung-Urethra";"D304"
1636;"GutartigeNeubildung-SonstigeHarnorgane,ParaurethraleDrüsen";"D307"
1637;"GutartigeNeubildung-Harnorgan,nichtnäherbezeichnet,Harnsystemo.n.A.";"D309"
1639;"GutartigeNeubildung-Konjunktiva";"D310"
1640;"GutartigeNeubildung-Kornea";"D311"
1641;"GutartigeNeubildung-Retina";"D312"
1642;"GutartigeNeubildung-Chorioidea";"D313"
1643;"GutartigeNeubildung-Ziliarkörper,Augapfel";"D314"
1644;"GutartigeNeubildung-TränendrüseundTränenwege,Ductusnasolacrimalis,Tränensack";"D315"
1645;"GutartigeNeubildung-Orbita,nichtnäherbezeichnet,BindegewebederOrbita,ExtraokuläreMuskeln,PeriphereNervenderOrbita,RetrobulbäresGewebe,RetrookuläresGewebe";"D316"
1646;"GutartigeNeubildung-Auge,nichtnäherbezeichnet";"D319"
1648;"GutartigeNeubildung-Hirnhäute";"D320"
1649;"GutartigeNeubildung-Rückenmarkhäute";"D321"
1650;"GutartigeNeubildung-Meningen,nichtnäherbezeichnet,Meningeomo.n.A.";"D329"
1652;"GutartigeNeubildung-Gehirn,supratentoriell;Zerebrum,Lobus:frontalis,occipitalis,parietalis,temporalis,Ventrikel";"D330"
1653;"GutartigeNeubildung-Gehirn,infratentoriell;Hirnstamm,Zerebellum,IV.Ventrikel";"D331"
1654;"GutartigeNeubildung-Gehirn,nichtnäherbezeichnet";"D332"
1655;"GutartigeNeubildung-Hirnnerven,Bulbusolfactorius";"D333"
1656;"GutartigeNeubildung-Rückenmark";"D334"
1657;"GutartigeNeubildung-SonstigenäherbezeichneteTeiledesZentralnervensystems";"D337"
1658;"GutartigeNeubildung-Zentralnervensystem,nichtnäherbezeichnet,Nervensystem(ZNS)o.n.A.";"D339"
1659;"GutartigeNeubildungderSchilddrüse";"D34"
1661;"GutartigeNeubildung-Nebenniere";"D350"
1662;"GutartigeNeubildung-Nebenschilddrüse";"D351"
1663;"GutartigeNeubildung-Hypophyse";"D352"
1664;"GutartigeNeubildung-Ductuscraniopharyngealis";"D353"
1665;"GutartigeNeubildung-Epiphyse[Glandulapinealis][Zirbeldrüse]";"D354"
1666;"GutartigeNeubildung-Glomuscaroticum";"D355"
1667;"GutartigeNeubildung-GlomusaorticumundsonstigeParaganglien";"D356"
1668;"GutartigeNeubildung-SonstigenäherbezeichneteendokrineDrüsen";"D357"
1669;"GutartigeNeubildung-BeteiligungmehrererendokrinerDrüsen";"D358"
1670;"GutartigeNeubildung-EndokrineDrüse,nichtnäherbezeichnet";"D359"
1672;"GutartigeNeubildung-Lymphknoten";"D360"
1673;"GutartigeNeubildung-PeriphereNervenundautonomesNervensystem";"D361"
1674;"GutartigeNeubildung-SonstigenäherbezeichneteLokalisationen,Naseo.n.A.";"D367"
1675;"GutartigeNeubildungannichtnäherbezeichneterLokalisation";"D369"
1677;"NeubildungunsicherenoderunbekanntenVerhaltens-Lippe,MundhöhleundPharynx,AryepiglottischeFalte:hypopharyngealeSeite,Randzone,o.n.A.,GroßeundkleineSpeicheldrüsen,Lippenrotgrenze";"D370"
1678;"NeubildungunsicherenoderunbekanntenVerhaltens-Magen";"D371"
1679;"NeubildungunsicherenoderunbekanntenVerhaltens-Dünndarm";"D372"
1680;"NeubildungunsicherenoderunbekanntenVerhaltens-Appendixvermiformis";"D373"
1681;"NeubildungunsicherenoderunbekanntenVerhaltens-Kolon";"D374"
1682;"NeubildungunsicherenoderunbekanntenVerhaltens-Rektum,Rektosigmoid,Übergang";"D375"
1683;"NeubildungunsicherenoderunbekanntenVerhaltens-Leber,GallenblaseundGallengänge,Ampullahepatopancreatica[AmpullaVateri]";"D376"
1684;"NeubildungunsicherenoderunbekanntenVerhaltens-SonstigeVerdauungsorgane,Anuso.n.A.,Canalisanalis,Darmo.n.A.,Ösophagus,Pankreas,Sphincterani";"D377"
1685;"NeubildungunsicherenoderunbekanntenVerhaltens-Verdauungsorgan,nichtnäherbezeichnet";"D379"
1687;"NeubildungunsicherenoderunbekanntenVerhaltens-Larynx,AryepiglottischeFalte,laryngealeSeite,Epiglottis(suprahyoidalerAnteil)";"D380"
1688;"NeubildungunsicherenoderunbekanntenVerhaltens-Trachea,BronchusundLunge";"D381"
1689;"NeubildungunsicherenoderunbekanntenVerhaltens-Pleura";"D382"
1690;"NeubildungunsicherenoderunbekanntenVerhaltens-Mediastinum";"D383"
1691;"NeubildungunsicherenoderunbekanntenVerhaltens-Thymus";"D384"
1692;"NeubildungunsicherenoderunbekanntenVerhaltens-SonstigeAtmungsorgane,Mittelohr,Nasenhöhlen,Nasenknorpel,Nasennebenhöhlen";"D385"
1693;"NeubildungunsicherenoderunbekanntenVerhaltens-Atmungsorgan,nichtnäherbezeichnet";"D386"
1695;"NeubildungunsicherenoderunbekanntenVerhaltens-Uterus";"D390"
1696;"NeubildungunsicherenoderunbekanntenVerhaltens-Ovar";"D391"
1697;"NeubildungunsicherenoderunbekanntenVerhaltens-Plazenta;Blasenmole:bösartig,invasiv,Chorioadenomadestruens";"D392"
1698;"NeubildungunsicherenoderunbekanntenVerhaltens-SonstigeweiblicheGenitalorgane,HautderweiblichenGenitalorgane";"D397"
1699;"NeubildungunsicherenoderunbekanntenVerhaltens-WeiblichesGenitalorgan,nichtnäherbezeichnet";"D399"
1701;"NeubildungunsicherenoderunbekanntenVerhaltens-Prostata";"D400"
1702;"NeubildungunsicherenoderunbekanntenVerhaltens-Hoden";"D401"
1703;"NeubildungunsicherenoderunbekanntenVerhaltens-SonstigemännlicheGenitalorgane,HautdermännlichenGenitalorgane";"D407"
1704;"NeubildungunsicherenoderunbekanntenVerhaltens-MännlichesGenitalorgan,nichtnäherbezeichnet";"D409"
1706;"NeubildungunsicherenoderunbekanntenVerhaltens-Niere";"D410"
1707;"NeubildungunsicherenoderunbekanntenVerhaltens-Nierenbecken";"D411"
1708;"NeubildungunsicherenoderunbekanntenVerhaltens-Ureter";"D412"
1709;"NeubildungunsicherenoderunbekanntenVerhaltens-Urethra";"D413"
1710;"NeubildungunsicherenoderunbekanntenVerhaltens-Harnblase";"D414"
1711;"NeubildungunsicherenoderunbekanntenVerhaltens-SonstigeHarnorgane";"D417"
1712;"NeubildungunsicherenoderunbekanntenVerhaltens-Harnorgan,nichtnäherbezeichnet";"D419"
1714;"NeubildungunsicherenoderunbekanntenVerhaltens-Hirnhäute";"D420"
1715;"NeubildungunsicherenoderunbekanntenVerhaltens-Rückenmarkhäute";"D421"
1716;"NeubildungunsicherenoderunbekanntenVerhaltens-Meningen,nichtnäherbezeichnet";"D429"
1718;"NeubildungunsicherenoderunbekanntenVerhaltens-Gehirn,supratentoriell,ZerebrumLobus:frontalis,occipitalis,parietalis,temporalis,Ventrikel";"D430"
1719;"NeubildungunsicherenoderunbekanntenVerhaltens-Gehirn,infratentoriell,Hirnstamm,Zerebellum,IV.Ventrikel";"D431"
1720;"NeubildungunsicherenoderunbekanntenVerhaltens-Gehirn,nichtnäherbezeichnet";"D432"
1721;"NeubildungunsicherenoderunbekanntenVerhaltens-Hirnnerven";"D433"
1722;"NeubildungunsicherenoderunbekanntenVerhaltens-Rückenmark";"D434"
1723;"NeubildungunsicherenoderunbekanntenVerhaltens-SonstigeTeiledesZentralnervensystems";"D437"
1724;"NeubildungunsicherenoderunbekanntenVerhaltens-Zentralnervensystem,nichtnäherbezeichnet,Nervensystem(ZNS)o.n.A.";"D439"
1726;"NeubildungunsicherenoderunbekanntenVerhaltens-Schilddrüse";"D440"
1727;"NeubildungunsicherenoderunbekanntenVerhaltens-Nebenniere";"D441"
1728;"NeubildungunsicherenoderunbekanntenVerhaltens-Nebenschilddrüse";"D442"
1729;"NeubildungunsicherenoderunbekanntenVerhaltens-Hypophyse";"D443"
1730;"NeubildungunsicherenoderunbekanntenVerhaltens-Ductuscraniopharyngealis";"D444"
1731;"NeubildungunsicherenoderunbekanntenVerhaltens-Epiphyse[Glandulapinealis][Zirbeldrüse]";"D445"
1732;"NeubildungunsicherenoderunbekanntenVerhaltens-Glomuscaroticum";"D446"
1733;"NeubildungunsicherenoderunbekanntenVerhaltens-GlomusaorticumundsonstigeParaganglien";"D447"
1734;"NeubildungunsicherenoderunbekanntenVerhaltens-BeteiligungmehrererendokrinerDrüsen,MultipleendokrineAdenomatose";"D448"
1735;"NeubildungunsicherenoderunbekanntenVerhaltens-EndokrineDrüse,nichtnäherbezeichnet";"D449"
1736;"Polycythaemiavera,MorphologieschlüsselnummerM9950mitMalignitätsgrad/1";"D45"
1738;"RefraktäreAnämieohneRingsideroblasten,sobezeichnet";"D460"
1739;"RefraktäreAnämiemitRingsideroblasten";"D461"
1740;"RefraktäreAnämiemitBlastenüberschuß";"D462"
1742;"RefraktäreAnämie,nichtnäherbezeichnet";"D464"
14459;"RefraktäreAnämiemitMehrlinien-Dysplasie";"D465"
14460;"MyelodysplastischesSyndrommitisolierterdel(5q)-Chromosomenanomalie";"D466"
1743;"SonstigemyelodysplastischeSyndrome";"D467"
1744;"MyelodysplastischesSyndrom,nichtnäherbezeichnet,Myelodysplasieo.n.A.,Präleukämie(-Syndrom)o.n.A.";"D469"
1746;"Histiozyten-undMastzelltumorunsicherenoderunbekanntenVerhaltens,Mastozytomo.n.A.,Mastzelltumoro.n.A.";"D470"
1747;"ChronischemyeloproliferativeKrankheit,Myelofibrose(mitmyeloiderMetaplasie),MyeloproliferativeKrankheit,nichtnäherbezeichnet,Myelosklerose(megakaryozytär)mitmyeloiderMetaplasie";"D471"
1748;"MonoklonaleGammopathie";"D472"
1749;"Essentielle(hämorrhagische)Thrombozythämie,IdiopathischehämorrhagischeThrombozythämie";"D473"
14461;"Osteomyelofibrose";"D474"
14462;"ChronischeEosinophilen-Leukämie[HypereosinophilesSyndrom]";"D475"
1750;"SonstigenäherbezeichneteNeubildungenunsicherenoderunbekanntenVerhaltensdeslymphatischen,blutbildendenundverwandtenGewebes";"D477"
1751;"NeubildungunsicherenoderunbekanntenVerhaltensdeslymphatischen,blutbildendenundverwandtenGewebes,nichtnäherbezeichnet,LymphoproliferativeKrankheito.n.A.";"D479"
1753;"NeubildungunsicherenoderunbekanntenVerhaltens-KnochenundGelenkknorpel";"D480"
1754;"NeubildungunsicherenoderunbekanntenVerhaltens-BindegewebeundandereWeichteilgewebe";"D481"
1755;"NeubildungunsicherenoderunbekanntenVerhaltens-PeriphereNervenundautonomesNervensystem";"D482"
1756;"NeubildungunsicherenoderunbekanntenVerhaltens-Retroperitoneum";"D483"
1757;"NeubildungunsicherenoderunbekanntenVerhaltens-Peritoneum";"D484"
1758;"NeubildungunsicherenoderunbekanntenVerhaltens-Haut;inkl.:Anus:Haut,Rand(-Gebiet),HautderBrustdrüse,Perianalhaut";"D485"
1759;"NeubildungunsicherenoderunbekanntenVerhaltens-Brustdrüse[Mamma],BindegewebederBrustdrüse,Cystosarcomaphylloides";"D486"
1760;"NeubildungunsicherenoderunbekanntenVerhaltens-SonstigenäherbezeichneteLokalisationen,Auge,Herz,PeriphereNervenderOrbita";"D487"
1761;"NeubildungunsicherenoderunbekanntenVerhaltens,nichtnäherbezeichnet,Neoplasmao.n.A.,Neubildungo.n.A.,Tumoro.n.A.";"D489"
1763;"EisenmangelanämienachBlutverlust(chronisch),PosthämorrhagischeAnämie(chronisch)";"D500"
1764;"SideropenischeDysphagie,Kelly-Paterson-Syndrom,Plummer-Vinson-Syndrom";"D501"
1765;"SonstigeEisenmangelanämien";"D508"
1766;"Eisenmangelanämie,nichtnäherbezeichnet";"D509"
1768;"Vitamin-B12-MangelanämiedurchMangelanIntrinsic-Faktor,Anämie:Addison-,Biermer-,perniziös(angeboren),AngeborenerMangelanIntrinsic-Faktor";"D510"
1769;"Vitamin-B12-MangelanämiedurchselektiveVitamin-B12-MalabsorptionmitProteinurie,Imerslund-Gräsbeck-Syndrom,MegaloblastärehereditäreAnämie";"D511"
1770;"Transcobalamin-II-Mangel(-Anämie)";"D512"
1771;"SonstigealimentäreVitamin-B12-Mangelanämie.Inkl.:Vitamin-B12-MangelanämiestrikterVegetarier";"D513"
1772;"SonstigeVitamin-B12-Mangelanämien";"D518"
1773;"Vitamin-B12-Mangelanämie,nichtnäherbezeichnet";"D519"
1775;"AlimentäreFolsäure-Mangelanämie,AlimentäremegaloblastäreAnämie";"D520"
1776;"ArzneimittelinduzierteFolsäure-Mangelanämie,";"D521"
1777;"SonstigeFolsäure-Mangelanämien";"D528"
1778;"Folsäure-Mangelanämie,nichtnäherbezeichnet,Folsäure-Mangelanämieo.n.A.";"D529"
1780;"Eiweißmangelanämie,Aminosäuremangelanämie,AnämiebeiOrotazidurie";"D530"
1781;"SonstigemegaloblastäreAnämien,anderenortsnichtklassifiziert,MegaloblastäreAnämieo.n.A.";"D531"
1782;"Skorbutanämie";"D532"
1783;"SonstigenäherbezeichnetealimentäreAnämien.Inkl.:AnämieinVerbindungmitMangelan:Kupfer,Molybdän,Zink";"D538"
1784;"AlimentäreAnämie,nichtnäherbezeichnet,EinfachechronischeAnämie";"D539"
1786;"AnämiedurchGlukose-6-Phosphat-Dehydrogenase[G6PD]-Mangel,Favismus,G6PD-Mangelanämie";"D550"
1787;"AnämiedurchsonstigeStörungendesGlutathionstoffwechsels,EnzymmangelmitBezugzumHexosemonophosphat[HMP]-Shunt,ausgenommenG6PD-Mangel,hämolytisch,nichtsphärozytär(hereditär),TypI";"D551"
1788;"AnämiedurchStörungenglykolytischerEnzyme,Anämie(durch):hämolytisch,nichtsphärozytär(hereditär),TypII,Hexokinase-Mangel,Pyruvatkinase[PK]-Mangel,Triosephosphat-Isomerase-Mangel";"D552"
1789;"AnämiedurchStörungendesNukleotidstoffwechsels";"D553"
1790;"SonstigeAnämiendurchEnzymdefekte";"D558"
1791;"AnämiedurchEnzymdefekte,nichtnäherbezeichnet";"D559"
1793;"Alpha-Thalassämie";"D560"
1794;"Beta-Thalassämie,Cooley-Anämie,SchwereBeta-Thalassämie,Sichelzell(en)-Beta-Thalassämie,Thalassaemia:intermedia.major";"D561"
1795;"Delta-Beta-Thalassämie";"D562"
1796;"Thalassämie-Erbanlage";"D563"
1797;"HereditärePersistenzfetalenHämoglobins[HPFH]";"D564"
1798;"SonstigeThalassämien";"D568"
1799;"Thalassämie,nichtnäherbezeichnet,Mittelmeeranämie(mitsonstigerHämoglobinopathie),Thalassämie/Thalassaemia(minor)(gemischt)(mitsonstigerHämoglobinopathie)";"D569"
1801;"SichelzellenanämiemitKrisen,Hb-SS-KrankheitmitKrisen";"D570"
1802;"SichelzellenanämieohneKrisen,Sichelzellen:Anämie,Krankheit,Störung,o.n.A.";"D571"
1803;"DoppeltheterozygoteSichelzellenkrankheiten,Krankheit:Hb-SC,Hb-SD,Hb-SE";"D572"
1804;"Sichelzellen-Erbanlage,Hb-S-Erbanlage,HeterozygotesHämoglobinS";"D573"
1805;"SonstigeSichelzellenkrankheiten";"D578"
1807;"HereditäreSphärozytose,Angeborener(sphärozytärer)hämolytischerIkterus,Hämolytischer(familiärer)Ikterus,Minkowski-Chauffard-Gänsslen-Syndrom";"D580"
1808;"HereditäreElliptozytose,Elliptozytose(angeboren),Ovalozytose(angeboren)(hereditär)";"D581"
1809;"SonstigeHämoglobinopathien,AnomalesHämoglobino.n.A.,Hämoglobinopathieo.n.A.,HämolytischeAnämiedurchinstabileHämoglobine,Krankheit:Hb-C,Hb-D,Hb-E,KongenitaleHeinz-Körper-Anämie";"D582"
1810;"SonstigenäherbezeichnetehereditärehämolytischeAnämien,Stomatozytose";"D588"
1811;"HereditärehämolytischeAnämie,nichtnäherbezeichnet";"D589"
1813;"ArzneimittelinduzierteautoimmunhämolytischeAnämie.";"D590"
1814;"SonstigeautoimmunhämolytischeAnämien,AutoimmunhämolytischeKrankheit(Kälteautoantikörper-Typ)(Wärmeautoantikörper-Typ)";"D591"
1815;"Arzneimittelinduziertenicht-autoimmunhämolytischeAnämie,ArzneimittelinduzierteEnzymmangelanämie.";"D592"
1816;"Hämolytisch-urämischesSyndrom";"D593"
1817;"Sonstigenicht-autoimmunhämolytischeAnämien;mechanisch,mikroangiopathisch,toxisch";"D594"
1818;"ParoxysmalenächtlicheHämoglobinurie[Marchiafava-Micheli]";"D595"
1819;"HämoglobinuriedurchHämolyseinfolgesonstigeräußererUrsachen;Hämoglobinurie:Belastungs-,Marsch-,paroxysmaleKälte-";"D596"
1820;"SonstigeerworbenehämolytischeAnämien";"D598"
1821;"ErworbenehämolytischeAnämie,nichtnäherbezeichnet;IdiopathischehämolytischeAnämie,chronisch";"D599"
1823;"ChronischeerworbeneisolierteaplastischeAnämie";"D600"
1824;"TransitorischeerworbeneisolierteaplastischeAnämie";"D601"
1825;"SonstigeerworbeneisolierteaplastischeAnämien";"D608"
1826;"ErworbeneisolierteaplastischeAnämie,nichtnäherbezeichnet";"D609"
1828;"AngeboreneaplastischeAnämie,Blackfan-Diamond-Anämie,FamiliärehypoplastischeAnämie,Fanconi-Anämie,IsolierteaplastischeAnämie:angeboren,imKindesalter,primär,PanzytopeniemitFehlbildungen";"D610"
1829;"ArzneimittelinduzierteaplastischeAnämie.";"D611"
1830;"AplastischeAnämieinfolgesonstigeräußererUrsachen.SolldieäußereUrsacheangegebenwerden,isteinezusätzlicheSchlüsselnummer(KapitelXX)zubenutzen.";"D612"
1831;"IdiopathischeaplastischeAnämie";"D613"
1832;"SonstigenäherbezeichneteaplastischeAnämien";"D618"
1833;"AplastischeAnämie,nichtnäherbezeichnet,HypoplastischeAnämieo.n.A.,Knochenmarkinsuffizienz,Panmyelopathie,Panmyelophthise";"D619"
1834;"AkuteBlutungsanämie";"D62"
1836;"AnämiebeiNeubildungen(C00-D48+)";"D630"
1837;"Anämiebeisonstigenchronischen,anderenortsklassifiziertenKrankheiten";"D638"
1839;"Hereditäresideroachrestische[sideroblastische]Anämie,X-chromosomal-gebundenehypochromesideroachrestischeAnämie";"D640"
1840;"Sekundäresideroachrestische[sideroblastische]Anämie(krankheitsbedingt),SolldieKrankheitangegebenwerden,isteinezusätzlicheSchlüsselnummerzubenutzen.";"D641"
1841;"Sekundäresideroachrestische[sideroblastische]AnämiedurchArzneimitteloderToxine.SolldieäußereUrsacheangegebenwerden,isteinezusätzlicheSchlüsselnummer(KapitelXX)zubenutzen.";"D642"
1842;"Sonstigesideroachrestische[sideroblastische]Anämien,SideroachrestischeAnämie:pyridoxinsensibel,anderenortsnichtklassifiziert,o.n.A.";"D643"
1843;"KongenitaledyserythropoetischeAnämie,Dyshäm(at)opoetischeAnämie(angeboren)";"D644"
1844;"SonstigenäherbezeichneteAnämien,InfantilePseudoleukämie,LeukoerythroblastischeAnämie";"D648"
1845;"Anämie,nichtnäherbezeichnet";"D649"
1846;"DisseminierteintravasaleGerinnung[Defibrinationssyndrom].Afibrinogenämie,erworben;DiffuseoderdisseminierteintravasaleGerinnung[DIC];Fibrinolyseblutung,erworben";"D65"
1847;"HereditärerFaktor-VIII-Mangel,Faktor-VIII-Mangel(mitFunktionsstörung),Hämophilie:A,klassisch,o.n.A.";"D66"
1848;"HereditärerFaktor-IX-Mangel,Christmasdisease,HämophilieB,Mangel:FaktorIX(mitFunktionsstörung),Plasma-Thromboplastin-Komponente[PTC]";"D67"
1850;"Willebrand-Jürgens-Syndrom,Angiohämophilie,Faktor-VIII-MangelmitStörungderGefäßendothelfunktion,VaskuläreHämophilie";"D680"
1851;"HereditärerFaktor-XI-Mangel,HämophilieC,Plasma-Thromboplastin-Antecedent[PTA]-Mangel";"D681"
1852;"HereditärerMangelansonstigenGerinnungsfaktoren,AngeboreneAfibrinogenämie,Dysfibrinogenämie(angeboren),Hypoprokonvertinämie";"D682"
1853;"HämorrhagischeDiathesedurchzirkulierendeAntikoagulanzien,BlutungbeiDauertherapiemitAntikoagulanzien,Hyperheparinämie,Vermehrungvon:Antithrombin,Anti-VIIIa,Anti-IXa,Anti-Xa,Anti-XIa";"D683"
1854;"ErworbenerMangelanGerinnungsfaktoren,Gerinnungsfaktormangeldurch:Leberkrankheit,Vitamin-K-Mangel";"D684"
14463;"PrimäreThrombophilie";"D685"
14464;"SonstigeThrombophilien";"D686"
1855;"SonstigenäherbezeichneteKoagulopathien.Inkl.:VorhandenseinvonInhibitordessystemischenLupuserythematodes[SLE]";"D688"
1856;"Koagulopathie,nichtnäherbezeichnet";"D689"
1858;"Purpuraanaphylactoides,AllergischeVaskulitis,Purpura:allergica,nichtthrombozytopenisch:hämorrhagisch,idiopathisch,Schoenlein-Henoch,vaskulär";"D690"
1859;"QualitativeThrombozytendefekte,Bernard-Soulier-Syndrom[Riesenthrombozyten-Syndrom],Glanzmann-(Naegeli-)Syndrom,Grey-platelet-Syndrom[SyndromdergrauenThrombozyten]";"D691"
1860;"SonstigenichtthrombozytopenischePurpura.Purpura:senilis,simplex,o.n.A.";"D692"
1861;"IdiopathischethrombozytopenischePurpura,Evans-Syndrom,Werlhof-Krankheit";"D693"
1862;"SonstigeprimäreThrombozytopenie";"D694"
1863;"SekundäreThrombozytopenie,SolldieäußereUrsacheangegebenwerden,isteinezusätzlicheSchlüsselnummer(KapitelXX)zubenutzen.";"D695"
1864;"Thrombozytopenie,nichtnäherbezeichnet";"D696"
1865;"SonstigenäherbezeichnetehämorrhagischeDiathesen,Kapillarbrüchigkeit(hereditär),VaskulärePseudohämophilie";"D698"
1866;"HämorrhagischeDiathese,nichtnäherbezeichnet";"D699"
1867;"Agranulozytose,Agranulocytosisinfantilishereditaria,Anginaagranulocytotica,Kostmann-Syndrom";"D70"
1868;"FunktionelleStörungenderneutrophilenGranulozyten";"D71"
1870;"GenetischbedingteLeukozytenanomalien,Anomalie(Granulation)(Granulozyten)oderSyndrom:Alder-,May-Hegglin-,Pelger-Huet-";"D720"
1871;"Eosinophilie:Inkl.:allergisch,hereditär";"D721"
1872;"SonstigenäherbezeichneteKrankheitenderLeukozyten.LeukämoideReaktion:lymphozytär,monozytär,myelozytär";"D728"
1873;"KrankheitderLeukozyten,nichtnäherbezeichnet";"D729"
1875;"Hyposplenismus,AsplenienachSplenektomie,AtrophiederMilz";"D730"
1876;"Hypersplenismus";"D731"
1877;"Chronisch-kongestiveSplenomegalie";"D732"
1878;"AbszeßderMilz";"D733"
1879;"ZystederMilz";"D734"
1880;"InfarzierungderMilz,Milzruptur,nichttraumatisch,Milztorsion";"D735"
1881;"SonstigeKrankheitenderMilz,FibrosederMilzo.n.A.,Perisplenitis,Splenitiso.n.A.";"D738"
1882;"KrankheitderMilz,nichtnäherbezeichnet";"D739"
1884;"AngeboreneMethämoglobinämie,AngeborenerNADH-Methämoglobinreduktase-Mangel,Hämoglobin-M[Hb-M]-Krankheit,Methämoglobinämie,hereditär";"D740"
1885;"SonstigeMethämoglobinämien,ErworbeneMethämoglobinämie(mitSulfhämoglobinämie),ToxischeMethämoglobinämie";"D748"
1886;"Methämoglobinämie,nichtnäherbezeichnet";"D749"
1888;"FamiliäreErythrozytose,Polyglobulie[Polyzythämie]:familiär,gutartig";"D750"
1889;"SekundärePolyglobulie[Polyzythämie].Polyglobulie:durch:AufenthaltingroßerHöhe,Erythropoetin,Hämokonzentration,Streß,emotionell,erworben,hypoxämisch,relativ,renal";"D751"
1891;"SonstigenäherbezeichneteKrankheitendesBlutesundderblutbildendenOrgane,Basophilie";"D758"
1892;"KrankheitdesBlutesundderblutbildendenOrgane,nichtnäherbezeichnet";"D759"
1895;"HämophagozytäreLymphohistiozytose,FamiliärehämophagozytäreRetikulose,HistiozytosenmononukleärerPhagozyten,ausgenommenderLangerhans-Zelleno.n.A.";"D761"
1896;"HämophagozytäresSyndrombeiInfektionen,SollderInfektionserregeroderdieInfektionskrankheitangegebenwerden,isteinezusätzlicheSchlüsselnummerzubenutzen.";"D762"
1897;"SonstigeHistiozytose-Syndrome,Retikulohistiozytom(Riesenzellen),SinushistiozytosemitmassiverLymphadenopathie,Xanthogranulom";"D763"
1898;"SonstigeKrankheitendesBlutesundderblutbildendenOrganebeianderenortsklassifiziertenKrankheiten,FibrosederMilzbeiSchistosomiasis[Bilharziose](B65.-+)";"D77"
1900;"HereditäreHypogammaglobulinämie,Autosomal-rezessiveAgammaglobulinämie(SchweizerTyp),X-chromosomal-gebundeneAgammaglobulinämie[Bruton](mitWachstumshormonmangel)";"D800"
1901;"NichtfamiliäreHypogammaglobulinämie,AgammaglobulinämiemitImmunglobulin-positivenB-Lymphozyten,Common-variable-Agammaglobulinämie[CVAgamma],Hypogammaglobulinämieo.n.A.";"D801"
1902;"SelektiverImmunglobulin-A-Mangel[IgA-Mangel]";"D802"
1903;"SelektiverMangelanImmunglobulin-G-Subklassen[IgG-Subklassen]";"D803"
1904;"SelektiverImmunglobulin-M-Mangel[IgM-Mangel]";"D804"
1905;"ImmundefektbeierhöhtemImmunglobulinM[IgM]";"D805"
1906;"AntikörpermangelbeiNormo-oderHypergammaglobulinämie";"D806"
1907;"TransitorischeHypogammaglobulinämieimKindesalter";"D807"
1908;"SonstigeImmundefektemitvorherrschendemAntikörpermangel,Kappa-Leichtketten-Defekt";"D808"
1909;"ImmundefektmitvorherrschendemAntikörpermangel,nichtnäherbezeichnet";"D809"
1911;"SchwererkombinierterImmundefekt[SCID]mitretikulärerDysgenesie";"D810"
1912;"SchwererkombinierterImmundefekt[SCID]mitniedrigerT-undB-Zellen-Zahl";"D811"
1913;"SchwererkombinierterImmundefekt[SCID]mitniedrigerodernormalerB-Zellen-Zahl";"D812"
1914;"Adenosindesaminase[ADA]-Mangel";"D813"
1915;"Nezelof-Syndrom";"D814"
1916;"Purinnukleosid-Phosphorylase[PNP]-Mangel";"D815"
1917;"Haupthistokompatibilitäts-Komplex-Klasse-I-Defekt[MHC-Klasse-I-Defekt],Bare-lymphocyte-Syndrom";"D816"
1918;"Haupthistokompatibilitäts-Komplex-Klasse-II-Defekt[MHC-Klasse-II-Defekt]";"D817"
1919;"SonstigekombinierteImmundefekte,BiotinabhängigerCarboxylase-Mangel";"D818"
1920;"KombinierterImmundefekt,nichtnäherbezeichnet,SchwererkombinierterImmundefekt[SCID]o.n.A.";"D819"
1922;"Wiskott-Aldrich-Syndrom,ImmundefektmitThrombozytopenieundEkzem";"D820"
1923;"Di-George-Syndrom,SyndromdesviertenKiemenbogens,Thymus:Alymphoplasie,AplasieoderHypoplasiemitImmundefekt";"D821"
1924;"ImmundefektmitdisproportioniertemMinderwuchs";"D822"
1925;"ImmundefektmithereditärdefekterReaktionaufEpstein-Barr-Virus,X-chromosomal-gebundenelymphoproliferativeKrankheit";"D823"
1926;"Hyperimmunglobulin-E[IgE]-Syndrom";"D824"
1927;"ImmundefekteinVerbindungmitanderennäherbezeichnetenschwerenDefekten";"D828"
1928;"ImmundefektinVerbindungmitschweremDefekt,nichtnäherbezeichnet";"D829"
1930;"VariablerImmundefektmitüberwiegendenAbweichungenderB-Zellen-Zahlund-Funktion";"D830"
1931;"VariablerImmundefektmitüberwiegendenimmunregulatorischenT-Zell-Störungen";"D831"
1932;"VariablerImmundefektmitAutoantikörperngegenB-oderT-Zellen";"D832"
1933;"SonstigevariableImmundefekte";"D838"
1934;"VariablerImmundefekt,nichtnäherbezeichnet";"D839"
1936;"Lymphozytenfunktion-Antigen-1[LFA-1]-Defekt";"D840"
1937;"DefekteimKomplementsystem,C1-Esterase-Inhibitor[C1-INH]-Mangel";"D841"
1938;"SonstigenäherbezeichneteImmundefekte";"D848"
1939;"Immundefekt,nichtnäherbezeichnet";"D849"
1941;"SarkoidosederLunge";"D860"
1942;"SarkoidosederLymphknoten";"D861"
1943;"SarkoidosederLungemitSarkoidosederLymphknoten";"D862"
1944;"SarkoidosederHaut";"D863"
1945;"SarkoidoseansonstigenundkombiniertenLokalisationen";"D868"
1946;"Sarkoidose,nichtnäherbezeichnet";"D869"
1948;"PolyklonaleHypergammaglobulinämie,BenignePurpurahyper(gamma)globulinaemica[Waldenström],PolyklonaleGammopathieo.n.A.";"D890"
1949;"Kryoglobulinämie,Kryoglobulinämie:essentiell,gemischt,idiopathisch,primär,sekundär,Kryoglobulinämische:Purpura,Vaskulitis";"D891"
1950;"Hypergammaglobulinämie,nichtnäherbezeichnet";"D892"
14465;"Immunrekonstitutionssyndrom";"D893"
1951;"SonstigenäherbezeichneteStörungenmitBeteiligungdesImmunsystems,anderenortsnichtklassifiziert";"D898"
1952;"StörungmitBeteiligungdesImmunsystems,nichtnäherbezeichnet,Immunkrankheito.n.A.";"D899"
1954;"AngeborenesJodmangelsyndrom,neurologischerTyp;EndemischerKretinismus,neurologischerTyp";"E000"
1955;"AngeborenesJodmangelsyndrom,myxödematöserTyp;EndemischerKretinismus:hypothyreot,myxödematöserTyp";"E001"
1956;"AngeborenesJodmangelsyndrom,gemischterTyp;EndemischerKretinismus,gemischterTyp";"E002"
1957;"AngeborenesJodmangelsyndrom,nichtnäherbezeichnet;AngeboreneJodmangel-Hypothyreoseo.n.A.,EndemischerKretinismuso.n.A.";"E009"
1959;"JodmangelbedingtediffuseStruma(endemisch)";"E010"
1960;"JodmangelbedingtemehrknotigeStruma(endemisch);JodmangelbedingteknotigeStruma";"E011"
1961;"JodmangelbedingteStruma(endemisch),nichtnäherbezeichnet;EndemischeStrumao.n.A.";"E012"
1962;"SonstigejodmangelbedingteSchilddrüsenkrankheitenundverwandteZustände;ErworbeneJodmangel-Hypothyreoseo.n.A.";"E018"
1963;"SubklinischeJodmangel-Hypothyreose";"E02"
1965;"AngeboreneHypothyreosemitdiffuserStruma,Strumacongenita(nichttoxisch):parenchymatös,o.n.A.";"E030"
1966;"AngeboreneHypothyreoseohneStruma.Angeboren:AtrophiederSchilddrüse,Hypothyreoseo.n.A.,AplasiederSchilddrüse(mitMyxödem)";"E031"
1967;"HypothyreosedurchArzneimitteloderandereexogeneSubstanzen.SolldieäußereUrsacheangegebenwerden,isteinezusätzlicheSchlüsselnummer(KapitelXX)zubenutzen.";"E032"
1968;"PostinfektiöseHypothyreose";"E033"
1969;"AtrophiederSchilddrüse(erworben)";"E034"
1970;"Myxödemkoma";"E035"
1971;"SonstigenäherbezeichneteHypothyreose";"E038"
1972;"Hypothyreose,nichtnäherbezeichnet,Myxödemo.n.A.";"E039"
1974;"NichttoxischediffuseStruma,Struma,nichttoxisch:diffusa(colloides),simplex";"E040"
1975;"NichttoxischersolitärerSchilddrüsenknoten,NichttoxischeeinknotigeStruma,Schilddrüsenknoten(zystisch)o.n.A.,Strumanodosacolloides(cystica)";"E041"
1976;"NichttoxischemehrknotigeStruma,Mehrknotige(zystische)Strumao.n.A.,ZystischeStrumao.n.A.";"E042"
1977;"SonstigenäherbezeichnetenichttoxischeStruma";"E048"
1978;"NichttoxischeStruma,nichtnäherbezeichnet,Strumanodosa(nichttoxisch)o.n.A.,Strumao.n.A.";"E049"
1980;"HyperthyreosemitdiffuserStruma,Basedow-Krankheit[MorbusBasedow],ToxischediffuseStruma,ToxischeStrumao.n.A.";"E050"
1981;"HyperthyreosemittoxischemsolitäremSchilddrüsenknoten,HyperthyreosemittoxischereinknotigerStruma";"E051"
1982;"HyperthyreosemittoxischermehrknotigerStruma,ToxischeStrumanodosao.n.A.";"E052"
1983;"HyperthyreosedurchektopischesSchilddrüsengewebe";"E053"
1984;"Hyperthyreosisfactitia";"E054"
1985;"ThyreotoxischeKrise";"E055"
1986;"SonstigeHyperthyreose,ÜberproduktionvonThyreotropin.SolldieäußereUrsacheangegebenwerden,isteinezusätzlicheSchlüsselnummer(KapitelXX)zubenutzen.";"E058"
1987;"Hyperthyreose,nichtnäherbezeichnet,Hyperthyreoseo.n.A.,ThyreotoxischeHerzkrankheit+(I43.8*)";"E059"
1989;"AkuteThyreoiditis,AbszeßderSchilddrüse,Thyreoiditis:eitrig,pyogen.SollderInfektionserregerangegebenwerden,isteinezusätzlicheSchlüsselnummer(B95!-B97!)zubenutzen.";"E060"
1990;"SubakuteThyreoiditis.Thyreoiditis:de-Quervain-,granulomatös,nichteitrig,Riesenzell-";"E061"
1991;"ChronischeThyreoiditismittransitorischerHyperthyreose";"E062"
1992;"Autoimmunthyreoiditis,Hashimoto-Thyreoiditis,Hashitoxikose(transitorisch),LymphozytäreThyreoiditis,Strumalymphomatosa[Hashimoto]";"E063"
1993;"ArzneimittelinduzierteThyreoiditis.";"E064"
1994;"SonstigechronischeThyreoiditis.Thyreoiditis:chronisch:fibrös,o.n.A.,eisenhart,Riedel-Struma";"E065"
1995;"Thyreoiditis,nichtnäherbezeichnet";"E069"
1997;"HypersekretionvonKalzitonin,C-ZellenhyperplasiederSchilddrüse,HypersekretionvonThyreokalzitonin";"E070"
1998;"DyshormogeneStruma,FamiliäredyshormogeneStruma,Pendred-Syndrom";"E071"
1999;"SonstigenäherbezeichneteKrankheitenderSchilddrüse,AbnormitätdesThyreoglobulin,Euthyroid-Sick-Syndrom;Schilddrüse:Blutung,Infarzierung,";"E078"
2000;"KrankheitderSchilddrüse,nichtnäherbezeichnet";"E079"
2002;"PrimärinsulinabhängigerDiabetesmellitus[Typ-I-Diabetes]\MitKoma,DiabetischesKoma:hyperosmolar,hypoglykämisch,mitoderohneKetoazidose,HyperglykämischesKomao.n.A.";"E100"
2003;"PrimärinsulinabhängigerDiabetesmellitus[Typ-I-Diabetes]\MitKetoazidose.Diabetisch:Azidose,Ketoazidose,ohneAngabeeinesKomas";"E101"
2004;"PrimärinsulinabhängigerDiabetesmellitus[Typ-I-Diabetes]\MitNierenkomplikationen";"E102"
2005;"PrimärinsulinabhängigerDiabetesmellitus[Typ-I-Diabetes]\MitAugenkomplikationen";"E103"
2006;"PrimärinsulinabhängigerDiabetesmellitus[Typ-I-Diabetes]\MitneurologischenKomplikationen";"E104"
2007;"PrimärinsulinabhängigerDiabetesmellitus[Typ-I-Diabetes]\MitperipherenvaskulärenKomplikationen,Diabetisch:Gangrän,periphereAngiopathie+(I79.2*),Ulkus";"E105"
2008;"PrimärinsulinabhängigerDiabetesmellitus[Typ-I-Diabetes]\MitsonstigennäherbezeichnetenKomplikationen,DiabetischeArthropathie+(M14.2*)";"E106"
2009;"PrimärinsulinabhängigerDiabetesmellitus[Typ-I-Diabetes]\MitmultiplenKomplikationen";"E107"
2010;"PrimärinsulinabhängigerDiabetesmellitus[Typ-I-Diabetes]\MitnichtnäherbezeichnetenKomplikationen";"E108"
2011;"PrimärinsulinabhängigerDiabetesmellitus[Typ-I-Diabetes]\OhneKomplikationen";"E109"
2013;"NichtprimärinsulinabhängigerDiabetesmellitus[Typ-II-Diabetes]\MitKoma.DiabetischesKoma:hyperosmolar,hypoglykämisch,mitoderohneKetoazidose,HyperglykämischesKomao.n.A.";"E110"
2014;"NichtprimärinsulinabhängigerDiabetesmellitus[Typ-II-Diabetes]\MitKetoazidose,Diabetisch:Azidose,Ketoazidose,ohneAngabeeinesKomas";"E111"
2015;"NichtprimärinsulinabhängigerDiabetesmellitus[Typ-II-Diabetes]\MitNierenkomplikationen";"E112"
2016;"NichtprimärinsulinabhängigerDiabetesmellitus[Typ-II-Diabetes]\MitAugenkomplikationen";"E113"
2017;"NichtprimärinsulinabhängigerDiabetesmellitus[Typ-II-Diabetes]\MitneurologischenKomplikationen";"E114"
2018;"NichtprimärinsulinabhängigerDiabetesmellitus[Typ-II-Diabetes]\MitperipherenvaskulärenKomplikationen,Diabetisch:Gangrän,periphereAngiopathie+(I79.2*),Ulkus";"E115"
2019;"NichtprimärinsulinabhängigerDiabetesmellitus[Typ-II-Diabetes]\MitsonstigennäherbezeichnetenKomplikationen,DiabetischeArthropathie+(M14.2*)";"E116"
2020;"NichtprimärinsulinabhängigerDiabetesmellitus[Typ-II-Diabetes]\MitmultiplenKomplikationen";"E117"
2021;"NichtprimärinsulinabhängigerDiabetesmellitus[Typ-II-Diabetes]\MitnichtnäherbezeichnetenKomplikationen";"E118"
2022;"NichtprimärinsulinabhängigerDiabetesmellitus[Typ-II-Diabetes]\OhneKomplikationen";"E119"
2024;"DiabetesmellitusinVerbindungmitFehl-oderMangelernährung[Malnutrition]\MitKoma.DiabetischesKoma:hyperosmolar,hypoglykämisch,mitoderohneKetoazidose,HyperglykämischesKomao.n.A.";"E120"
2025;"DiabetesmellitusinVerbindungmitFehl-oderMangelernährung[Malnutrition]\MitKetoazidose.Diabetisch:Azidose,Ketoazidose,ohneAngabeeinesKomas";"E121"
2026;"DiabetesmellitusinVerbindungmitFehl-oderMangelernährung[Malnutrition]\MitNierenkomplikationen";"E122"
2027;"DiabetesmellitusinVerbindungmitFehl-oderMangelernährung[Malnutrition]\MitAugenkomplikationen";"E123"
2028;"DiabetesmellitusinVerbindungmitFehl-oderMangelernährung[Malnutrition]\MitneurologischenKomplikationen";"E124"
2029;"DiabetesmellitusinVerbindungmitFehl-oderMangelernährung[Malnutrition]\MitperipherenvaskulärenKomplikationen.Diabetisch:Gangrän,periphereAngiopathie+(I79.2*),Ulkus";"E125"
2030;"DiabetesmellitusinVerbindungmitFehl-oderMangelernährung[Malnutrition]\MitsonstigennäherbezeichnetenKomplikationen.DiabetischeArthropathie+(M14.2*)";"E126"
2031;"DiabetesmellitusinVerbindungmitFehl-oderMangelernährung[Malnutrition]\MitmultiplenKomplikationen";"E127"
2032;"DiabetesmellitusinVerbindungmitFehl-oderMangelernährung[Malnutrition]\MitnichtnäherbezeichnetenKomplikationen";"E128"
2033;"DiabetesmellitusinVerbindungmitFehl-oderMangelernährung[Malnutrition]\OhneKomplikationen";"E129"
2035;"SonstigernäherbezeichneterDiabetesmellitus\MitKoma.DiabetischesKoma:hyperosmolar,hypoglykämisch,mitoderohneKetoazidose,HyperglykämischesKomao.n.A.";"E130"
2036;"SonstigernäherbezeichneterDiabetesmellitus\MitKetoazidose.Diabetisch:Azidose,Ketoazidose,ohneAngabeeinesKomas";"E131"
2037;"SonstigernäherbezeichneterDiabetesmellitus\MitNierenkomplikationen";"E132"
2038;"SonstigernäherbezeichneterDiabetesmellitus\MitAugenkomplikationen";"E133"
2039;"SonstigernäherbezeichneterDiabetesmellitus\MitneurologischenKomplikationen";"E134"
2040;"SonstigernäherbezeichneterDiabetesmellitus\MitperipherenvaskulärenKomplikationen,Diabetisch:Gangrän,periphereAngiopathie+(I79.2*),Ulkus";"E135"
2041;"SonstigernäherbezeichneterDiabetesmellitus\MitsonstigennäherbezeichnetenKomplikationen.DiabetischeArthropathie+(M14.2*)";"E136"
2042;"SonstigernäherbezeichneterDiabetesmellitus\MitmultiplenKomplikationen";"E137"
2043;"SonstigernäherbezeichneterDiabetesmellitus\MitnichtnäherbezeichnetenKomplikationen";"E138"
2044;"SonstigernäherbezeichneterDiabetesmellitus\OhneKomplikationen";"E139"
2046;"NichtnäherbezeichneterDiabetesmellitus\MitKoma.DiabetischesKoma:hyperosmolar,hypoglykämisch,mitoderohneKetoazidose,HyperglykämischesKomao.n.A.";"E140"
2047;"NichtnäherbezeichneterDiabetesmellitus\MitKetoazidose.Diabetisch:Azidose,Ketoazidose,ohneAngabeeinesKomas";"E141"
2048;"NichtnäherbezeichneterDiabetesmellitus\MitNierenkomplikationen";"E142"
2049;"NichtnäherbezeichneterDiabetesmellitus\MitAugenkomplikationen";"E143"
2050;"NichtnäherbezeichneterDiabetesmellitus\MitneurologischenKomplikationen";"E144"
2051;"NichtnäherbezeichneterDiabetesmellitus\MitperipherenvaskulärenKomplikationen.Diabetisch:Gangrän,periphereAngiopathie+(I79.2*),Ulkus";"E145"
2052;"NichtnäherbezeichneterDiabetesmellitus\MitsonstigennäherbezeichnetenKomplikationen.DiabetischeArthropathie+(M14.2*)";"E146"
2053;"NichtnäherbezeichneterDiabetesmellitus\MitmultiplenKomplikationen";"E147"
2054;"NichtnäherbezeichneterDiabetesmellitus\MitnichtnäherbezeichnetenKomplikationen";"E148"
2055;"NichtnäherbezeichneterDiabetesmellitus\OhneKomplikationen";"E149"
2056;"HypoglykämischesKoma,nichtdiabetisch.ArzneimittelinduziertesInsulinkomabeimNichtdiabetiker,HyperinsulinismusmithypoglykämischemKoma,HypoglykämischesKomao.n.A.";"E15"
2058;"ArzneimittelinduzierteHypoglykämieohneKoma.";"E160"
2059;"SonstigeHypoglykämie,EnzephalopathiedurchhypoglykämischesKoma";"E161"
2060;"Hypoglykämie,nichtnäherbezeichnet";"E162"
2061;"ErhöhteGlukagonsekretion,HyperplasiedesendokrinenDrüsenanteilsdesPankreasmitGlukagonüberproduktion";"E163"
2062;"AbnormeGastrinsekretion,Hypergastrinämie,Zollinger-Ellison-Syndrom";"E164"
2063;"SonstigenäherbezeichneteStörungenderinnerenSekretiondesPankreas";"E168"
2064;"StörungderinnerenSekretiondesPankreas,nichtnäherbezeichnet.HyperplasiedesendokrinenDrüsenanteilsdesPankreaso.n.A.,Inselzellhyperplasieo.n.A.";"E169"
2066;"IdiopathischerHypoparathyreoidismus";"E200"
2067;"Pseudohypoparathyreoidismus";"E201"
2068;"SonstigerHypoparathyreoidismus";"E208"
2069;"Hypoparathyreoidismus,nichtnäherbezeichnet.ParathyreogeneTetanie";"E209"
2071;"PrimärerHyperparathyreoidismus,HyperplasiederNebenschilddrüse,Osteodystrophiafibrosacysticageneralisata[von-Recklinghausen-KrankheitdesKnochens]";"E210"
2072;"SekundärerHyperparathyreoidismus,anderenortsnichtklassifiziert";"E211"
2073;"SonstigerHyperparathyreoidismus";"E212"
2074;"Hyperparathyreoidismus,nichtnäherbezeichnet";"E213"
2075;"SonstigenäherbezeichneteKrankheitenderNebenschilddrüse";"E214"
2076;"KrankheitderNebenschilddrüse,nichtnäherbezeichnet";"E215"
2078;"AkromegalieundhypophysärerRiesenwuchs,ArthropathieinVerbindungmitAkromegalie+(M14.5*),ÜberproduktionvonSomatotropin[Wachstumshormon]";"E220"
2079;"Hyperprolaktinämie.";"E221"
2080;"SyndromderinadäquatenSekretionvonAdiuretin";"E222"
2081;"SonstigeÜberfunktionderHypophyse,ZentralausgelöstePubertaspraecox";"E228"
2082;"ÜberfunktionderHypophyse,nichtnäherbezeichnet";"E229"
2084;"Hypopituitarismus,FertilerEunuchoidismus,HypogonadotroperHypogonadismus,HypophysäreKachexie,HypophysärerMinderwuchs";"E230"
2085;"ArzneimittelinduzierterHypopituitarismus.SolldieSubstanzangegebenwerden,isteinezusätzlicheSchlüsselnummer(Kapitel)XXzubenutzen.";"E231"
2086;"Diabetesinsipidus";"E232"
2087;"HypothalamischeDysfunktion,anderenortsnichtklassifiziert";"E233"
2088;"SonstigeStörungenderHypophyse,AbszeßderHypophyse,Dystrophiaadiposogenitalis";"E236"
2089;"StörungderHypophyse,nichtnäherbezeichnet";"E237"
2091;"HypophysäresCushing-Syndrom,HypophysärerHyperadrenokortizismus,MorbusCushing,ÜberproduktionvonACTHderAdenohypophyse";"E240"
2092;"Nelson-Tumor";"E241"
2093;"ArzneimittelinduziertesCushing-Syndrom.";"E242"
2094;"EktopischesACTH-Syndrom,Cushing-SyndromalsFolgevonektopischemACTH-bildendemTumor";"E243"
2095;"AlkoholinduziertesPseudo-Cushing-Syndrom";"E244"
2096;"SonstigesCushing-Syndrom";"E248"
2097;"Cushing-Syndrom,nichtnäherbezeichnet";"E249"
2099;"AngeboreneadrenogenitaleStörungeninVerbindungmitEnzymmangel,AngeboreneNebennierenrindenhyperplasie,AngeborenesadrenogenitalesSalzverlustsyndrom,21-Hydroxylase-Mangel";"E250"
2100;"SonstigeadrenogenitaleStörungen,IdiopathischeadrenogenitaleStörung.";"E258"
2101;"AdrenogenitaleStörung,nichtnäherbezeichnet,AdrenogenitalesSyndromo.n.A.";"E259"
2103;"PrimärerHyperaldosteronismus,Conn-Syndrom,PrimärerAldosteronismusdurchNebennierenrindenhyperplasie(beidseitig)";"E260"
2104;"SekundärerHyperaldosteronismus";"E261"
2105;"SonstigerHyperaldosteronismus,Bartter-Syndrom";"E268"
2106;"Hyperaldosteronismus,nichtnäherbezeichnet";"E269"
2108;"SonstigeNebennierenrindenüberfunktion,ÜberproduktionvonACTH,nichtinVerbindungmitCushing-Krankheit,VorzeitigeAdrenarche";"E270"
2109;"PrimäreNebennierenrindeninsuffizienz,Addison-Krankheit,Autoimmunadrenalitis";"E271"
2110;"Addison-Krise,AkuteNebennierenrindeninsuffizienz,Nebennierenrinden-Krise";"E272"
2111;"ArzneimittelinduzierteNebennierenrindeninsuffizienz,";"E273"
2112;"SonstigeundnichtnäherbezeichneteNebennierenrindeninsuffizienz,Hypoaldosteronismus,Nebennieren:Blutung,Infarzierung,Nebennierenrindeninsuffizienzo.n.A.";"E274"
2113;"Nebennierenmarküberfunktion,HypersekretionvonKatecholaminen,Nebennierenmarkhyperplasie";"E275"
2114;"SonstigenäherbezeichneteKrankheitenderNebenniere,AbnormitätdeskortisolbindendenGlobulins[Transcortin]";"E278"
2115;"KrankheitderNebenniere,nichtnäherbezeichnet";"E279"
2117;"Östrogenüberschuß,";"E280"
2118;"Androgenüberschuß,HypersekretionovariellerAndrogene,";"E281"
2119;"SyndrompolyzystischerOvarien,Stein-Leventhal-Syndrom,SyndromsklerozystischerOvarien";"E282"
2120;"PrimäreOvarialinsuffizienz,Östrogenverminderung,SyndromresistenterOvarien,VorzeitigeMenopauseo.n.A.";"E283"
2121;"SonstigeovarielleDysfunktion,OvarielleÜberfunktiono.n.A.";"E288"
2122;"OvarielleDysfunktion,nichtnäherbezeichnet";"E289"
2124;"TestikuläreÜberfunktion,HypersekretionvontestikulärenHormonen";"E290"
2125;"TestikuläreUnterfunktion,BiosynthesestörungdestestikulärenAndrogenso.n.A.,TestikulärerHypogonadismuso.n.A.,5-(-Reduktase-Mangel(mitPseudohermaphroditismusmasculinus)";"E291"
2126;"SonstigetestikuläreDysfunktion";"E298"
2127;"TestikuläreDysfunktion,nichtnäherbezeichnet";"E299"
2129;"VerzögertePubertät[Pubertastarda],KonstitutionelleVerzögerungderPubertät,VerzögertesexuelleEntwicklung";"E300"
2130;"VorzeitigePubertät[Pubertaspraecox],VorzeitigeMenarche";"E301"
2131;"SonstigePubertätsstörungen,VorzeitigeThelarche";"E308"
2132;"Pubertätsstörung,nichtnäherbezeichnet";"E309"
2134;"AutoimmunepolyglanduläreInsuffizienz,Schmidt-Syndrom";"E310"
2135;"PolyglanduläreÜberfunktion";"E311"
2136;"SonstigepolyglanduläreDysfunktion";"E318"
2137;"PolyglanduläreDysfunktion,nichtnäherbezeichnet";"E319"
2139;"PersistierendeThymushyperplasie,Thymushypertrophie";"E320"
2140;"AbszeßdesThymus";"E321"
2141;"SonstigeKrankheitendesThymus";"E328"
2142;"KrankheitdesThymus,nichtnäherbezeichnet";"E329"
2144;"Karzinoid-Syndrom";"E340"
2145;"SonstigeHypersekretionintestinalerHormone";"E341"
2146;"EktopischeHormonsekretion,anderenortsnichtklassifiziert";"E342"
2147;"Minderwuchs,anderenortsnichtklassifiziert,Minderwuchs:konstitutionell,Laron-Typ,psychosozial,o.n.A.";"E343"
2148;"KonstitutionellerHochwuchs,KonstitutionellerRiesenwuchs";"E344"
2149;"Androgenresistenz-Syndrom,PeriphereHormonrezeptorstörung,PseudohermaphroditismusmasculinusmitAndrogenresistenz,Reifenstein-Syndrom,TestikuläreFeminisierung(Syndrom)";"E345"
2150;"SonstigenäherbezeichneteendokrineStörungen,DysfunktiondesCorpuspineale[Epiphyse],Progerie";"E348"
2151;"EndokrineStörung,nichtnäherbezeichnet,EndokrineStörungo.n.A.,HormonelleStörungo.n.A.";"E349"
2153;"KrankheitenderSchilddrüsebeianderenortsklassifiziertenKrankheiten,TuberkulosederSchilddrüse(A18.8+)";"E350"
2154;"KrankheitenderNebennierenbeianderenortsklassifiziertenKrankheiten,TuberkulöseAddison-Krankheit(A18.7+),Waterhouse-Friderichsen-Syndrom(durchMeningokokken)(A39.1+)";"E351"
2155;"KrankheitensonstigerendokrinerDrüsenbeianderenortsklassifiziertenKrankheiten";"E358"
2156;"Kwashiorkor,ErheblicheMangelernährungmitalimentäremÖdemundPigmentstörungderHautundderHaare.";"E40"
2157;"AlimentärerMarasmus,ErheblicheMangelernährungmitMarasmus";"E41"
2158;"Kwashiorkor-Marasmus,ErheblicheEnergie-undEiweißmangelernährung[wieunterE43aufgeführt]:intermediäreForm,mitAnzeichenvonKwashiorkorundMarasmusgleichzeitig";"E42"
2159;"NichtnäherbezeichneteerheblicheEnergie-undEiweißmangelernährung";"E43"
2161;"MäßigeEnergie-undEiweißmangelernährung";"E440"
2162;"LeichteEnergie-undEiweißmangelernährung";"E441"
2163;"EntwicklungsverzögerungdurchEnergie-undEiweißmangelernährung.Alimentär:Entwicklungshemmung,Minderwuchs,KörperlicheRetardationdurchMangelernährung";"E45"
2164;"NichtnäherbezeichneteEnergie-undEiweißmangelernährung,Mangelernährungo.n.A.,StörungderProtein-Energie-Balanceo.n.A.";"E46"
2166;"Vitamin-A-MangelmitXerosisconjunctivae";"E500"
2167;"Vitamin-A-MangelmitBitot-FleckenundXerosisconjunctivae,Bitot-FleckebeimKleinkind";"E501"
2168;"Vitamin-A-MangelmitHornhautxerose";"E502"
2169;"Vitamin-A-MangelmitHornhautulzerationundHornhautxerose";"E503"
2170;"Vitamin-A-MangelmitKeratomalazie";"E504"
2171;"Vitamin-A-MangelmitNachtblindheit";"E505"
2173;"SonstigeManifestationendesVitamin-A-MangelsamAuge,Xerophthalmieo.n.A.";"E507"
2174;"SonstigeManifestationendesVitamin-A-Mangels,Keratosisfollicularis,Xerodermie,durchVitamin-A-Mangel(L86*)";"E508"
2175;"Vitamin-A-Mangel,nichtnäherbezeichnet,HypovitaminoseAo.n.A.";"E509"
2177;"Beriberi";"E511"
2178;"Wernicke-Enzephalopathie";"E512"
2179;"SonstigeManifestationendesThiaminmangels";"E518"
2180;"Thiaminmangel,nichtnäherbezeichnet";"E519"
2181;"Niazinmangel[Pellagra],Mangel:Niazin(Tryptophan),Nikotinsäureamid,Pellagra(alkoholbedingt)";"E52"
2183;"Riboflavinmangel,Ariboflavinose";"E530"
2184;"Pyridoxinmangel,Vitamin-B6-Mangel";"E531"
2185;"MangelansonstigennäherbezeichnetenVitaminendesVitamin-B-Komplexes,Mangel:Biotin,Cobalamin,Folat,Folsäure,Pantothensäure,VitaminB12,Zyanocobalamin";"E538"
2186;"Vitamin-B-Mangel,nichtnäherbezeichnet";"E539"
2187;"Askorbinsäuremangel,Vitamin-C-Mangel,Skorbut";"E54"
2189;"FlorideRachitis,Osteomalazie:imJugendalter,imKindesalter";"E550"
2190;"Vitamin-D-Mangel,nichtnäherbezeichnet,AvitaminoseD";"E559"
2192;"Vitamin-E-Mangel";"E560"
2193;"Vitamin-K-Mangel";"E561"
2194;"MangelansonstigenVitaminen";"E568"
2195;"Vitaminmangel,nichtnäherbezeichnet";"E569"
2196;"AlimentärerKalziummangel";"E58"
2197;"AlimentärerSelenmangel,Keshan-Krankheit";"E59"
2198;"AlimentärerZinkmangel";"E60"
2200;"Kupfermangel";"E610"
2201;"Eisenmangel";"E611"
2202;"Magnesiummangel";"E612"
2204;"Chrommangel";"E614"
2206;"Vanadiummangel";"E616"
2207;"MangelanmehrerenSpurenelementen";"E617"
2208;"MangelansonstigennäherbezeichnetenSpurenelementen";"E618"
2209;"Spurenelementmangel,nichtnäherbezeichnet";"E619"
2211;"MangelanessentiellenFettsäuren[EFA]";"E630"
2212;"AlimentärerMangelzustandinfolgeunausgewogenerZusammensetzungderNahrung";"E631"
2213;"SonstigenäherbezeichnetealimentäreMangelzustände";"E638"
2214;"AlimentärerMangelzustand,nichtnäherbezeichnet";"E639"
2216;"FolgenderEnergie-undEiweißmangelernährung";"E640"
2217;"FolgendesVitamin-A-Mangels";"E641"
2218;"FolgendesVitamin-C-Mangels";"E642"
2219;"FolgenderRachitis";"E643"
2220;"FolgensonstigeralimentärerMangelzustände";"E648"
2221;"FolgeneinesnichtnäherbezeichnetenalimentärenMangelzustandes";"E649"
2222;"LokalisierteAdipositas,Fettpolster";"E65"
2224;"AdipositasdurchübermäßigeKalorienzufuhr";"E660"
2225;"ArzneimittelinduzierteAdipositas,";"E661"
2226;"ÜbermäßigeAdipositasmitalveolärerHypoventilation,Pickwick-Syndrom";"E662"
2227;"SonstigeAdipositas,KrankhafteAdipositas";"E668"
2228;"Adipositas,nichtnäherbezeichnet,EinfacheAdipositaso.n.A.";"E669"
2230;"HypervitaminoseA";"E670"
2231;"Hyperkarotinämie";"E671"
2232;"Megavitamin-B6-Syndrom,HypervitaminoseB6";"E672"
2233;"HypervitaminoseD";"E673"
2234;"SonstigenäherbezeichneteÜberernährung";"E678"
2235;"FolgenderÜberernährung";"E68"
2237;"KlassischePhenylketonurie";"E700"
2238;"SonstigeHyperphenylalaninämien";"E701"
2239;"StörungendesTyrosinstoffwechsels,Alkaptonurie,Hypertyrosinämie,Ochronose,Tyrosinämie,Tyrosinose";"E702"
2240;"Albinismus:okulär,okulokutan,Chediak-(Steinbrinck-)Higashi-Syndrom,Cross-McKusick-Breen-Syndrom,Hermansky-Pudlak-Syndrom";"E703"
2241;"SonstigeStörungendesStoffwechselsaromatischerAminosäuren,Störungen:Histidinstoffwechsel,Tryptophanstoffwechsel";"E708"
2242;"StörungdesStoffwechselsaromatischerAminosäuren,nichtnäherbezeichnet";"E709"
2244;"Ahornsirup-(Harn-)Krankheit";"E710"
2245;"SonstigeStörungendesStoffwechselsverzweigterAminosäuren,Hyperleuzin-Isoleuzinämie,Hypervalinämie,Isovalerianazidämie,Methylmalonazidämie,Propionazidämie";"E711"
2246;"StörungdesStoffwechselsverzweigterAminosäuren,nichtnäherbezeichnet";"E712"
2247;"StörungendesFettsäurestoffwechsels,Adrenoleukodystrophie[Addison-Schilder-Syndrom],MangelanMuskel-Carnitin-Palmitoyltransferase";"E713"
2249;"StörungendesAminosäuretransportes,De-Toni-Debré-Fanconi-Komplex,Hartnup-Krankheit,Lowe-Syndrom,Zystinose,Zystinurie";"E720"
2250;"StörungendesStoffwechselsschwefelhaltigerAminosäuren,Homozystinurie,Methioninämie,Sulfitoxidasemangel,Zystathioninurie";"E721"
2251;"StörungendesHarnstoffzyklus,Argininämie,Argininbernsteinsäure-Krankheit,Hyperammonämie,Zitrullinämie";"E722"
2252;"StörungendesLysin-undHydroxylysinstoffwechsels,Glutaminazidurie,Hydroxylysinämie,Hyperlysinämie";"E723"
2253;"StörungendesOrnithinstoffwechsels,Ornithinämie(TypI,II)";"E724"
2254;"StörungendesGlyzinstoffwechsels,Hyperhydroxyprolinämie,Hyperprolinämie(TypI,II),NichtketotischeHyperglyzinämie,Sarkosinämie";"E725"
2255;"SonstigenäherbezeichneteStörungendesAminosäurestoffwechsels,Störungen:(-Aminosäurestoffwechsel,(-Glutamylzyklus";"E728"
2256;"StörungdesAminosäurestoffwechsels,nichtnäherbezeichnet";"E729"
2258;"AngeborenerLaktasemangel";"E730"
2259;"SekundärerLaktasemangel";"E731"
2260;"SonstigeLaktoseintoleranz";"E738"
2261;"Laktoseintoleranz,nichtnäherbezeichnet";"E739"
2263;"Glykogenspeicherkrankheit[Glykogenose]";"E740"
2264;"StörungendesFruktosestoffwechsels,EssentielleFruktosurie,Fruktose-1,6-diphosphatase-Mangel,HereditäreFruktoseintoleranz";"E741"
2265;"StörungendesGalaktosestoffwechsels,Galaktokinasemangel,Galaktosämie";"E742"
2266;"SonstigeStörungenderintestinalenKohlenhydratabsorption,Glukose-Galaktose-Malabsorption,Saccharasemangel";"E743"
2267;"StörungendesPyruvatstoffwechselsundderGlukoneogenese,Mangelan:Phosphoenolpyruvat-Carboxykinase,Pyruvatcarboxylase,Pyruvatdehydrogenase";"E744"
2268;"SonstigenäherbezeichneteStörungendesKohlenhydratstoffwechsels,EssentiellePentosurie,Oxalose,Oxalurie,RenaleGlukosurie";"E748"
2269;"StörungdesKohlenhydratstoffwechsels,nichtnäherbezeichnet";"E749"
2271;"GM2-Gangliosidose,Sandhoff-Krankheit,Tay-Sachs-Krankheit,GM2-Gangliosidose:adulteForm,juvenileForm,o.n.A.";"E750"
2272;"SonstigeGangliosidosen,Gangliosidose:GM1-,GM3-,o.n.A.,MukolipidoseIV";"E751"
2273;"SonstigeSphingolipidosen,Fabry-(Anderson-)Krankheit,Farber-Krankheit,Gaucher-Krankheit,Krabbe-Krankheit,MetachromatischeLeukodystrophie,Niemann-Pick-Krankheit,Sulfatasemangel";"E752"
2274;"Sphingolipidose,nichtnäherbezeichnet";"E753"
2275;"NeuronaleZeroidlipofuszinose,Batten-Kufs-Syndrom,Bielschowsky-Dollinger-Syndrom,Spielmeyer-Vogt-Krankheit";"E754"
2276;"SonstigeStörungenderLipidspeicherung,Wolman-Krankheit,ZerebrotendinöseXanthomatose[van-Bogaert-Scherer-Epstein-Syndrom]";"E755"
2277;"StörungderLipidspeicherung,nichtnäherbezeichnet";"E756"
2279;"Mukopolysaccharidose,TypI,Hurler-Scheie-Variante,Pfaundler-Hurler-Krankheit,Scheie-Krankheit";"E760"
2280;"Mukopolysaccharidose,TypII,Hunter-Krankheit";"E761"
2281;"SonstigeMukopolysaccharidosen,-Glukuronidase-Mangel";"E762"
2282;"Mukopolysaccharidose,nichtnäherbezeichnet";"E763"
2283;"SonstigeStörungendesGlykosaminoglykan-Stoffwechsels";"E768"
2284;"StörungdesGlykosaminoglykan-Stoffwechsels,nichtnäherbezeichnet";"E769"
2286;"DefektederposttranslationalenModifikationlysosomalerEnzyme,MukolipidoseII[I-Zell-Krankheit],MukolipidoseIII[Pseudo-Hurler-Polydystrophie]";"E770"
2287;"DefektebeimGlykoproteinabbau,Aspartylglukosaminurie,Fukosidose,Mannosidose,Sialidose[MukolipidoseI]";"E771"
2288;"SonstigeStörungendesGlykoproteinstoffwechsels";"E778"
2289;"StörungdesGlykoproteinstoffwechsels,nichtnäherbezeichnet";"E779"
2291;"ReineHypercholesterinämie,FamiliäreHypercholesterinämie,Hyperbetalipoproteinämie,HyperlipidämieGruppeA,HyperlipoproteinämieTypIIanachFredrickson";"E780"
2292;"ReineHypertriglyzeridämie,EndogeneHypertriglyzeridämie,Hyperlipidämie,GruppeB,HyperlipoproteinämieTypIVnachFredrickson";"E781"
2293;"GemischteHyperlipidämie,HyperbetalipoproteinämiemitPräbetalipoproteinämie,HypercholesterinämiemitendogenerHypertriglyzeridämie,HyperlipidämieGruppeC";"E782"
2294;"Hyperchylomikronämie,GemischteHypertriglyzeridämie,Hyperlipidämie,GruppeD,HyperlipoproteinämieTypIoderVnachFredrickson";"E783"
2295;"SonstigeHyperlipidämien,FamiliärekombinierteHyperlipidämie";"E784"
2296;"Hyperlipidämie,nichtnäherbezeichnet";"E785"
2297;"Lipoproteinmangel,A-Beta-Lipoproteinämie,High-density-Lipoproteinmangel,Hypoalphalipoproteinämie,Hypobetalipoproteinämie(familiär),Lezithin-Cholesterin-Azyltransferase-Mangel,Tangier-Krankheit";"E786"
2298;"SonstigeStörungendesLipoproteinstoffwechsels";"E788"
2299;"StörungdesLipoproteinstoffwechsels,nichtnäherbezeichnet";"E789"
2301;"HyperurikämieohneZeichenvonentzündlicherArthritisodertophischerGicht,AsymptomatischeHyperurikämie";"E790"
2302;"Lesch-Nyhan-Syndrom";"E791"
2303;"SonstigeStörungendesPurin-undPyrimidinstoffwechsels,HereditäreXanthinurie";"E798"
2304;"StörungdesPurin-undPyrimidinstoffwechsels,nichtnäherbezeichnet";"E799"
2306;"HereditäreerythropoetischePorphyrie,AngeboreneerythropoetischePorphyrie,ErythropoetischeProtoporphyrie";"E800"
2307;"Porphyriacutaneatarda";"E801"
2308;"SonstigePorphyrie,HereditäreKoproporphyrie,Porphyrie:akutintermittierend(hepatisch),o.n.A.";"E802"
2309;"DefektevonKatalaseundPeroxidase,Akatalasämie[Takahara-Syndrom][Akatalasie]";"E803"
2310;"Gilbert-Meulengracht-Syndrom";"E804"
2311;"Crigler-Najjar-Syndrom";"E805"
2312;"SonstigeStörungendesBilirubinstoffwechsels,Dubin-Johnson-Syndrom,Rotor-Syndrom";"E806"
2313;"StörungdesBilirubinstoffwechsels,nichtnäherbezeichnet";"E807"
2315;"StörungendesKupferstoffwechsels,Menkes-Syndrom(kinkyhair)(steelyhair),Wilson-Krankheit";"E830"
2316;"StörungendesEisenstoffwechsels,Hämochromatose";"E831"
2317;"StörungendesZinkstoffwechsels,Acrodermatitisenteropathica";"E832"
2318;"StörungendesPhosphorstoffwechsels,FamiliäreHypophosphatämie,Hypophosphatasie,MangelansaurerPhosphatase,Vitamin-D-resistente:Osteomalazie,Rachitis";"E833"
2319;"StörungendesMagnesiumstoffwechsels,Hypermagnesiämie,Hypomagnesiämie";"E834"
2320;"StörungendesKalziumstoffwechsels,FamiliärehypokalziurischeHyperkalziämie,IdiopathischeHyperkalziurie";"E835"
2321;"SonstigeStörungendesMineralstoffwechsels";"E838"
2322;"StörungdesMineralstoffwechsels,nichtnäherbezeichnet";"E839"
2324;"ZystischeFibrosemitLungenmanifestationen";"E840"
2325;"ZystischeFibrosemitDarmmanifestationen";"E841"
2326;"ZystischeFibrosemitsonstigenManifestationen,ZystischeFibrosemitkombiniertenManifestationen";"E848"
2327;"ZystischeFibrose,nichtnäherbezeichnet";"E849"
2329;"NichtneuropathischeheredofamiliäreAmyloidose,FamiliäresMittelmeerfieber,HereditäreamyloideNephropathie";"E850"
2330;"NeuropathischeheredofamiliäreAmyloidose,AmyloidePolyneuropathie(PortugiesischerTyp)";"E851"
2331;"HeredofamiliäreAmyloidose,nichtnäherbezeichnet";"E852"
2332;"SekundäresystemischeAmyloidose,AmyloidoseinVerbindungmitHämodialyse";"E853"
2333;"OrganbegrenzteAmyloidose,LokalisierteAmyloidose";"E854"
2334;"SonstigeAmyloidose";"E858"
2335;"Amyloidose,nichtnäherbezeichnet";"E859"
2336;"Volumenmangel,Dehydratation,DepletiondesPlasmavolumensoderderextrazellulärenFlüssigkeit,Hypovolämie";"E86"
2337;")ExsikkosemitDehydratationsgrad<=10%desKörpergewichts(Kinder<=16Jahre)";"E86x"
2338;")ExsikkosemitDehydratationsgrad>10%desKörpergewichts(Kinder<=16Jahre)";"E86x"
2339;")ExsikkosemitunbestimmtemDehydratationsgrad(Kinder<=16Jahre)";"E86x"
2341;"HyperosmolalitätundHypernatriämie,Natriumüberschuß,VermehrtesVorhandenseinvonNatrium";"E870"
2342;"HypoosmolalitätundHyponatriämie,Natriummangel";"E871"
2343;"Azidose,Azidose:Laktat-,metabolisch,respiratorisch,o.n.A.";"E872"
2344;"Alkalose.Alkalose:metabolisch,respiratorisch,o.n.A.";"E873"
2345;"GemischteStörungdesSäure-Basen-Gleichgewichts";"E874"
2346;"Hyperkaliämie,Kaliumüberschuß,VermehrtesVorhandenseinvonKalium";"E875"
2347;"Hypokaliämie,Kaliummangel";"E876"
2348;"Flüssigkeitsüberschuß";"E877"
2349;"SonstigeStörungendesWasser-undElektrolythaushaltes,anderenortsnichtklassifiziert,Hyperchlorämie,Hypochlorämie,StörungdesElektrolythaushalteso.n.A.";"E878"
2351;"StörungendesPlasmaprotein-Stoffwechsels,anderenortsnichtklassifiziert,(-1-Antitrypsinmangel,Bisalbuminämie";"E880"
2352;"Lipodystrophie,anderenortsnichtklassifiziert,Lipodystrophieo.n.A.";"E881"
2353;"Lipomatose,anderenortsnichtklassifiziert,Lipomatoseo.n.A.,Lipomatosisdolorosa[Dercum-Krankheit]";"E882"
14466;"Tumorlyse-Syndrom";"E883"
2354;"SonstigenäherbezeichneteStoffwechselstörungen,BenignesymmetrischeLipomatose[Launois-Bensaude-Adenolipomatose],Trimethylaminurie";"E888"
2355;"Stoffwechselstörung,nichtnäherbezeichnet";"E889"
2357;"HypothyreosenachmedizinischenMaßnahmen,HypothyreosenachBestrahlung,PostoperativeHypothyreose";"E890"
2358;"HypoinsulinämienachmedizinischenMaßnahmen,HyperglykämienachPankreatektomie,PostoperativeHypoinsulinämie";"E891"
2359;"HypoparathyreoidismusnachmedizinischenMaßnahmen,ParathyreopriveTetanie";"E892"
2360;"HypopituitarismusnachmedizinischenMaßnahmen,HypopituitarismusnachStrahlentherapie";"E893"
2361;"OvarialinsuffizienznachmedizinischenMaßnahmen";"E894"
2362;"TestikuläreUnterfunktionnachmedizinischenMaßnahmen";"E895"
2363;"Nebennierenrinden-(Nebennierenmark-)UnterfunktionnachmedizinischenMaßnahmen";"E896"
2364;"SonstigeendokrineoderStoffwechselstörungennachmedizinischenMaßnahmen";"E898"
2365;"EndokrineoderStoffwechselstörungnachmedizinischenMaßnahmen,nichtnäherbezeichnet";"E899"
2366;"Ernährungs-undStoffwechselstörungenbeianderenortsklassifiziertenKrankheiten";"E90"
2368;"DemenzbeiAlzheimer-Krankheit,mitfrühemBeginn(Typ2)(G30.0+)";"F000"
2369;"DemenzbeiAlzheimer-Krankheit,mitspätemBeginn(Typ1)(G30.1+)";"F001"
2370;"DemenzbeiAlzheimer-Krankheit,atypischeodergemischteForm(G30.8+),AtypischeDemenzvomAlzheimer-Typ";"F002"
2371;"DemenzbeiAlzheimer-Krankheit,nichtnäherbezeichnet(G30.9+)";"F009"
2373;"VaskuläreDemenzmitakutemBeginn";"F010"
2374;"Multiinfarkt-Demenz";"F011"
2375;"SubkortikalevaskuläreDemenz";"F012"
2376;"GemischtekortikaleundsubkortikalevaskuläreDemenz";"F013"
2377;"SonstigevaskuläreDemenz";"F018"
2378;"VaskuläreDemenz,nichtnäherbezeichnet";"F019"
2380;"DemenzbeiPick-Krankheit(G31.0+)";"F020"
2381;"DemenzbeiCreutzfeldt-Jakob-Krankheit(A81.0+)";"F021"
2382;"DemenzbeiChoreaHuntington(G10+)";"F022"
2383;"DemenzbeiprimäremParkinson-Syndrom(G20+)";"F023"
2384;"DemenzbeiHIV-Krankheit[HumaneImmundefizienz-Viruskrankheit](B22.0+)";"F024"
2385;"DemenzbeianderenortsklassifiziertenKrankheitsbildern";"F028"
2386;"NichtnäherbezeichneteDemenz,Präsenil:Demenzo.n.A.,Psychoseo.n.A.,PrimäredegenerativeDemenzo.n.A.,Senil:Demenz:depressiveroderparanoiderTypus,o.n.A.,Psychoseo.n.A.";"F03"
2387;"OrganischesamnestischesSyndrom,nichtdurchAlkoholoderanderepsychotropeSubstanzenbedingt";"F04"
2389;"NichtdurchAlkoholoderanderepsychotropeSubstanzenbedingtesDelirohneDemenz";"F050"
2390;"NichtdurchAlkoholoderanderepsychotropeSubstanzenbedingtesDelirbeiDemenz.";"F051"
2391;"SonstigeFormendesDelirs,DelirmitgemischterÄtiologie";"F058"
2392;"Delir,nichtnäherbezeichnet";"F059"
2394;"OrganischeHalluzinose";"F060"
2395;"OrganischekatatoneStörung";"F061"
2396;"Organischewahnhafte[schizophreniforme]Störung";"F062"
2397;"OrganischeaffektiveStörungen";"F063"
2398;"OrganischeAngststörung";"F064"
2399;"OrganischedissoziativeStörung";"F065"
2400;"Organischeemotionallabile[asthenische]Störung";"F066"
2401;"LeichtekognitiveStörungaufgrundeinerSchädigungoderFunktionsstörungdesGehirnsoderaufgrundeinerkörperlichenKrankheit";"F067"
2402;"SonstigenäherbezeichneteorganischepsychischeStörungenaufgrundeinerSchädigungoderFunktionsstörungdesGehirnsodereinerkörperlichenKrankheit,EpileptischePsychoseo.n.A.";"F068"
2403;"NichtnäherbezeichneteorganischepsychischeStörungaufgrundeinerSchädigungoderFunktionsstörungdesGehirnsodereinerkörperlichenKrankheit";"F069"
2405;"OrganischePersönlichkeitsstörung";"F070"
2406;"PostenzephalitischesSyndrom";"F071"
2407;"OrganischesPsychosyndromnachSchädelhirntrauma";"F072"
2408;"SonstigeorganischePersönlichkeits-undVerhaltensstörungenaufgrundeinerKrankheit,SchädigungoderFunktionsstörungdesGehirns";"F078"
2409;"NichtnäherbezeichneteorganischePersönlichkeits-undVerhaltensstörungaufgrundeinerKrankheit,SchädigungoderFunktionsstörungdesGehirns,OrganischesPsychosyndrom";"F079"
2410;"NichtnäherbezeichneteorganischeodersymptomatischepsychischeStörung,Psychose:organischeo.n.A.,symptomatischeo.n.A.";"F09"
2412;"PsychischeundVerhaltensstörungendurchAlkohol\AkuteIntoxikation(beiAbhängigkeit)";"F100"
2413;"PsychischeundVerhaltensstörungendurchAlkohol\SchädlicherGebrauch";"F101"
2414;"PsychischeundVerhaltensstörungendurchAlkohol\Abhängigkeitssyndrom";"F102"
2415;"PsychischeundVerhaltensstörungendurchAlkohol\Entzugssyndrom";"F103"
2416;"PsychischeundVerhaltensstörungendurchAlkohol\EntzugssyndrommitDelir";"F104"
2417;"PsychischeundVerhaltensstörungendurchAlkohol\PsychotischeStörung";"F105"
2418;"PsychischeundVerhaltensstörungendurchAlkohol\AmnestischesSyndrom";"F106"
2419;"PsychischeundVerhaltensstörungendurchAlkohol\RestzustandundverzögertauftretendepsychotischeStörung";"F107"
2420;"PsychischeundVerhaltensstörungendurchAlkohol\SonstigepsychischeundVerhaltensstörungen";"F108"
2421;"PsychischeundVerhaltensstörungendurchAlkohol\NichtnäherbezeichnetepsychischeundVerhaltensstörung";"F109"
2423;"PsychischeundVerhaltensstörungendurchOpioide\AkuteIntoxikation(beiAbhängigkeit)";"F110"
2424;"PsychischeundVerhaltensstörungendurchOpioide\SchädlicherGebrauch";"F111"
2425;"PsychischeundVerhaltensstörungendurchOpioide\Abhängigkeitssyndrom";"F112"
2426;"PsychischeundVerhaltensstörungendurchOpioide\Entzugssyndrom";"F113"
2427;"PsychischeundVerhaltensstörungendurchOpioide\EntzugssyndrommitDelir";"F114"
2428;"PsychischeundVerhaltensstörungendurchOpioide\PsychotischeStörung";"F115"
2429;"PsychischeundVerhaltensstörungendurchOpioide\AmnestischesSyndrom";"F116"
2430;"PsychischeundVerhaltensstörungendurchOpioide\RestzustandundverzögertauftretendepsychotischeStörung";"F117"
2431;"PsychischeundVerhaltensstörungendurchOpioide\SonstigepsychischeundVerhaltensstörungen";"F118"
2432;"PsychischeundVerhaltensstörungendurchOpioide\NichtnäherbezeichnetepsychischeundVerhaltensstörung";"F119"
2434;"PsychischeundVerhaltensstörungendurchCannabinoide\AkuteIntoxikation(beiAbhängigkeit)";"F120"
2435;"PsychischeundVerhaltensstörungendurchCannabinoide\SchädlicherGebrauch";"F121"
2436;"PsychischeundVerhaltensstörungendurchCannabinoide\Abhängigkeitssyndrom";"F122"
2437;"PsychischeundVerhaltensstörungendurchCannabinoide\Entzugssyndrom";"F123"
2438;"PsychischeundVerhaltensstörungendurchCannabinoide\EntzugssyndrommitDelir";"F124"
2439;"PsychischeundVerhaltensstörungendurchCannabinoide\PsychotischeStörung";"F125"
2440;"PsychischeundVerhaltensstörungendurchCannabinoide\AmnestischesSyndrom";"F126"
2441;"PsychischeundVerhaltensstörungendurchCannabinoide\RestzustandundverzögertauftretendepsychotischeStörung";"F127"
2442;"PsychischeundVerhaltensstörungendurchCannabinoide\SonstigepsychischeundVerhaltensstörungen";"F128"
2443;"PsychischeundVerhaltensstörungendurchCannabinoide\NichtnäherbezeichnetepsychischeundVerhaltensstörung";"F129"
2445;"PsychischeundVerhaltensstörungendurchSedativaoderHypnotika\AkuteIntoxikation(beiAbhängigkeit)";"F130"
2446;"PsychischeundVerhaltensstörungendurchSedativaoderHypnotika\SchädlicherGebrauch";"F131"
2447;"PsychischeundVerhaltensstörungendurchSedativaoderHypnotika\Abhängigkeitssyndrom";"F132"
2448;"PsychischeundVerhaltensstörungendurchSedativaoderHypnotika\Entzugssyndrom";"F133"
2449;"PsychischeundVerhaltensstörungendurchSedativaoderHypnotika\EntzugssyndrommitDelir";"F134"
2450;"PsychischeundVerhaltensstörungendurchSedativaoderHypnotika\PsychotischeStörung";"F135"
2451;"PsychischeundVerhaltensstörungendurchSedativaoderHypnotika\AmnestischesSyndrom";"F136"
2452;"PsychischeundVerhaltensstörungendurchSedativaoderHypnotika\RestzustandundverzögertauftretendepsychotischeStörung";"F137"
2453;"PsychischeundVerhaltensstörungendurchSedativaoderHypnotika\SonstigepsychischeundVerhaltensstörungen";"F138"
2454;"PsychischeundVerhaltensstörungendurchSedativaoderHypnotika\NichtnäherbezeichnetepsychischeundVerhaltensstörung";"F139"
2456;"PsychischeundVerhaltensstörungendurchKokain\AkuteIntoxikation(beiAbhängigkeit)";"F140"
2457;"PsychischeundVerhaltensstörungendurchKokain\SchädlicherGebrauch";"F141"
2458;"PsychischeundVerhaltensstörungendurchKokain\Abhängigkeitssyndrom";"F142"
2459;"PsychischeundVerhaltensstörungendurchKokain\Entzugssyndrom";"F143"
2460;"PsychischeundVerhaltensstörungendurchKokain\EntzugssyndrommitDelir";"F144"
2461;"PsychischeundVerhaltensstörungendurchKokain\PsychotischeStörung";"F145"
2462;"PsychischeundVerhaltensstörungendurchKokain\AmnestischesSyndrom";"F146"
2463;"PsychischeundVerhaltensstörungendurchKokain\RestzustandundverzögertauftretendepsychotischeStörung";"F147"
2464;"PsychischeundVerhaltensstörungendurchKokain\SonstigepsychischeundVerhaltensstörungen";"F148"
2465;"PsychischeundVerhaltensstörungendurchKokain\NichtnäherbezeichnetepsychischeundVerhaltensstörung";"F149"
2467;"PsychischeundVerhaltensstörungendurchandereStimulanzien,einschließlichKoffein\AkuteIntoxikation(beiAbhängigkeit)";"F150"
2468;"PsychischeundVerhaltensstörungendurchandereStimulanzien,einschließlichKoffein\SchädlicherGebrauch";"F151"
2469;"PsychischeundVerhaltensstörungendurchandereStimulanzien,einschließlichKoffein\Abhängigkeitssyndrom";"F152"
2470;"PsychischeundVerhaltensstörungendurchandereStimulanzien,einschließlichKoffein\Entzugssyndrom";"F153"
2471;"PsychischeundVerhaltensstörungendurchandereStimulanzien,einschließlichKoffein\EntzugssyndrommitDelir";"F154"
2472;"PsychischeundVerhaltensstörungendurchandereStimulanzien,einschließlichKoffein\PsychotischeStörung";"F155"
2473;"PsychischeundVerhaltensstörungendurchandereStimulanzien,einschließlichKoffein\AmnestischesSyndrom";"F156"
2474;"PsychischeundVerhaltensstörungendurchandereStimulanzien,einschließlichKoffein\RestzustandundverzögertauftretendepsychotischeStörung";"F157"
2475;"PsychischeundVerhaltensstörungendurchandereStimulanzien,einschließlichKoffein\SonstigepsychischeundVerhaltensstörungen";"F158"
2476;"PsychischeundVerhaltensstörungendurchandereStimulanzien,einschließlichKoffein\NichtnäherbezeichnetepsychischeundVerhaltensstörung";"F159"
2478;"PsychischeundVerhaltensstörungendurchHalluzinogene\AkuteIntoxikation(beiAbhängigkeit)";"F160"
2479;"PsychischeundVerhaltensstörungendurchHalluzinogene\SchädlicherGebrauch";"F161"
2480;"PsychischeundVerhaltensstörungendurchHalluzinogene\Abhängigkeitssyndrom";"F162"
2481;"PsychischeundVerhaltensstörungendurchHalluzinogene\Entzugssyndrom";"F163"
2482;"PsychischeundVerhaltensstörungendurchHalluzinogene\EntzugssyndrommitDelir";"F164"
2483;"PsychischeundVerhaltensstörungendurchHalluzinogene\PsychotischeStörung";"F165"
2484;"PsychischeundVerhaltensstörungendurchHalluzinogene\AmnestischesSyndrom";"F166"
2485;"PsychischeundVerhaltensstörungendurchHalluzinogene\RestzustandundverzögertauftretendepsychotischeStörung";"F167"
2486;"PsychischeundVerhaltensstörungendurchHalluzinogene\SonstigepsychischeundVerhaltensstörungen";"F168"
2487;"PsychischeundVerhaltensstörungendurchHalluzinogene\NichtnäherbezeichnetepsychischeundVerhaltensstörung";"F169"
2489;"PsychischeundVerhaltensstörungendurchTabak\AkuteIntoxikation(beiAbhängigkeit)";"F170"
2490;"PsychischeundVerhaltensstörungendurchTabak\SchädlicherGebrauch";"F171"
2491;"PsychischeundVerhaltensstörungendurchTabak\Abhängigkeitssyndrom";"F172"
2492;"PsychischeundVerhaltensstörungendurchTabak\Entzugssyndrom";"F173"
2493;"PsychischeundVerhaltensstörungendurchTabak\EntzugssyndrommitDelir";"F174"
2494;"PsychischeundVerhaltensstörungendurchTabak\PsychotischeStörung";"F175"
2495;"PsychischeundVerhaltensstörungendurchTabak\AmnestischesSyndrom";"F176"
2496;"PsychischeundVerhaltensstörungendurchTabak\RestzustandundverzögertauftretendepsychotischeStörung";"F177"
2497;"PsychischeundVerhaltensstörungendurchTabak\SonstigepsychischeundVerhaltensstörungen";"F178"
2498;"PsychischeundVerhaltensstörungendurchTabak\NichtnäherbezeichnetepsychischeundVerhaltensstörung";"F179"
2500;"PsychischeundVerhaltensstörungendurchflüchtigeLösungsmittel\AkuteIntoxikation(beiAbhängigkeit)";"F180"
2501;"PsychischeundVerhaltensstörungendurchflüchtigeLösungsmittel\SchädlicherGebrauch";"F181"
2502;"PsychischeundVerhaltensstörungendurchflüchtigeLösungsmittel\Abhängigkeitssyndrom";"F182"
2503;"PsychischeundVerhaltensstörungendurchflüchtigeLösungsmittel\Entzugssyndrom";"F183"
2504;"PsychischeundVerhaltensstörungendurchflüchtigeLösungsmittel\EntzugssyndrommitDelir";"F184"
2505;"PsychischeundVerhaltensstörungendurchflüchtigeLösungsmittel\PsychotischeStörung";"F185"
2509;"PsychischeundVerhaltensstörungendurchflüchtigeLösungsmittel\NichtnäherbezeichnetepsychischeundVerhaltensstörung";"F189"
2511;"PsychischeundVerhaltensstörungendurchmultiplenSubstanzgebrauchundKonsumandererpsychotroperSubstanzen\AkuteIntoxikation(beiAbhängigkeit)";"F190"
2512;"PsychischeundVerhaltensstörungendurchmultiplenSubstanzgebrauchundKonsumandererpsychotroperSubstanzen\SchädlicherGebrauch";"F191"
2513;"PsychischeundVerhaltensstörungendurchmultiplenSubstanzgebrauchundKonsumandererpsychotroperSubstanzen\Abhängigkeitssyndrom";"F192"
2514;"PsychischeundVerhaltensstörungendurchmultiplenSubstanzgebrauchundKonsumandererpsychotroperSubstanzen\Entzugssyndrom";"F193"
2515;"PsychischeundVerhaltensstörungendurchmultiplenSubstanzgebrauchundKonsumandererpsychotroperSubstanzen\EntzugssyndrommitDelir";"F194"
2516;"PsychischeundVerhaltensstörungendurchmultiplenSubstanzgebrauchundKonsumandererpsychotroperSubstanzen\PsychotischeStörung";"F195"
2517;"PsychischeundVerhaltensstörungendurchmultiplenSubstanzgebrauchundKonsumandererpsychotroperSubstanzen\AmnestischesSyndrom";"F196"
2518;"PsychischeundVerhaltensstörungendurchmultiplenSubstanzgebrauchundKonsumandererpsychotroperSubstanzen\RestzustandundverzögertauftretendepsychotischeStörung";"F197"
2519;"PsychischeundVerhaltensstörungendurchmultiplenSubstanzgebrauchundKonsumandererpsychotroperSubstanzen\SonstigepsychischeundVerhaltensstörungen";"F198"
2520;"PsychischeundVerhaltensstörungendurchmultiplenSubstanzgebrauchundKonsumandererpsychotroperSubstanzen\NichtnäherbezeichnetepsychischeundVerhaltensstörung";"F199"
2522;"ParanoideSchizophrenie";"F200"
2523;"HebephreneSchizophrenie,DesintegrativeSchizophrenie,";"F201"
2524;"KatatoneSchizophrenie,KatatonerStupor,Schizophren:Flexibilitascerea,Katalepsie,Katatonie";"F202"
2525;"UndifferenzierteSchizophrenie,AtypischeSchizophrenie";"F203"
2526;"PostschizophreneDepression";"F204"
2527;"SchizophrenesResiduum,ChronischeundifferenzierteSchizophrenie,Restzustand,SchizophrenerResidualzustand";"F205"
2528;"Schizophreniasimplex";"F206"
2529;"SonstigeSchizophrenie,Schizophreniform:Psychoseo.n.A.,Störungo.n.A.,Zönästhetische(zönästhopathische)Schizophrenie";"F208"
2530;"Schizophrenie,nichtnäherbezeichnet";"F209"
2531;"SchizotypeStörung,LatenteschizophreneReaktion,Schizophrenie:Borderline,latent,präpsychotisch,prodromal,pseudoneurotisch,pseudopsychopathisch,SchizotypePersönlichkeitsstörung";"F21"
2533;"WahnhafteStörung,Paranoia,Paranoid:Psychose,Zustand,sensitiverBeziehungswahn,SpäteParaphrenie";"F220"
2534;"SonstigeanhaltendewahnhafteStörungen,ParanoidesZustandsbildimInvolutionsalter,Querulantenwahn(Paranoiaquerulans),WahnhafteDysmorphophobie";"F228"
2535;"AnhaltendewahnhafteStörung,nichtnäherbezeichnet";"F229"
2537;"AkutepolymorphepsychotischeStörungohneSymptomeeinerSchizophrenie,BoufféedéliranteohneSymptomeeinerSchizophrenieodernichtnäherbezeichnet";"F230"
2538;"AkutepolymorphepsychotischeStörungmitSymptomeneinerSchizophrenie,BoufféedélirantemitSymptomeneinerSchizophrenie,ZykloidePsychosemitSymptomeneinerSchizophrenie";"F231"
2539;"AkuteschizophreniformepsychotischeStörung,Akute(undifferenzierte)Schizophrenie,Kurzeschizophreniforme:Psychose,Störung,Oneirophrenie,SchizophreneReaktion";"F232"
2540;"SonstigeakutevorwiegendwahnhaftepsychotischeStörungen,ParanoideReaktion,PsychogeneparanoidePsychose";"F233"
2541;"SonstigeakutevorübergehendepsychotischeStörungen";"F238"
2542;"AkutevorübergehendepsychotischeStörung,nichtnäherbezeichnet,KurzereaktivePsychoseo.n.A.,ReaktivePsychose";"F239"
2543;"InduziertewahnhafteStörung,Folieàdeux,Induziert:paranoideStörung,psychotischeStörung";"F24"
2545;"SchizoaffektiveStörung,gegenwärtigmanisch,SchizoaffektivePsychose,manischerTyp,SchizophreniformePsychose,manischerTyp";"F250"
2546;"SchizoaffektiveStörung,gegenwärtigdepressiv,SchizoaffektivePsychose,depressiverTyp,SchizophreniformePsychose,depressiverTyp";"F251"
2547;"GemischteschizoaffektiveStörung,GemischteschizophreneundaffektivePsychose,ZyklischeSchizophrenie";"F252"
2548;"SonstigeschizoaffektiveStörungen";"F258"
2549;"SchizoaffektiveStörung,nichtnäherbezeichnet,SchizoaffektivePsychoseo.n.A.";"F259"
2550;"SonstigenichtorganischepsychotischeStörungen,ChronischhalluzinatorischePsychose";"F28"
2551;"NichtnäherbezeichnetenichtorganischePsychose,Psychoseo.n.A.";"F29"
2553;"Hypomanie";"F300"
2554;"ManieohnepsychotischeSymptome";"F301"
2555;"ManiemitpsychotischenSymptomen";"F302"
2556;"SonstigemanischeEpisoden";"F308"
2557;"ManischeEpisode,nichtnäherbezeichnet,Manieo.n.A.";"F309"
2559;"BipolareaffektiveStörung,gegenwärtighypomanischeEpisode";"F310"
2560;"BipolareaffektiveStörung,gegenwärtigmanischeEpisodeohnepsychotischeSymptome";"F311"
2561;"BipolareaffektiveStörung,gegenwärtigmanischeEpisodemitpsychotischenSymptomen";"F312"
2562;"BipolareaffektiveStörung,gegenwärtigleichteodermittelgradigedepressiveEpisode";"F313"
2563;"BipolareaffektiveStörung,gegenwärtigschweredepressiveEpisodeohnepsychotischeSymptome";"F314"
2564;"BipolareaffektivePsychose,gegenwärtigschweredepressiveEpisodemitpsychotischenSymptomen";"F315"
2565;"BipolareaffektivePsychose,gegenwärtiggemischteEpisode";"F316"
2566;"BipolareaffektivePsychose,gegenwärtigremittiert";"F317"
2567;"SonstigebipolareaffektiveStörungen,Bipolar-II-Störung,RezidivierendemanischeEpisodeno.n.A.";"F318"
2568;"BipolareaffektiveStörung,nichtnäherbezeichnet";"F319"
2570;"LeichtedepressiveEpisode";"F320"
2571;"MittelgradigedepressiveEpisode";"F321"
2572;"SchweredepressiveEpisodeohnepsychotischeSymptome";"F322"
2573;"SchweredepressiveEpisodemitpsychotischenSymptomen";"F323"
2574;"SonstigedepressiveEpisoden,AtypischeDepression,EinzelneEpisodenderlarviertenDepressiono.n.A.";"F328"
2575;"DepressiveEpisode,nichtnäherbezeichnet,Depressiono.n.A.,DepressiveStörungo.n.A.";"F329"
2577;"RezidivierendedepressiveStörung,gegenwärtigleichteEpisode";"F330"
2578;"RezidivierendedepressiveStörung,gegenwärtigmittelgradigeEpisode";"F331"
2579;"RezidivierendedepressiveStörung,gegenwärtigschwereEpisodeohnepsychotischeSymptome,EndogeneDepressionohnepsychotischeSymptome";"F332"
2580;"RezidivierendedepressiveStörung,gegenwärtigschwereEpisodemitpsychotischenSymptomen";"F333"
2581;"RezidivierendedepressiveStörung,gegenwärtigremittiert";"F334"
2582;"SonstigerezidivierendedepressiveStörungen";"F338"
2583;"RezidivierendedepressiveStörung,nichtnäherbezeichnet,MonopolareDepressiono.n.A.";"F339"
2585;"Zyklothymia,AffektivePersönlichkeit(sstörung),ZykloidePersönlichkeit,ZyklothymePersönlichkeit";"F340"
2586;"Dysthymia,AnhaltendeängstlicheDepression,Depressiv:Neurose,Persönlichkeit(sstörung),NeurotischeDepression";"F341"
2587;"SonstigeanhaltendeaffektiveStörungen";"F348"
2588;"AnhaltendeaffektiveStörung,nichtnäherbezeichnet";"F349"
2590;"AndereeinzelneaffektiveStörungen,GemischteaffektiveEpisode";"F380"
2591;"AndererezidivierendeaffektiveStörungen,RezidivierendekurzedepressiveEpisoden";"F381"
2592;"SonstigenäherbezeichneteaffektiveStörungen";"F388"
2593;"NichtnäherbezeichneteaffektiveStörung,AffektivePsychoseo.n.A.";"F39"
2595;"Agoraphobie,AgoraphobieohnePanikstörunginderAnamnese,PanikstörungmitAgoraphobie";"F400"
2596;"SozialePhobien,Anthropophobie,SozialeNeurose";"F401"
2597;"Spezifische(isolierte)Phobien,Akrophobie,EinfachePhobie,Klaustrophobie,Tierphobien";"F402"
2598;"SonstigephobischeStörungen";"F408"
2599;"PhobischeStörung,nichtnäherbezeichnet,Phobieo.n.A.,PhobischerZustando.n.A.";"F409"
2601;"Panikstörung[episodischparoxysmaleAngst],Panikattacke,Panikzustand";"F410"
2602;"GeneralisierteAngststörung,Angstneurose,Angstreaktion,Angstzustand";"F411"
2603;"AngstunddepressiveStörung,gemischt,ÄngstlicheDepression(leichtodernichtanhaltend)";"F412"
2604;"AnderegemischteAngststörungen";"F413"
2605;"SonstigespezifischeAngststörungen,Angsthysterie";"F418"
2606;"Angststörung,nichtnäherbezeichnet,Angsto.n.A.";"F419"
2608;"VorwiegendZwangsgedankenoderGrübelzwang";"F420"
2609;"VorwiegendZwangshandlungen[Zwangsrituale]";"F421"
2610;"Zwangsgedankenund-handlungen,gemischt";"F422"
2611;"SonstigeZwangsstörungen";"F428"
2612;"Zwangsstörung,nichtnäherbezeichnet";"F429"
2614;"AkuteBelastungsreaktion.Akut:Belastungsreaktion,Krisenreaktion,Kriegsneurose,Krisenzustand,PsychischerSchock";"F430"
2615;"PosttraumatischeBelastungsstörung,TraumatischeNeurose";"F431"
2616;"Anpassungsstörungen,HospitalismusbeiKindern,Kulturschock,Trauerreaktion";"F432"
2617;"SonstigeReaktionenaufschwereBelastung";"F438"
2618;"ReaktionaufschwereBelastung,nichtnäherbezeichnet";"F439"
2620;"DissoziativeAmnesie";"F440"
2621;"DissoziativeFugue";"F441"
2622;"DissoziativerStupor";"F442"
2623;"Trance-undBesessenheitszustände";"F443"
2624;"DissoziativeBewegungsstörungen,Psychogen:Aphonie,Dysphonie";"F444"
2625;"DissoziativeKrampfanfälle";"F445"
2626;"DissoziativeSensibilitäts-undEmpfindungsstörungen,PsychogeneSchwerhörigkeitoderTaubheit";"F446"
2627;"DissoziativeStörungen[Konversionsstörungen],gemischt";"F447"
2628;"SonstigedissoziativeStörungen[Konversionsstörungen],Ganser-Syndrom,MultiplePersönlichkeit(sstörung),Psychogen:Dämmerzustand,Verwirrtheit";"F448"
2629;"DissoziativeStörung[Konversionsstörung],nichtnäherbezeichnet";"F449"
2631;"Somatisierungsstörung,MultiplepsychosomatischeStörung";"F450"
2632;"UndifferenzierteSomatisierungsstörung,UndifferenziertepsychosomatischeStörung";"F451"
2633;"HypochondrischeStörung,Dysmorphophobie(nichtwahnhaft),Hypochondrie,HypochondrischeNeurose,KörperdysmorphophobeStörung,Nosophobie";"F452"
2634;"SomatoformeautonomeFunktionsstörung,Da-Costa-Syndrom,Herzneurose,Magenneurose,NeurozirkulatorischeAsthenie";"F453"
2635;"AnhaltendesomatoformeSchmerzstörung,Psychalgie,Psychogen:Kopfschmerz,Rückenschmerz,SomatoformeSchmerzstörung";"F454"
2636;"SonstigesomatoformeStörungen,Psychogen:Dysmenorrhoe,Dysphagie,einschließlichGlobushystericus,Pruritus,Tortikollis,Zähneknirschen";"F458"
2637;"SomatoformeStörung,nichtnäherbezeichnet,PsychosomatischeStörungo.n.A.";"F459"
2639;"Neurasthenie,Ermüdungssyndrom";"F480"
2640;"Depersonalisations-undDerealisationssyndrom";"F481"
2641;"SonstigeneurotischeStörungen,Beschäftigungsneurose,einschließlichSchreibkrämpfen,Dhat-Syndrom,Psychasthenie,PsychasthenischeNeurose,PsychogeneSynkope";"F488"
2642;"NeurotischeStörung,nichtnäherbezeichnet,Neuroseo.n.A.";"F489"
2644;"Anorexianervosa";"F500"
2645;"AtypischeAnorexianervosa";"F501"
2646;"Bulimianervosa,Bulimieo.n.A.,Hyperorexianervosa";"F502"
2647;"AtypischeBulimianervosa";"F503"
2648;"EßattackenbeianderenpsychischenStörungen,PsychogeneEßattacken";"F504"
2649;"ErbrechenbeianderenpsychischenStörungen,PsychogenesErbrechen";"F505"
2650;"SonstigeEßstörungen,PicabeiErwachsenen,PsychogenerAppetitverlust";"F508"
2651;"Eßstörung,nichtnäherbezeichnet";"F509"
2653;"NichtorganischeInsomnie";"F510"
2654;"NichtorganischeHypersomnie";"F511"
2655;"NichtorganischeStörungdesSchlaf-Wach-Rhythmus,PsychogeneUmkehr:Schlafrhythmus,Tag-Nacht-Rhythmus,24-Stunden-Rhythmus";"F512"
2656;"Schlafwandeln[Somnambulismus]";"F513"
2657;"Pavornocturnus";"F514"
2658;"Alpträume[Angstträume],Angsttraumstörung";"F515"
2659;"SonstigenichtorganischeSchlafstörungen";"F518"
2660;"NichtorganischeSchlafstörung,nichtnäherbezeichnet,EmotionalbedingteSchlafstörungo.n.A.";"F519"
2662;"MangeloderVerlustvonsexuellemVerlangen,Frigidität,SexuelleHypoaktivität";"F520"
2664;"VersagengenitalerReaktionen,Erektionsstörung(beimMann),PsychogeneImpotenz,StörungdersexuellenErregungbeiderFrau";"F522"
2665;"Orgasmusstörung,GehemmterOrgasmus(weiblich)(männlich),PsychogeneAnorgasmie";"F523"
2666;"Ejaculatiopraecox,nichtverursachtdurcheineorganischeStörungoderKrankheit";"F524"
2667;"NichtorganischerVaginismus,PsychogenerVaginismus";"F525"
2668;"NichtorganischeDyspareunie,PsychogeneDyspareunie";"F526"
2669;"GesteigertessexuellesVerlangen,nichtverursachtdurcheineorganischeStörungoderKrankheit;Nymphomanie,Satyriasis";"F527"
2670;"SonstigesexuelleFunktionsstörungen,nichtverursachtdurcheineorganischeStörungoderKrankheit";"F528"
2671;"NichtnäherbezeichnetesexuelleFunktionsstörung,nichtverursachtdurcheineorganischeStörungoderKrankheit";"F529"
2673;"LeichtepsychischeundVerhaltensstörungenimWochenbett,anderenortsnichtklassifiziert,Depression:postnatalo.n.A.,postpartalo.n.A.";"F530"
2674;"SchwerepsychischeundVerhaltensstörungenimWochenbett,anderenortsnichtklassifiziert,Puerperalpsychoseo.n.A.";"F531"
2675;"SonstigepsychischeundVerhaltensstörungenimWochenbett,anderenortsnichtklassifiziert";"F538"
2676;"PsychischeStörungimWochenbett,nichtnäherbezeichnet";"F539"
2677;"PsychologischeFaktorenoderVerhaltensfaktorenbeianderenortsklassifiziertenKrankheiten";"F54"
2678;"MißbrauchvonnichtabhängigkeitserzeugendenSubstanzen,Laxanziengewöhnung,Mißbrauchvon:Antazida,PflanzenoderNaturheilmitteln,SteroidenoderHormonen,Vitaminen";"F55"
2679;"NichtnäherbezeichneteVerhaltensauffälligkeitenbeikörperlichenStörungenundFaktoren,PsychogenekörperlicheFunktionsstörungo.n.A.";"F59"
2681;"ParanoidePersönlichkeitsstörung,Persönlichkeit(sstörung):expansiv-paranoid,fanatisch,paranoid,querulatorisch,sensitivparanoid";"F600"
2682;"SchizoidePersönlichkeitsstörung";"F601"
2683;"DissozialePersönlichkeitsstörung,Persönlichkeit(sstörung):amoralisch,antisozial,asozial,psychopathisch,soziopathisch";"F602"
2684;"EmotionalinstabilePersönlichkeitsstörung,Persönlichkeit(sstörung):aggressiv,Borderline,reizbar(explosiv)";"F603"
2685;"HistrionischePersönlichkeitsstörung,Persönlichkeit(sstörung):hysterisch,infantil";"F604"
2686;"Anankastische[zwanghafte]Persönlichkeitsstörung,ZwanghaftePersönlichkeit(sstörung),Zwangspersönlichkeit(sstörung)";"F605"
2687;"Ängstliche(vermeidende)Persönlichkeitsstörung";"F606"
2688;"Abhängige(asthenische)Persönlichkeitsstörung,Persönlichkeit(sstörung):asthenisch,inadäquat,passiv,selbstschädigend";"F607"
2689;"SonstigespezifischePersönlichkeitsstörungen,Persönlichkeit(sstörung):exzentrisch,haltlos,narzißtisch,passiv-aggressiv,psychoneurotisch,unreif";"F608"
2690;"Persönlichkeitsstörung,nichtnäherbezeichnet,Charakterneuroseo.n.A.,PathologischePersönlichkeito.n.A.";"F609"
2691;"KombinierteundanderePersönlichkeitsstörungen";"F61"
2693;"AndauerndePersönlichkeitsänderungnachExtrembelastung";"F620"
2694;"AndauerndePersönlichkeitsänderungnachpsychischerKrankheit";"F621"
2695;"SonstigeandauerndePersönlichkeitsänderungen,PersönlichkeitsänderungbeichronischemSchmerzsyndrom";"F628"
2696;"AndauerndePersönlichkeitsänderung,nichtnäherbezeichnet";"F629"
2698;"PathologischesSpielen,ZwanghaftesSpielen";"F630"
2699;"PathologischeBrandstiftung[Pyromanie]";"F631"
2700;"PathologischesStehlen[Kleptomanie]";"F632"
2701;"Trichotillomanie";"F633"
2702;"SonstigeabnormeGewohnheitenundStörungenderImpulskontrolle";"F638"
2703;"AbnormeGewohnheitundStörungderImpulskontrolle,nichtnäherbezeichnet";"F639"
2705;"Transsexualismus";"F640"
2706;"TransvestitismusunterBeibehaltungbeiderGeschlechtsrollen";"F641"
2707;"StörungderGeschlechtsidentitätdesKindesalters";"F642"
2708;"SonstigeStörungenderGeschlechtsidentität";"F648"
2709;"StörungderGeschlechtsidentität,nichtnäherbezeichnet,StörungderGeschlechtsrolleo.n.A.";"F649"
2711;"Fetischismus";"F650"
2712;"FetischistischerTransvestitismus,TransvestitischerFetischismus";"F651"
2713;"Exhibitionismus";"F652"
2714;"Voyeurismus";"F653"
2715;"Pädophilie";"F654"
2716;"Sadomasochismus,Masochismus,Sadismus";"F655"
2717;"MultipleStörungenderSexualpräferenz";"F656"
2718;"SonstigeStörungenderSexualpräferenz,Frotteurismus,Nekrophilie";"F658"
2719;"StörungderSexualpräferenz,nichtnäherbezeichnet,SexuelleDeviationo.n.A.";"F659"
2721;"SexuelleReifungskrise";"F660"
2722;"IchdystoneSexualorientierung";"F661"
2724;"SonstigepsychischeundVerhaltensstörungeninVerbindungmitdersexuellenEntwicklungundOrientierung";"F668"
2725;"PsychischeundVerhaltensstörunginVerbindungmitdersexuellenEntwicklungundOrientierung,nichtnäherbezeichnet";"F669"
2727;"EntwicklungkörperlicherSymptomeauspsychischenGründen,Rentenneurose";"F680"
2728;"ArtifizielleStörung[absichtlichesErzeugenoderVortäuschenvonkörperlichenoderpsychischenSymptomenoderBehinderungen],Hospital-hopper-Syndrom,Münchhausen-Syndrom";"F681"
2729;"SonstigenäherbezeichnetePersönlichkeits-undVerhaltensstörungen,Charakterstörungo.n.A.,StörungzwischenmenschlicherBeziehungo.n.A.";"F688"
2730;"NichtnäherbezeichnetePersönlichkeits-undVerhaltensstörung";"F69"
2732;"LeichteIntelligenzminderung\KeineodergeringfügigeVerhaltensstörung";"F700"
2733;"LeichteIntelligenzminderung\DeutlicheVerhaltensstörung,dieBeobachtungoderBehandlungerfordert";"F701"
2734;"LeichteIntelligenzminderung\SonstigeVerhaltensstörung";"F708"
2735;"LeichteIntelligenzminderung\OhneAngabeeinerVerhaltensstörung";"F709"
2737;"MittelgradigeIntelligenzminderung\KeineodergeringfügigeVerhaltensstörung";"F710"
2738;"MittelgradigeIntelligenzminderung\DeutlicheVerhaltensstörung,dieBeobachtungoderBehandlungerfordert";"F711"
2739;"MittelgradigeIntelligenzminderung\SonstigeVerhaltensstörung";"F718"
2740;"MittelgradigeIntelligenzminderung\OhneAngabeeinerVerhaltensstörung";"F719"
2742;"SchwereIntelligenzminderung\KeineodergeringfügigeVerhaltensstörung";"F720"
2743;"SchwereIntelligenzminderung\DeutlicheVerhaltensstörung,dieBeobachtungoderBehandlungerfordert";"F721"
2744;"SchwereIntelligenzminderung\SonstigeVerhaltensstörung";"F728"
2745;"SchwereIntelligenzminderung\OhneAngabeeinerVerhaltensstörung";"F729"
2747;"SchwersteIntelligenzminderung\KeineodergeringfügigeVerhaltensstörung";"F730"
2748;"SchwersteIntelligenzminderung\DeutlicheVerhaltensstörung,dieBeobachtungoderBehandlungerfordert";"F731"
2749;"SchwersteIntelligenzminderung\SonstigeVerhaltensstörung";"F738"
2750;"SchwersteIntelligenzminderung\OhneAngabeeinerVerhaltensstörung";"F739"
2752;"AndereIntelligenzminderung\KeineodergeringfügigeVerhaltensstörung";"F780"
2753;"AndereIntelligenzminderung\DeutlicheVerhaltensstörung,dieBeobachtungoderBehandlungerfordert";"F781"
2754;"AndereIntelligenzminderung\SonstigeVerhaltensstörung";"F788"
2755;"AndereIntelligenzminderung\OhneAngabeeinerVerhaltensstörung";"F789"
2757;"NichtnäherbezeichneteIntelligenzminderung\KeineodergeringfügigeVerhaltensstörung";"F790"
2758;"NichtnäherbezeichneteIntelligenzminderung\DeutlicheVerhaltensstörung,dieBeobachtungoderBehandlungerfordert";"F791"
2759;"NichtnäherbezeichneteIntelligenzminderung\SonstigeVerhaltensstörung";"F798"
2760;"NichtnäherbezeichneteIntelligenzminderung\OhneAngabeeinerVerhaltensstörung";"F799"
2762;"Artikulationsstörung,Dyslalie,EntwicklungsbedingteArtikulationsstörung,FunktionelleArtikulationsstörung,Lallen,PhonologischeEntwicklungsstörung";"F800"
2763;"ExpressiveSprachstörung";"F801"
2764;"RezeptiveSprachstörung,AngeborenefehlendeakustischeWahrnehmung,Entwicklungsbedingt:DysphasieoderAphasie,rezeptiverTyp,Wernicke-Aphasie,Worttaubheit";"F802"
2765;"ErworbeneAphasiemitEpilepsie[Landau-Kleffner-Syndrom]";"F803"
2766;"SonstigeEntwicklungsstörungendesSprechensoderderSprache,Lispeln";"F808"
2767;"EntwicklungsstörungdesSprechensoderderSprache,nichtnäherbezeichnet,Sprachstörungo.n.A.";"F809"
2769;"Lese-undRechtschreibstörung,Entwicklungsdyslexie,UmschriebeneLesestörung,Leserückstand";"F810"
2770;"IsolierteRechtschreibstörung";"F811"
2771;"Rechenstörung,EntwicklungsbedingtesGerstmann-Syndrom,EntwicklungsstörungdesRechnens,Entwicklungs-Akalkulie";"F812"
2772;"KombinierteStörungenschulischerFertigkeiten";"F813"
2773;"SonstigeEntwicklungsstörungenschulischerFertigkeiten,EntwicklungsbedingteexpressiveSchreibstörung";"F818"
2774;"EntwicklungsstörungschulischerFertigkeiten,nichtnäherbezeichnet,Lernbehinderungo.n.A.,Lernstörungo.n.A.,StörungdesWissenserwerbso.n.A.";"F819"
2775;"UmschriebeneEntwicklungsstörungdermotorischenFunktionen,EntwicklungsbedingteKoordinationsstörung,Entwicklungsdyspraxie,SyndromdesungeschicktenKindes";"F82"
2776;"KombinierteumschriebeneEntwicklungsstörungen";"F83"
2778;"FrühkindlicherAutismus,AutistischeStörung,FrühkindlichePsychose,InfantilerAutismus,Kanner-Syndrom";"F840"
2779;"AtypischerAutismus,AtypischekindlichePsychose,IntelligenzminderungmitautistischenZügen";"F841"
2780;"Rett-Syndrom";"F842"
2781;"AnderedesintegrativeStörungdesKindesalters,Dementiainfantilis,DesintegrativePsychose,Heller-Syndrom,SymbiotischePsychose";"F843"
2782;"ÜberaktiveStörungmitIntelligenzminderungundBewegungsstereotypien";"F844"
2783;"Asperger-Syndrom,AutistischePsychopathie,SchizoideStörungdesKindesalters";"F845"
2784;"SonstigetiefgreifendeEntwicklungsstörungen";"F848"
2785;"TiefgreifendeEntwicklungsstörung,nichtnäherbezeichnet";"F849"
2786;"AndereEntwicklungsstörungen,EntwicklungsbedingteAgnosie";"F88"
2787;"NichtnäherbezeichneteEntwicklungsstörung,Entwicklungsstörungo.n.A.";"F89"
2789;"EinfacheAktivitäts-undAufmerksamkeitsstörung,Aufmerksamkeitsdefizitbei:hyperaktivemSyndrom,Hyperaktivitätsstörung,StörungmitHyperaktivität";"F900"
2790;"HyperkinetischeStörungdesSozialverhaltens,HyperkinetischeStörungverbundenmitStörungdesSozialverhaltens";"F901"
2791;"SonstigehyperkinetischeStörungen";"F908"
2792;"HyperkinetischeStörung,nichtnäherbezeichnet,HyperkinetischeReaktionderKindheitoderdesJugendalterso.n.A.,HyperkinetischesSyndromo.n.A.";"F909"
2794;"AufdenfamiliärenRahmenbeschränkteStörungdesSozialverhaltens";"F910"
2795;"StörungdesSozialverhaltensbeifehlendensozialenBindungen,NichtsozialisierteaggressiveStörung,StörungdesSozialverhaltens,nuraggressiverTyp";"F911"
2796;"StörungdesSozialverhaltensbeivorhandenensozialenBindungen";"F912"
2797;"StörungdesSozialverhaltensmitoppositionellem,aufsässigemVerhalten";"F913"
2798;"SonstigeStörungendesSozialverhaltens";"F918"
2799;"StörungdesSozialverhaltens,nichtnäherbezeichnet,Kindheit:StörungdesSozialverhaltenso.n.A.,Verhaltensstörungo.n.A.";"F919"
2801;"StörungdesSozialverhaltensmitdepressiverStörung";"F920"
2802;"SonstigekombinierteStörungdesSozialverhaltensundderEmotionen,StörungendesSozialverhaltens(F91.-)mit:,emotionalerStörung(F93.-),neurotischerStörung(F40-F49)";"F928"
2803;"KombinierteStörungdesSozialverhaltensundderEmotionen,nichtnäherbezeichnet";"F929"
2805;"EmotionaleStörungmitTrennungsangstdesKindesalters";"F930"
2806;"PhobischeStörungdesKindesalters";"F931"
2807;"StörungmitsozialerÄngstlichkeitdesKindesalters";"F932"
2808;"EmotionaleStörungmitGeschwisterrivalität,Geschwistereifersucht";"F933"
2809;"SonstigeemotionaleStörungendesKindesalters,Identitätsstörung,StörungmitÜberängstlichkeit";"F938"
2810;"EmotionaleStörungdesKindesalters,nichtnäherbezeichnet";"F939"
2812;"ElektiverMutismus,SelektiverMutismus";"F940"
2813;"ReaktiveBindungsstörungdesKindesalters";"F941"
2814;"BindungsstörungdesKindesaltersmitEnthemmung,GefühlsarmePsychopathie,Hospitalismus";"F942"
2815;"SonstigeStörungensozialerFunktionenmitBeginninderKindheit";"F948"
2816;"StörungsozialerFunktionenmitBeginninderKindheit,nichtnäherbezeichnet";"F949"
2818;"VorübergehendeTicstörung";"F950"
2819;"ChronischemotorischeodervokaleTicstörung";"F951"
2820;"KombiniertevokaleundmultiplemotorischeTics[Tourette-Syndrom]";"F952"
2821;"SonstigeTicstörungen";"F958"
2822;"Ticstörung,nichtnäherbezeichnet,Tico.n.A.";"F959"
2824;"NichtorganischeEnuresis,FunktionelleEnuresis,NichtorganischeprimäreodersekundäreEnuresis,NichtorganischeHarninkontinenz,PsychogeneEnuresis";"F980"
2825;"NichtorganischeEnkopresis,FunktionelleEnkopresis,NichtorganischeStuhlinkontinenz,PsychogeneEnkopresis";"F981"
2826;"FütterstörungimfrühenKindesalter,RuminationimKleinkindalter";"F982"
2827;"PicaimKindesalter";"F983"
2828;"StereotypeBewegungsstörungen,Stereotypie/abnormeGewohnheit";"F984"
2829;"Stottern[Stammeln]";"F985"
2830;"Poltern";"F986"
2831;"SonstigenäherbezeichneteVerhaltens-undemotionaleStörungenmitBeginninderKindheitundJugend";"F988"
2832;"NichtnäherbezeichneteVerhaltens-oderemotionaleStörungenmitBeginninderKindheitundJugend";"F989"
2833;"PsychischeStörungohnenähereAngabe,PsychischeKrankheito.n.A.";"F99"
2835;"MeningitisdurchHaemophilusinfluenzae";"G000"
2836;"Pneumokokkenmeningitis";"G001"
2837;"Streptokokkenmeningitis";"G002"
2838;"Staphylokokkenmeningitis";"G003"
2839;"SonstigebakterielleMeningitis,Meningitisdurch:Escherichiacoli,Klebsiella,Klebsiellapneumoniae[Friedländer],";"G008"
2840;"BakterielleMeningitis,nichtnäherbezeichnet,Meningitis:eitrigo.n.A.,purulento.n.A.,pyogeno.n.A.";"G009"
2841;"MeningitisbeianderenortsklassifiziertenbakteriellenKrankheiten";"G01"
2843;"MeningitisbeianderenortsklassifiziertenViruskrankheiten";"G020"
2844;"MeningitisbeianderenortsklassifiziertenMykosen";"G021"
2845;"MeningitisbeisonstigennäherbezeichnetenanderenortsklassifizierteninfektiösenundparasitärenKrankheiten";"G028"
2847;"NichteitrigeMeningitis,AbakterielleMeningitis";"G030"
2848;"ChronischeMeningitis";"G031"
2849;"BenignerezidivierendeMeningitis[Mollaret-Meningitis]";"G032"
2850;"MeningitisdurchsonstigenäherbezeichneteUrsachen";"G038"
2851;"Meningitis,nichtnäherbezeichnet,Arachnoiditis(spinal)o.n.A.";"G039"
2853;"AkutedisseminierteEnzephalitis,Enzephalitis,Enzephalomyelitis,nachImpfung";"G040"
2854;"TropischespastischeParaplegie";"G041"
2855;"BakterielleMeningoenzephalitisundMeningomyelitis,anderenortsnichtklassifiziert";"G042"
2856;"SonstigeEnzephalitis,MyelitisundEnzephalomyelitis,PostinfektiöseEnzephalitisundEnzephalomyelitiso.n.A.";"G048"
2857;"Enzephalitis,MyelitisundEnzephalomyelitis,nichtnäherbezeichnet,Ventrikulitis(zerebral)o.n.A.";"G049"
2859;"Enzephalitis,MyelitisundEnzephalomyelitisbeianderenortsklassifiziertenbakteriellenKrankheiten";"G050"
2860;"Enzephalitis,MyelitisundEnzephalomyelitisbeianderenortsklassifiziertenViruskrankheiten,Enzephalitis";"G051"
2861;"Enzephalitis,MyelitisundEnzephalomyelitisbeisonstigenanderenortsklassifizierteninfektiösenundparasitärenKrankheiten";"G052"
2862;"Enzephalitis,MyelitisundEnzephalomyelitisbeisonstigenanderenortsklassifiziertenKrankheiten,EnzephalopathiebeisystemischemLupuserythematodes(M32.1+)";"G058"
2864;"IntrakraniellerAbszeßundintrakraniellesGranulom,Abszeß(embolisch):Gehirn[jederTeil],otogen,zerebellar,zerebral";"G060"
2865;"IntraspinalerAbszeßundintraspinalesGranulom,Abszeß(embolisch)desRückenmarkes[jederTeil],IntraspinalerAbszeßoderintraspinalesGranulom:epidural,extradural,subdural";"G061"
2866;"ExtraduralerundsubduralerAbszeß,nichtnäherbezeichnet";"G062"
2867;"IntrakranielleundintraspinaleAbszesseundGranulomebeianderenortsklassifiziertenKrankheiten";"G07"
2868;"IntrakranielleundintraspinalePhlebitisundThrombophlebitis,Septische:Embolie,Endophlebitis,Phlebitis,Thrombophlebitis,Thrombose,intrakranielleoderintraspinalevenöseSinusundVenen";"G08"
2869;"FolgenentzündlicherKrankheitendesZentralnervensystems";"G09"
2870;"ChoreaHuntington,Choreachronicaprogressivahereditaria,Huntington-Krankheit";"G10"
2872;"AngeborenenichtprogressiveAtaxie";"G110"
2873;"FrühbeginnendezerebellareAtaxie,Friedreich-Ataxie(autosomal-rezessiv)";"G111"
2874;"SpätbeginnendezerebellareAtaxie";"G112"
2875;"ZerebellareAtaxiemitdefektemDNA-Reparatursystem,Ataxiateleangiectatica[Louis-Bar-Syndrom]";"G113"
2876;"HereditärespastischeParaplegie";"G114"
2877;"SonstigehereditäreAtaxien";"G118"
2878;"HereditäreAtaxie,nichtnäherbezeichnet,Hereditäre(s)zerebellare(s):Ataxieo.n.A.,Degeneration,Krankheit,Syndrom";"G119"
2880;"InfantilespinaleMuskelatrophie,TypI[TypWerdnig-Hoffmann]";"G120"
2881;"SonstigevererbtespinaleMuskelatrophie,ProgressiveBulbärparalyseimKindesalter[Fazio-Londe-Syndrom]";"G121"
2882;"Motoneuron-Krankheit,FamiliäreMotoneuron-Krankheit,Lateralsklerose:myatrophisch[amyotrophisch],primär,Progressive:Bulbärparalyse,spinaleMuskelatrophie";"G122"
2883;"SonstigespinaleMuskelatrophienundverwandteSyndrome";"G128"
2884;"SpinaleMuskelatrophie,nichtnäherbezeichnet";"G129"
2886;"ParaneoplastischeNeuromyopathieundNeuropathie,KarzinomatöseNeuromyopathie(C00-C97+),SensorischeparaneoplastischeNeuropathie,TypDenny-Brown(C00-D48+)";"G130"
2887;"SonstigeSystematrophien,vorwiegenddasZentralnervensystembetreffend,beiNeubildungen,ParaneoplastischelimbischeEnzephalopathie(C00-D48+)";"G131"
2888;"Systematrophie,vorwiegenddasZentralnervensystembetreffend,beiMyxödem(E00.1+,E03.-+)";"G132"
2889;"Systematrophien,vorwiegenddasZentralnervensystembetreffend,beisonstigenanderenortsklassifiziertenKrankheiten";"G138"
14467;"Postpolio-Syndrom";"G14"
2890;"PrimäresParkinson-Syndrom,Hemiparkinson,Paralysisagitans,ParkinsonismusoderParkinson-Krankheit:idiopathisch,primär,o.n.A.";"G20"
2892;"MalignesNeuroleptika-Syndrom(sekundäresParkinson-Syndrom)";"G210"
2893;"SonstigesarzneimittelinduziertesParkinson-Syndrom";"G211"
2894;"Parkinson-SyndromdurchsonstigeexogeneAgenzien";"G212"
2895;"PostenzephalitischesParkinson-Syndrom";"G213"
14468;"VaskuläresParkinson-Syndrom";"G214"
2896;"SonstigessekundäresParkinson-Syndrom";"G218"
2897;"SekundäresParkinson-Syndrom,nichtnäherbezeichnet";"G219"
2898;"Parkinson-SyndrombeianderenortsklassifiziertenKrankheiten,Parkinson-SyndrombeiSyphilis(A52.1+)";"G22"
2900;"Hallervorden-Spatz-Syndrom,PigmentdegenerationdesPallidums";"G230"
2901;"ProgressivesupranukleäreOphthalmoplegie[Steele-Richardson-Olszewski-Syndrom]";"G231"
2902;"StriatonigraleDegeneration";"G232"
14716;"MultipleSystematrophievomzerebellärenTyp[MSA-C]";"G233"
2903;"SonstigenäherbezeichnetedegenerativeKrankheitenderBasalganglien,KalzifikationderBasalganglien";"G238"
2904;"DegenerativeKrankheitderBasalganglien,nichtnäherbezeichnet";"G239"
2906;"ArzneimittelinduzierteDystonie,Dyskinesiatarda";"G240"
2907;"IdiopathischefamiliäreDystonie,IdiopathischeDystonieo.n.A.";"G241"
2908;"IdiopathischenichtfamiliäreDystonie";"G242"
2909;"Torticollisspasticus";"G243"
2910;"IdiopathischeorofazialeDystonie,OrofazialeDyskinesie";"G244"
2911;"Blepharospasmus";"G245"
2912;"SonstigeDystonie";"G248"
2913;"Dystonie,nichtnäherbezeichnet,Dyskinesieo.n.A.";"G249"
2915;"EssentiellerTremor,FamiliärerTremor";"G250"
2916;"ArzneimittelinduzierterTremor";"G251"
2917;"SonstigenäherbezeichneteTremorformen,Intentionstremor";"G252"
2918;"Myoklonus,ArzneimittelinduzierterMyoklonus";"G253"
2919;"ArzneimittelinduzierteChorea";"G254"
2920;"SonstigeChorea,Choreao.n.A.";"G255"
2921;"ArzneimittelinduzierteTicsundsonstigeTicsorganischenUrsprungs";"G256"
2922;"SonstigenäherbezeichneteextrapyramidaleKrankheitenundBewegungsstörungen,Stiff-man-Syndrom[Muskelstarre-Syndrom],SyndromderunruhigenBeine[Restlesslegs]";"G258"
2923;"ExtrapyramidaleKrankheitoderBewegungsstörung,nichtnäherbezeichnet";"G259"
2924;"ExtrapyramidaleKrankheitenundBewegungsstörungenbeianderenortsklassifiziertenKrankheiten";"G26"
2926;"Alzheimer-KrankheitmitfrühemBeginn";"G300"
2927;"Alzheimer-KrankheitmitspätemBeginn";"G301"
2928;"SonstigeAlzheimer-Krankheit";"G308"
2929;"Alzheimer-Krankheit,nichtnäherbezeichnet";"G309"
2931;"UmschriebeneHirnatrophie,Pick-Krankheit,ProgressiveisolierteAphasie";"G310"
2932;"SenileDegenerationdesGehirns,anderenortsnichtklassifiziert";"G311"
2933;"DegenerationdesNervensystemsdurchAlkohol";"G312"
2934;"SonstigenäherbezeichnetedegenerativeKrankheitendesNervensystems,Poliodystrophiacerebriprogressiva[Alpers-Krankheit],SubakutenekrotisierendeEnzephalomyelopathie[Leigh-Syndrom]";"G318"
2935;"DegenerativeKrankheitdesNervensystems,nichtnäherbezeichnet";"G319"
2937;"SubakutekombinierteDegenerationdesRückenmarksbeianderenortsklassifiziertenKrankheiten,SubakutekombinierteDegenerationdesRückenmarksbeiVitamin-B12-Mangel(E53.8+)";"G320"
2938;"SonstigenäherbezeichnetedegenerativeKrankheitendesNervensystemsbeianderenortsklassifiziertenKrankheiten";"G328"
2939;"MultipleSklerose[Encephalomyelitisdisseminata],MultipleSklerose:disseminiert,generalisiert,Hirnstamm,Rückenmark,o.n.A.";"G35"
2941;"Neuromyelitisoptica[Devic-Krankheit],DemyelinisationbeiNeuritisoptica";"G360"
2942;"AkuteundsubakutehämorrhagischeLeukoenzephalitis[Hurst]";"G361"
2943;"SonstigenäherbezeichneteakutedisseminierteDemyelinisation";"G368"
2944;"AkutedisseminierteDemyelinisation,nichtnäherbezeichnet";"G369"
2946;"DiffuseHirnsklerose,Encephalitisperiaxialis,Schilder-Krankheit";"G370"
2947;"ZentraleDemyelinisationdesCorpuscallosum";"G371"
2948;"ZentralepontineMyelinolyse";"G372"
2949;"MyelitistransversaacutabeidemyelinisierenderKrankheitdesZentralnervensystems,Myelitistransversaacutao.n.A.";"G373"
2950;"SubakutenekrotisierendeMyelitis[Foix-Alajouanine-Syndrom]";"G374"
2951;"KonzentrischeSklerose[Bal¢-Krankheit]";"G375"
2952;"SonstigenäherbezeichnetedemyelinisierendeKrankheitendesZentralnervensystems";"G378"
2953;"DemyelinisierendeKrankheitdesZentralnervensystems,nichtnäherbezeichnet";"G379"
2955;"Lokalisationsbezogene(fokale)(partielle)idiopathischeEpilepsieundepileptischeSyndromemitfokalbeginnendenAnfällen";"G400"
2956;"Lokalisationsbezogene(fokale)(partielle)symptomatischeEpilepsieundepileptischeSyndromemiteinfachenfokalenAnfällen";"G401"
2957;"Lokalisationsbezogene(fokale)(partielle)symptomatischeEpilepsieundepileptischeSyndromemitkomplexenfokalenAnfällen";"G402"
2958;"GeneralisierteidiopathischeEpilepsieundepileptischeSyndrome,Absencen-EpilepsiedesKindesalters[Pyknolepsie],Grand-mal-Aufwachepilepsie";"G403"
2959;"SonstigegeneralisierteEpilepsieundepileptischeSyndrome,Blitz-Nick-Salaam-Krämpfe";"G404"
2960;"SpezielleepileptischeSyndrome,Epilepsiapartialiscontinua[Kojewnikow-Syndrom]";"G405"
2961;"Grand-mal-Anfälle,nichtnäherbezeichnet(mitoderohnePetitmal)";"G406"
2962;"Petit-mal-Anfälle,nichtnäherbezeichnet,ohneGrand-mal-Anfälle";"G407"
2963;"SonstigeEpilepsien,EpilepsienundepileptischeSyndrome,unbestimmt,obfokalodergeneralisiert";"G408"
2964;"Epilepsie,nichtnäherbezeichnet,Epileptische:Anfälleo.n.A.,Konvulsioneno.n.A.";"G409"
2966;"Grand-mal-Status,Statusmittonisch-klonischenAnfällen";"G410"
2967;"Petit-mal-Status,Absencenstatus";"G411"
2968;"StatusepilepticusmitkomplexfokalenAnfällen";"G412"
2969;"SonstigerStatusepilepticus";"G418"
2970;"Statusepilepticus,nichtnäherbezeichnet";"G419"
2972;"MigräneohneAura[GewöhnlicheMigräne]";"G430"
2973;"MigränemitAura[KlassischeMigräne],Migräne:Äquivalente,AuraohneKopfschmerz,basilär,familiär-hemiplegisch,mit:akuteinsetzenderAura,prolongierterAura,typischerAura";"G431"
2974;"Statusmigraenosus";"G432"
2975;"KomplizierteMigräne";"G433"
2976;"SonstigeMigräne,OphthalmoplegischeMigräne,RetinaleMigräne";"G438"
2977;"Migräne,nichtnäherbezeichnet";"G439"
2979;"Cluster-Kopfschmerz,ChronischeparoxysmaleHemikranie,Cluster-Kopfschmerz:Bing-Horton-Syndrom,chronisch,episodisch";"G440"
2980;"VasomotorischerKopfschmerz,anderenortsnichtklassifiziert,VasomotorischerKopfschmerzo.n.A.";"G441"
2981;"Spannungskopfschmerz,ChronischerSpannungskopfschmerz,EpisodischerSpannungskopfschmerz,Spannungskopfschmerzo.n.A.";"G442"
2982;"ChronischerposttraumatischerKopfschmerz";"G443"
2983;"ArzneimittelinduzierterKopfschmerz,anderenortsnichtklassifiziert";"G444"
2984;"SonstigenäherbezeichneteKopfschmerzsyndrome";"G448"
2986;"Arteria-vertebralis-SyndrommitBasilaris-Symptomatik";"G450"
2987;"Arteria-carotis-interna-Syndrom(halbseitig)";"G451"
2988;"MultipleundbilateraleSyndromederextrazerebralenhirnversorgendenArterien";"G452"
2989;"Amaurosisfugax";"G453"
2990;"TransienteglobaleAmnesie[amnestischeEpisode]";"G454"
2991;"SonstigezerebraletransitorischeischämischeAttackenundverwandteSyndrome";"G458"
2992;"ZerebraletransitorischeischämischeAttacke,nichtnäherbezeichnet,ZerebraletransitorischeIschämieo.n.A.,SpasmusderHirnarterien";"G459"
2994;"Arteria-cerebri-media-Syndrom(I66.0+)";"G460"
2995;"Arteria-cerebri-anterior-Syndrom(I66.1+)";"G461"
2996;"Arteria-cerebri-posterior-Syndrom(I66.2+)";"G462"
2997;"Hirnstammsyndrom(I60-I67+),Benedikt-Syndrom,Claude-Syndrom,Foville-Syndrom,Millard-Gubler-Syndrom,Wallenberg-Syndrom,Weber-Syndrom";"G463"
2998;"Kleinhirnsyndrom(I60-I67+)";"G464"
2999;"ReinmotorischeslakunäresSyndrom(I60-I67+)";"G465"
3000;"ReinsensorischeslakunäresSyndrom(I60-I67+)";"G466"
3001;"SonstigelakunäreSyndrome(I60-I67+)";"G467"
3002;"SonstigeSyndromederHirngefäßebeizerebrovaskulärenKrankheiten(I60-I67+)";"G468"
3004;"Ein-undDurchschlafstörungen,Hyposomnie,Insomnie";"G470"
3005;"KrankhaftgesteigertesSchlafbedürfnis,Hypersomnie";"G471"
3006;"StörungendesSchlaf-Wach-Rhythmus,SyndromderverzögertenSchlafphasen,UnregelmäßigerSchlaf-Wach-Rhythmus";"G472"
3007;"Schlafapnoe,Schlafapnoe:obstruktiv,zentral";"G473"
3008;"NarkolepsieundKataplexie";"G474"
3009;"SonstigeSchlafstörungen,Kleine-Levin-Syndrom";"G478"
3010;"Schlafstörung,nichtnäherbezeichnet";"G479"
3012;"Trigeminusneuralgie,SyndromdesparoxysmalenGesichtsschmerzes,Ticdouloureux";"G500"
3013;"AtypischerGesichtsschmerz";"G501"
3014;"SonstigeKrankheitendesN.trigeminus";"G508"
3015;"KrankheitdesN.trigeminus,nichtnäherbezeichnet";"G509"
3017;"Fazialisparese,Bell-Lähmung";"G510"
3018;"EntzündungdesGangliongeniculi";"G511"
3019;"Melkersson-Rosenthal-Syndrom";"G512"
3020;"Spasmus(hemi)facialis";"G513"
3021;"FazialeMyokymie";"G514"
3022;"SonstigeKrankheitendesN.facialis";"G518"
3023;"KrankheitdesN.facialis,nichtnäherbezeichnet";"G519"
3025;"KrankheitenderNn.olfactorii[I.Hirnnerv]";"G520"
3026;"KrankheitendesN.glossopharyngeus[IX.Hirnnerv],NeuralgiedesN.glossopharyngeus";"G521"
3027;"KrankheitendesN.vagus[X.Hirnnerv]";"G522"
3028;"KrankheitendesN.hypoglossus[XII.Hirnnerv]";"G523"
3029;"KrankheitenmehrererHirnnerven,Polyneuritiscranialis";"G527"
3030;"KrankheitensonstigernäherbezeichneterHirnnerven";"G528"
3031;"KrankheiteinesHirnnerven,nichtnäherbezeichnet";"G529"
3033;"NeuralgienachZoster(B02.2+),EntzündungdesGangliongeniculinachZoster,TrigeminusneuralgienachZoster";"G530"
3034;"MultipleHirnnervenlähmungenbeianderenortsklassifizierteninfektiösenundparasitärenKrankheiten(A00-B99+)";"G531"
3035;"MultipleHirnnervenlähmungenbeiSarkoidose(D86.8+)";"G532"
3036;"MultipleHirnnervenlähmungenbeiNeubildungen(C00-D48+)";"G533"
3037;"SonstigeKrankheitenderHirnnervenbeisonstigenanderenortsklassifiziertenKrankheiten";"G538"
3039;"LäsionendesPlexusbrachialis,Thoracic-outlet-Syndrom[Schultergürtel-Kompressionssyndrom]";"G540"
3040;"LäsionendesPlexuslumbosacralis";"G541"
3041;"LäsionenderZervikalwurzeln,anderenortsnichtklassifiziert";"G542"
3042;"LäsionenderThorakalwurzeln,anderenortsnichtklassifiziert";"G543"
3043;"LäsionenderLumbosakralwurzeln,anderenortsnichtklassifiziert";"G544"
3044;"NeuralgischeAmyotrophie,Parsonage-Turner-Syndrom,Schultergürtel-Syndrom";"G545"
3045;"Phantomschmerz";"G546"
3046;"PhantomgliedohneSchmerzen,Phantomgliedo.n.A.";"G547"
3047;"SonstigeKrankheitenvonNervenwurzelnundNervenplexus";"G548"
3048;"KrankheitvonNervenwurzelnundNervenplexus,nichtnäherbezeichnet";"G549"
3050;"KompressionvonNervenwurzelnundNervenplexusbeiNeubildungen(C00-D48+)";"G550"
3051;"KompressionvonNervenwurzelnundNervenplexusbeiBandscheibenschäden(M50-M51+)";"G551"
3052;"KompressionvonNervenwurzelnundNervenplexusbeiSpondylose(M47.-+)";"G552"
3053;"KompressionvonNervenwurzelnundNervenplexusbeisonstigenKrankheitenderWirbelsäuleunddesRückens(M45-M46+,M48.-+,M53-M54+)";"G553"
3054;"KompressionvonNervenwurzelnundNervenplexusbeisonstigenanderenortsklassifiziertenKrankheiten";"G558"
3056;"Karpaltunnel-Syndrom";"G560"
3057;"SonstigeLäsionendesN.medianus";"G561"
3058;"LäsiondesN.ulnaris,SpätlähmungdesN.ulnaris";"G562"
3059;"LäsiondesN.radialis";"G563"
3060;"Kausalgie";"G564"
3061;"SonstigeMononeuropathienderoberenExtremität,Interdigitales(Pseudo-)NeuromderHände";"G568"
3062;"MononeuropathiederoberenExtremität,nichtnäherbezeichnet";"G569"
3064;"LäsiondesN.ischiadicus";"G570"
3065;"Meralgiaparaesthetica,Inguinaltunnel-Syndrom";"G571"
3066;"LäsiondesN.femoralis";"G572"
3067;"LäsiondesN.fibularis(peronaeus)communis,LähmungdesN.peronaeus";"G573"
3068;"LäsiondesN.tibialis";"G574"
3069;"Tarsaltunnel-Syndrom";"G575"
3070;"LäsiondesN.plantaris,Morton-Neuralgie[Metatarsalgie]";"G576"
3071;"SonstigeMononeuropathienderunterenExtremität,Interdigitales(Pseudo-)NeuromderFüße";"G578"
3072;"MononeuropathiederunterenExtremität,nichtnäherbezeichnet";"G579"
3074;"Interkostalneuropathie";"G580"
3075;"Mononeuritismultiplex";"G587"
3076;"SonstigenäherbezeichneteMononeuropathien";"G588"
3077;"Mononeuropathie,nichtnäherbezeichnet";"G589"
3079;"DiabetischeMononeuropathie(E10-E14+,vierteStelle.4)";"G590"
3080;"SonstigeMononeuropathienbeianderenortsklassifiziertenKrankheiten";"G598"
3082;"HereditäresensomotorischeNeuropathie";"G600"
3083;"Refsum-Krankheit";"G601"
3084;"NeuropathieinVerbindungmithereditärerAtaxie";"G602"
3085;"IdiopathischeprogressiveNeuropathie";"G603"
3086;"SonstigehereditäreundidiopathischeNeuropathien,Morvan-Krankheit,Nélaton-Syndrom,SensibleNeuropathie:dominantvererbt,rezessivvererbt";"G608"
3087;"HereditäreundidiopathischeNeuropathie,nichtnäherbezeichnet";"G609"
3089;"Guillain-Barré-Syndrom,Akute(post-)infektiösePolyneuritis";"G610"
3090;"Serumpolyneuropathie";"G611"
3091;"SonstigePolyneuritiden";"G618"
3092;"Polyneuritis,nichtnäherbezeichnet";"G619"
3094;"ArzneimittelinduziertePolyneuropathie";"G620"
3095;"Alkohol-Polyneuropathie";"G621"
3096;"PolyneuropathiedurchsonstigetoxischeAgenzien";"G622"
3097;"SonstigenäherbezeichnetePolyneuropathien,StrahleninduziertePolyneuropathie";"G628"
3098;"Polyneuropathie,nichtnäherbezeichnet,Neuropathieo.n.A.";"G629"
3100;"PolyneuropathiebeianderenortsklassifizierteninfektiösenundparasitärenKrankheiten";"G630"
3101;"PolyneuropathiebeiNeubildungen(C00-D48+)";"G631"
3102;"DiabetischePolyneuropathie(E10-E14+,vierteStelle.4)";"G632"
3103;"PolyneuropathiebeisonstigenendokrinenundStoffwechselkrankheiten(E00-E07+,E15-E16+,E20-E34+,E70-E89+)";"G633"
3104;"PolyneuropathiebeialimentärenMangelzuständen(E40-E64+)";"G634"
3105;"PolyneuropathiebeiSystemkrankheitendesBindegewebes(M30-M35+)";"G635"
3106;"PolyneuropathiebeisonstigenKrankheitendesMuskel-Skelett-Systems(M00-M25+,M40-M96+)";"G636"
3107;"PolyneuropathiebeisonstigenanderenortsklassifiziertenKrankheiten,UrämischeNeuropathie(N18.8+)";"G638"
3108;"SonstigeKrankheitendesperipherenNervensystems,KrankheitdesperipherenNervensystemso.n.A.";"G64"
3110;"Myastheniagravis";"G700"
3111;"ToxischeneuromuskuläreKrankheiten";"G701"
3112;"AngeboreneoderentwicklungsbedingteMyasthenie";"G702"
3113;"SonstigenäherbezeichneteneuromuskuläreKrankheiten";"G708"
3114;"NeuromuskuläreKrankheit,nichtnäherbezeichnet";"G709"
3116;"Muskeldystrophie,Muskeldystrophie:autosomal-rezessiv,BeginninderfrühenKindheit,Duchenne-oderBecker-ähnlich";"G710"
3117;"MyotoneSyndrome,Dystrophiamyotonica[Curschmann-Batten-Steinert-Syndrom]";"G711"
3118;"AngeboreneMyopathien";"G712"
3119;"MitochondrialeMyopathie,anderenortsnichtklassifiziert";"G713"
3120;"SonstigeprimäreMyopathien";"G718"
3121;"PrimäreMyopathie,nichtnäherbezeichnet,HereditäreMyopathieo.n.A.";"G719"
3123;"ArzneimittelinduzierteMyopathie";"G720"
3124;"Alkoholmyopathie";"G721"
3125;"MyopathiedurchsonstigetoxischeAgenzien";"G722"
3126;"PeriodischeLähmung,PeriodischeLähmung(familiär):hyperkaliämisch,hypokaliämisch,myotonisch,normokaliämisch";"G723"
3127;"Myositis,anderenortsnichtklassifiziert";"G724"
3128;"SonstigenäherbezeichneteMyopathien";"G728"
3129;"Myopathie,nichtnäherbezeichnet";"G729"
3131;"MyastheniesyndromebeiendokrinenKrankheiten,Myastheniesyndromebei:diabetischerAmyotrophie(E10-E14+,vierteStelle.4),Hyperthyreose[Thyreotoxikose](E05.-+)";"G730"
3132;"Eaton-Lambert-Syndrom(C80+)";"G731"
3133;"SonstigeMyastheniesyndromebeiNeubildungen(C00-D48+)";"G732"
3134;"MyastheniesyndromebeisonstigenanderenortsklassifiziertenKrankheiten";"G733"
3135;"MyopathiebeianderenortsklassifizierteninfektiösenundparasitärenKrankheiten";"G734"
3136;"MyopathiebeiendokrinenKrankheiten,Myopathiebei:Hyperparathyreoidismus(E21.0-E21.3+),Hypoparathyreoidismus(E20.-+),ThyreotoxischeMyopathie(E05.-+)";"G735"
3137;"MyopathiebeiStoffwechselkrankheiten,Myopathiebei:Glykogenspeicherkrankheit(E74.0+),Lipidspeicherkrankheiten(E75.-+)";"G736"
3138;"MyopathiebeisonstigenanderenortsklassifiziertenKrankheiten";"G737"
3140;"SpastischeZerebralparese,AngeborenespastischeLähmung(zerebral)";"G800"
3141;"SpastischeDiplegie";"G801"
3142;"InfantileHemiplegie";"G802"
3143;"DyskinetischeZerebralparese,AthetotischeZerebralparese";"G803"
3144;"AtaktischeZerebralparese";"G804"
3145;"SonstigeinfantileZerebralparese,MischsyndromederZerebralparese";"G808"
3146;"InfantileZerebralparese,nichtnäherbezeichnet,Zerebralpareseo.n.A.";"G809"
3148;"SchlaffeHemiplegie";"G810"
3149;"SpastischeHemiplegie";"G811"
3150;"Hemiplegie,nichtnäherbezeichnet";"G819"
3152;"SchlaffeParaplegie";"G820"
3153;"SpastischeParaplegie";"G821"
3154;"Paraplegie,nichtnäherbezeichnet,LähmungbeideruntererExtremitäteno.n.A.,Paraplegie(untere)o.n.A.";"G822"
3155;"SchlaffeTetraplegie";"G823"
3156;"SpastischeTetraplegie";"G824"
3157;"Tetraplegie,nichtnäherbezeichnet,Quadriplegieo.n.A.";"G825"
3159;"DiplegiederoberenExtremitäten,Diplegie(obere),LähmungbeideroberenExtremitäten";"G830"
3160;"MonoplegieeinerunterenExtremität,LähmungeinesBeines";"G831"
3161;"MonoplegieeineroberenExtremität,LähmungeinesArmes";"G832"
3162;"Monoplegie,nichtnäherbezeichnet";"G833"
3163;"Cauda-(equina-)Syndrom,NeurogeneBlasenentleerungsstörungbeiCauda-(equina-)Syndrom";"G834"
14717;"Locked-in-Syndrom";"G835"
3164;"SonstigenäherbezeichneteLähmungssyndrome,Todd-Paralyse(postiktal)";"G838"
3165;"Lähmungssyndrom,nichtnäherbezeichnet";"G839"
3167;"IdiopathischeperiphereautonomeNeuropathie,Karotissinus-Syndrom(Synkope)";"G900"
3168;"FamiliäreDysautonomie[Riley-Day-Syndrom]";"G901"
3169;"Horner-Syndrom,Horner-Bernard-Syndrom,Horner-Trias";"G902"
3170;"Multisystem-Atrophie,Shy-Drager-Syndrom[NeurogeneorthostatischeHypotoniemitMultisystem-Atrophie]";"G903"
14469;"AutonomeDysreflexie";"G904"
3171;"SonstigeKrankheitendesautonomenNervensystems";"G908"
3172;"KrankheitdesautonomenNervensystems,nichtnäherbezeichnet";"G909"
3174;"Hydrocephaluscommunicans";"G910"
3175;"Hydrocephalusocclusus";"G911"
3176;"HydrozephalusohneHirndrucksteigerung";"G912"
3177;"PosttraumatischerHydrozephalus,nichtnäherbezeichnet";"G913"
3178;"SonstigerHydrozephalus";"G918"
3179;"Hydrozephalus,nichtnäherbezeichnet";"G919"
3180;"ToxischeEnzephalopathie";"G92"
3182;"Hirnzysten,PorenzephalischeZyste,Arachnoidalzyste";"G930"
3183;"AnoxischeHirnschädigung,anderenortsnichtklassifiziert";"G931"
3184;"GutartigeintrakranielleDrucksteigerung";"G932"
3185;"PostviralesErmüdungssyndrom,BenignemyalgischeEnzephalomyelitis";"G933"
3186;"Enzephalopathie,nichtnäherbezeichnet";"G934"
3187;"Compressiocerebri,Herniation,Kompression,Hirn(-stamm)";"G935"
3188;"Hirnödem";"G936"
3190;"SonstigenäherbezeichneteKrankheitendesGehirns,EnzephalopathienachStrahlenexposition";"G938"
3191;"KrankheitdesGehirns,nichtnäherbezeichnet";"G939"
3193;"HydrozephalusbeianderenortsklassifizierteninfektiösenundparasitärenKrankheiten(A00-B99+)";"G940"
3194;"HydrozephalusbeiNeubildungen(C00-D48+)";"G941"
3195;"HydrozephalusbeisonstigenanderenortsklassifiziertenKrankheiten";"G942"
3196;"SonstigenäherbezeichneteKrankheitendesGehirnsbeianderenortsklassifiziertenKrankheiten";"G948"
3198;"SyringomyelieundSyringobulbie";"G950"
3199;"VaskuläreMyelopathien,AkuterRückenmarkinfarkt(embolisch)(nichtembolisch)";"G951"
3200;"Rückenmarkkompression,nichtnäherbezeichnet";"G952"
3201;"SonstigenäherbezeichneteKrankheitendesRückenmarkes,Myelopathiedurch:Arzneimittel,Strahlenwirkung,Rückenmarkblaseo.n.A.";"G958"
3202;"KrankheitdesRückenmarkes,nichtnäherbezeichnet,yelopathieo.n.A.";"G959"
3204;"AustrittvonLiquorcerebrospinalis,Liquorrhoe";"G960"
3205;"KrankheitenderMeningen,anderenortsnichtklassifiziert,MeningealeAdhäsionen(zerebral)(spinal)";"G961"
3206;"SonstigenäherbezeichneteKrankheitendesZentralnervensystems";"G968"
3207;"KrankheitdesZentralnervensystems,nichtnäherbezeichnet";"G969"
3209;"AustrittvonLiquorcerebrospinalisnachLumbalpunktion";"G970"
3210;"SonstigeReaktionaufSpinal-undLumbalpunktion";"G971"
3211;"IntrakranielleDruckminderungnachventrikuläremShunt";"G972"
3212;"SonstigeKrankheitendesNervensystemsnachmedizinischenMaßnahmen";"G978"
3213;"KrankheitdesNervensystemsnachmedizinischerMaßnahme,nichtnäherbezeichnet";"G979"
3214;"SonstigeKrankheitendesNervensystems,anderenortsnichtklassifiziert,KrankheitdesNervensystemso.n.A.";"G98"
3216;"AutonomeNeuropathiebeiendokrinenundStoffwechselkrankheiten,AmyloideautonomeNeuropathie(E85.-+),DiabetischeautonomeNeuropathie(E10-E14+,vierteStelle.4)";"G990"
3217;"SonstigeKrankheitendesautonomenNervensystemsbeisonstigenanderenortsklassifiziertenKrankheiten";"G991"
3218;"MyelopathiebeianderenortsklassifiziertenKrankheiten";"G992"
3219;"SonstigenäherbezeichneteKrankheitendesNervensystemsbeianderenortsklassifiziertenKrankheiten";"G998"
3221;"HordeolumundsonstigetiefeEntzündungdesAugenlides,Abszeß,Furunkel,Gerstenkorn,Augenlid";"H000"
3222;"Chalazion,Hagelkorn";"H001"
3224;"Blepharitis";"H010"
3225;"NichtinfektiöseDermatosendesAugenlides,Dermatitis:allergisch,ekzematös,Kontakt-,Erythematodeschronicusdiscoides,XerodermaAugenlid";"H011"
3226;"SonstigenäherbezeichneteEntzündungendesAugenlides";"H018"
3227;"EntzündungdesAugenlides,nichtnäherbezeichnet";"H019"
3229;"EntropiumundTrichiasisdesAugenlides";"H020"
3230;"EktropiumdesAugenlides";"H021"
3231;"Lagophthalmus";"H022"
3232;"Blepharochalasis";"H023"
3233;"PtosisdesAugenlides";"H024"
3234;"SonstigeAffektionenmitAuswirkungaufdieAugenlidfunktion,Ankyloblepharon,Blepharophimose,Lidretraktion";"H025"
3235;"Xanthelasmapalpebrarum";"H026"
3236;"SonstigedegenerativeAffektionendesAugenlidesundderUmgebungdesAuges,Chloasma,Madarosis,VitiligoAugenlid";"H027"
3237;"SonstigenäherbezeichneteAffektionendesAugenlides,HypertrichosedesAugenlides,VerbliebenerFremdkörperimAugenlid";"H028"
3238;"AffektiondesAugenlides,nichtnäherbezeichnet";"H029"
3241;"BeteiligungdesAugenlidesbeisonstigenanderenortsklassifiziertenInfektionskrankheiten";"H031"
3242;"BeteiligungdesAugenlidesbeisonstigenanderenortsklassifiziertenKrankheiten,BeteiligungdesAugenlidesbeiImpetigo(L01.0+)";"H038"
3244;"Dakryoadenitis,ChronischeVergrößerungderTränendrüse";"H040"
3245;"SonstigeAffektionenderTränendrüse,Dakryops,Tränendrüsenatrophie,TrockenesAuge,Zyste";"H041"
3246;"Epiphora";"H042"
3247;"AkuteundnichtnäherbezeichneteEntzündungderTränenwege,Dakryozystitis(phlegmonös),Kanalikulitis,Peridakryozystitis,akut,subakutodernichtnäherbezeichnet";"H043"
3248;"ChronischeEntzündungderTränenwege,Dakryozystitis,Kanalikulitis,MukozeledesTränenapparates,chronisch";"H044"
3249;"StenoseundInsuffizienzderTränenwege,Dakryolith,Eversiopunctilacrimalis,Stenose:Canaliculuslacrimalis,Ductusnasolacrimalis,Tränensack";"H045"
3250;"SonstigeVeränderungenandenTränenwegen,Fistel";"H046"
3251;"SonstigeAffektionendesTränenapparates";"H048"
3252;"AffektiondesTränenapparates,nichtnäherbezeichnet";"H049"
3254;"AkuteEntzündungderOrbita,Abszeß,Osteomyelitis,Periostitis,Tenonitis,Zellgewebsentzündung,Orbita";"H050"
3255;"ChronischeentzündlicheAffektionenderOrbita,GranulomderOrbita";"H051"
3256;"Exophthalmus,Blutung,ÖdemOrbita,LageveränderungdesAugapfels(lateral)o.n.A.";"H052"
3257;"DeformationderOrbita,Atrophie,Exostose,Orbita";"H053"
3258;"Enophthalmus";"H054"
3259;"Verbliebener(alter)FremdkörpernachperforierenderVerletzungderOrbita,RetrobulbärerFremdkörper";"H055"
3260;"SonstigeAffektionenderOrbita,ZystederOrbita";"H058"
3261;"AffektionderOrbita,nichtnäherbezeichnet";"H059"
3263;"AffektionendesTränenapparatesbeianderenortsklassifiziertenKrankheiten";"H060"
3264;"ParasitenbefallderOrbitabeianderenortsklassifiziertenKrankheiten,EchinokokkenbefallderOrbita(B67.-+),MyiasisderOrbita(B87.2+)";"H061"
3265;"ExophthalmusbeiFunktionsstörungderSchilddrüse(E05.-+)";"H062"
3266;"SonstigeAffektionenderOrbitabeianderenortsklassifiziertenKrankheiten";"H063"
3268;"MukopurulenteKonjunktivitis";"H100"
3269;"AkuteallergischeKonjunktivitis";"H101"
3270;"SonstigeakuteKonjunktivitis";"H102"
3271;"AkuteKonjunktivitis,nichtnäherbezeichnet";"H103"
3272;"ChronischeKonjunktivitis";"H104"
3273;"Blepharokonjunktivitis";"H105"
3274;"SonstigeKonjunktivitis";"H108"
3275;"Konjunktivitis,nichtnäherbezeichnet";"H109"
3277;"Pterygium";"H110"
3278;"Konjunktivadegenerationund-einlagerungen,Konjunktivale:Argyrose[Argyrie],Konkremente,Pigmentierung,Xerosisconjunctivaeo.n.A.";"H111"
3279;"NarbenderKonjunktiva,Symblepharon";"H112"
3280;"BlutungderKonjunktiva,Hyposphagma,SubkonjunktivaleBlutung";"H113"
3281;"SonstigeGefäßkrankheitenundZystenderKonjunktiva,Konjunktivale(s):Aneurysma,Hyperämie,Ödem";"H114"
3282;"SonstigenäherbezeichneteAffektionenderKonjunktiva,Pseudopterygium";"H118"
3283;"AffektionderKonjunktiva,nichtnäherbezeichnet";"H119"
3286;"KonjunktivitisbeianderenortsklassifizierteninfektiösenundparasitärenKrankheiten";"H131"
3287;"KonjunktivitisbeisonstigenanderenortsklassifiziertenKrankheiten";"H132"
3288;"OkuläresPemphigoid(L12.-+)";"H133"
3289;"SonstigeAffektionenderKonjunktivabeianderenortsklassifiziertenKrankheiten";"H138"
3291;"Skleritis";"H150"
3292;"Episkleritis";"H151"
3293;"SonstigeAffektionenderSklera,ÄquatorialesStaphylom,EktasiederSklera";"H158"
3294;"AffektionderSklera,nichtnäherbezeichnet";"H159"
3296;"Ulcuscorneae,Ulkus:marginal,mitHypopyon,perforiert,ringförmig,zentral,o.n.A.,Ulcuscorneaerodens[Mooren]";"H160"
3297;"SonstigeoberflächlicheKeratitisohneKonjunktivitis,Keratitis:areolaris,filiformis,nummularis,punctatasuperficialis,stellata,Streifen-,Photokeratitis,Schneeblindheit";"H161"
3298;"Keratokonjunktivitis,Keratoconjunctivitis:neuroparalytica,phlyctaenulosa,Keratokonjunktivitis:durchExposition,o.n.A.,OberflächlicheKeratitismitKonjunktivitis,Ophthalmianodosa";"H162"
3299;"InterstitielleundtiefeKeratitis";"H163"
3300;"NeovaskularisationderHornhaut,Gefäßobliterationen,Pannus";"H164"
3301;"SonstigeFormenderKeratitis";"H168"
3302;"Keratitis,nichtnäherbezeichnet";"H169"
3304;"Leukomaadhaerens";"H170"
3305;"SonstigezentraleHornhauttrübung";"H171"
3306;"SonstigeHornhautnarbenund-trübungen";"H178"
3307;"Hornhautnarbeund-trübung,nichtnäherbezeichnet";"H179"
3309;"Hornhautpigmentierungenund-einlagerungen,Hämatokornea,Kayser-Fleischer-Ring,Krukenberg-Spindel,Stähli-Linie";"H180"
3310;"Keratopathiabullosa";"H181"
3311;"SonstigesHornhautödem";"H182"
3312;"VeränderungenandenHornhautmembranen,Falte,Ruptur,Descemet-Membran";"H183"
3313;"Hornhautdegeneration,Arcussenilis,BandförmigeKeratopathie";"H184"
3314;"HereditäreHornhautdystrophien,Hornhautdystrophie:epithelial,fleckförmig,Fuchs-,gittrig,granulär";"H185"
3315;"Keratokonus";"H186"
3316;"SonstigeHornhautdeformitäten,Descemetozele,Hornhaut:Ektasie,Staphylom";"H187"
3317;"SonstigenäherbezeichneteAffektionenderHornhaut,Anästhesie,Hypästhesie,Hornhaut,RezidivierendeHornhauterosionen";"H188"
3318;"AffektionderHornhaut,nichtnäherbezeichnet";"H189"
3321;"KeratitisundKeratokonjunktivitisdurchHerpesviren(B00.5+),Keratitisdendriticaunddisciformis";"H191"
3322;"KeratitisundKeratokonjunktivitisbeisonstigenanderenortsklassifizierteninfektiösenundparasitärenKrankheiten";"H192"
3323;"KeratitisundKeratokonjunktivitisbeisonstigenanderenortsklassifiziertenKrankheiten,Keratoconjunctivitissicca(M35.0+)";"H193"
3324;"SonstigeAffektionenderSkleraundderHornhautbeianderenortsklassifiziertenKrankheiten,KeratokonusbeiDown-Syndrom(Q90.-+)";"H198"
3326;"AkuteundsubakuteIridozyklitis,Iritis,Uveitisanterior,Zyklitis,akut,rezidivierendodersubakut";"H200"
3327;"ChronischeIridozyklitis";"H201"
3328;"PhakogeneIridozyklitis";"H202"
3329;"SonstigeIridozyklitis";"H208"
3330;"Iridozyklitis,nichtnäherbezeichnet";"H209"
3332;"Hyphäma";"H210"
3333;"SonstigeGefäßkrankheitenderIrisunddesZiliarkörpers,NeovaskularisationderIrisoderdesZiliarkörpers,Rubeosisiridis";"H211"
3334;"DegenerationderIrisunddesZiliarkörpers,Degeneration:Iris(Pigment),Pupillensaum,DurchleuchtbarkeitderIris,Iridoschisis,Irisatrophie(essentiell)(progressiv),MiotischePupillenzyste";"H212"
3335;"ZystederIris,desZiliarkörpersundderVorderkammer,ZystederIris,desZiliarkörpersoderderVorderkammer:exsudativ,Implantations-,parasitär,o.n.A.";"H213"
3336;"Pupillarmembranen,Irisbombé,Occlusiopupillae,Seclusiopupillae";"H214"
3337;"SonstigeAdhäsionenundAbrißderIrisunddesZiliarkörpers,Goniosynechien,Iridodialyse,Kammerwinkeldeformität,Synechien(Iris):hintere,vordere,o.n.A.";"H215"
3338;"SonstigenäherbezeichneteAffektionenderIrisunddesZiliarkörpers";"H218"
3339;"AffektionderIrisunddesZiliarkörpers,nichtnäherbezeichnet";"H219"
3341;"IridozyklitisbeianderenortsklassifizierteninfektiösenundparasitärenKrankheiten";"H220"
3342;"IridozyklitisbeisonstigenanderenortsklassifiziertenKrankheiten,Iridozyklitisbei:,Sarkoidose(D86.8+),Spondylitisankylopoetica[Spondylitisankylosans](M45+)";"H221"
3343;"SonstigeAffektionenderIrisunddesZiliarkörpersbeianderenortsklassifiziertenKrankheiten";"H228"
3345;"Cataractasenilisincipiens,Cataractasenilis:coronaria,corticalis,punctata,SenilesubkapsuläreKatarakt(anterior)(posterior),Wasserspalten-Speichen-Katarakt";"H250"
3346;"Cataractanuclearissenilis,Cataractabrunescens,Linsenkernsklerose";"H251"
3347;"Cataractasenilis,Morgagni-Typ,Cataractasenilishypermatura";"H252"
3348;"SonstigesenileKataraktformen,KombinierteFormendersenilenKatarakt";"H258"
3349;"SenileKatarakt,nichtnäherbezeichnet";"H259"
3351;"Infantile,juvenileundpräsenileKatarakt";"H260"
3352;"Cataractatraumatica";"H261"
3353;"Cataractacomplicata,Glaukomflecken(subkapsulär),KataraktbeichronischerIridozyklitis,KataraktinfolgeandererAugenkrankheiten";"H262"
3354;"ArzneimittelinduzierteKatarakt";"H263"
3355;"Cataractasecundaria,Nachstar,RingstarnachSoemmering";"H264"
3356;"SonstigenäherbezeichneteKataraktformen";"H268"
3357;"Katarakt,nichtnäherbezeichnet";"H269"
3359;"Aphakie";"H270"
3360;"LuxationderLinse";"H271"
3361;"SonstigenäherbezeichneteAffektionenderLinse";"H278"
3362;"AffektionderLinse,nichtnäherbezeichnet";"H279"
3364;"DiabetischeKatarakt(E10-E14+,vierteStelle.3)";"H280"
3365;"Kataraktbeisonstigenendokrinen,Ernährungs-undStoffwechselkrankheiten,KataraktbeiHypoparathyreoidismus(E20.-+),KataraktdurchMangelernährungundDehydration(E40-E46+)";"H281"
3366;"KataraktbeisonstigenanderenortsklassifiziertenKrankheiten,Cataractamyotonica(G71.1+)";"H282"
3367;"SonstigeAffektionenderLinsebeianderenortsklassifiziertenKrankheiten";"H288"
3369;"FokaleChorioretinitis,Herdförmige:Chorioiditis,Chorioretinitis,Retinitis,Retinochorioiditis";"H300"
3370;"DisseminierteChorioretinitis,Disseminierte:Chorioiditis,Chorioretinitis,Retinitis,Retinochorioiditis";"H301"
3371;"Cyclitisposterior,EntzündungderParsplanacorporisciliaris";"H302"
3372;"SonstigeChorioretinitiden,Vogt-Koyanagi-Harada-Syndrom";"H308"
3373;"Chorioretinitis,nichtnäherbezeichnet,Chorioiditis,Chorioretinitis,Retinitis,Retinochorioiditis,o.n.A.";"H309"
3375;"ChorioretinaleNarben,NarbenderMaculalutea,hintererPol(nachEntzündung)(posttraumatisch),Retinopathiasolaris";"H310"
3376;"DegenerativeVeränderungderAderhaut,Atrophie,SkleroseAderhaut";"H311"
3377;"HereditäreDystrophiederAderhaut,AtrophiagyrataderAderhaut,Chorioideremie,DystrophiederAderhaut(zentralareolär)(generalisiert)(peripapillär)";"H312"
3378;"BlutungundRupturderAderhaut,Aderhautblutung:expulsiv,o.n.A.";"H313"
3379;"Ablatiochorioideae";"H314"
3380;"SonstigenäherbezeichneteAffektionenderAderhaut";"H318"
3381;"AffektionderAderhaut,nichtnäherbezeichnet";"H319"
3383;"ChorioretinitisbeianderenortsklassifizierteninfektiösenundparasitärenKrankheiten,Chorioretinitisbei:Spätsyphilis(A52.7+),Toxoplasmose(B58.0+),Tuberkulose(A18.5+)";"H320"
3384;"SonstigechorioretinaleAffektionenbeianderenortsklassifiziertenKrankheiten";"H328"
3386;"NetzhautablösungmitNetzhautriß,RhegmatogeneAblatioretinae";"H330"
3387;"RetinoschisisundZystenderNetzhaut,ParasitäreZystederNetzhauto.n.A.,PseudozystederNetzhaut,ZystederOraserrata";"H331"
3388;"SeröseNetzhautablösung,Netzhautablösung:ohneNetzhautriß,o.n.A.";"H332"
3389;"NetzhautrißohneNetzhautablösung,Hufeisenriß,Netzhautfragment,RundlochNetzhaut,ohneAblösung,Netzhautrißo.n.A.";"H333"
3390;"TraktionsablösungderNetzhaut,ProliferativeVitreoretinopathiemitNetzhautablösung";"H334"
3391;"SonstigeNetzhautablösungen";"H335"
3393;"TransitorischerarteriellerretinalerGefäßverschluß";"H340"
3394;"VerschlußderA.centralisretinae";"H341"
3395;"SonstigerVerschlußretinalerArterien,ArteriellerretinalerGefäßverschluß:Arterienast,partiell,Hollenhorst-Plaques,RetinaleMikroembolie";"H342"
3396;"SonstigerNetzhautgefäßverschluß,VenöserretinalerGefäßverschluß:Anfangsstadium,partiell,Venenast,zentral";"H348"
3397;"Netzhautgefäßverschluß,nichtnäherbezeichnet";"H349"
3399;"RetinopathiendesAugenhintergrundesundVeränderungenderNetzhautgefäße";"H350"
3400;"Retinopathiapraematurorum,RetrolentaleFibroplasie";"H351"
3401;"SonstigeproliferativeRetinopathie,ProliferativeVitreoretinopathie";"H352"
3402;"DegenerationderMakulaunddeshinterenPoles";"H353"
3403;"PeriphereNetzhautdegeneration,DegenerationderNetzhaut:gittrig,mikrozystoid,palisadenartig,pflastersteinförmig,retikulär,o.n.A.";"H354"
3404;"HereditäreNetzhautdystrophie,Dystrophiaretinae(albipunctata)(pigmentiert)(vitelliform),Dystrophie:tapetoretinal,vitreoretinal,Retinitispigmentosa,Stargardt-Krankheit";"H355"
3405;"Netzhautblutung";"H356"
3406;"AbhebungvonNetzhautschichten,AbhebungdesretinalenPigmentepithels,Chorioretinopathiacentralisserosa";"H357"
3407;"SonstigenäherbezeichneteAffektionenderNetzhaut";"H358"
3408;"AffektionderNetzhaut,nichtnäherbezeichnet";"H359"
3410;"Retinopathiadiabetica(E10-E14+,vierteStelle.3)";"H360"
3411;"SonstigeAffektionenderNetzhautbeianderenortsklassifiziertenKrankheiten";"H368"
3413;"Glaukomverdacht,OkuläreHypertension";"H400"
3414;"PrimäresWeitwinkelglaukom,Glaucomachronicumsimplex,Glaukom(primär)(Restzustand):kapsulär,mitPseudoexfoliationderLinse,mäßigerhöhterAugeninnendruck,Pigment-";"H401"
3415;"PrimäresEngwinkelglaukom,Engwinkelglaukom(primär)(Restzustand):akut,chronisch,intermittierend,protrahiert,PrimäresWinkelblockglaukom";"H402"
3416;"Glaukom(sekundär)nachVerletzungdesAuges";"H403"
3417;"Glaukom(sekundär)nachEntzündungdesAuges";"H404"
3418;"Glaukom(sekundär)nachsonstigenAffektionendesAuges";"H405"
3419;"Glaukom(sekundär)nachArzneimittelverabreichung";"H406"
3420;"SonstigesGlaukom";"H408"
3421;"Glaukom,nichtnäherbezeichnet";"H409"
3423;"Glaukombeiendokrinen,Ernährungs-undStoffwechselkrankheiten,Glaukombei:Amyloidose(E85.-+),Lowe-Syndrom(E72.0+)";"H420"
3424;"GlaukombeisonstigenanderenortsklassifiziertenKrankheiten,GlaukombeiOnchozerkose(B73+)";"H428"
3426;"Glaskörperprolaps";"H430"
3427;"Glaskörperblutung";"H431"
3428;"KristallineAblagerungenimGlaskörper";"H432"
3429;"SonstigeGlaskörpertrübungen,GlaskörpermembranenundGlaskörperstränge";"H433"
3430;"SonstigeAffektionendesGlaskörpers,Glaskörper-:Abhebung,Degeneration";"H438"
3431;"AffektiondesGlaskörpers,nichtnäherbezeichnet";"H439"
3433;"PurulenteEndophthalmitis,Glaskörperabszeß,Panophthalmie";"H440"
3434;"SonstigeEndophthalmitis,ParasitäreEndophthalmitiso.n.A.,SympathischeUveitis";"H441"
3435;"DegenerativeMyopie,MaligneMyopie";"H442"
3436;"SonstigedegenerativeAffektionendesAugapfels,Chalkosis,SiderosedesAuges";"H443"
3437;"Hypotoniabulbi";"H444"
3438;"DegenerationszuständedesAugapfels,AbsolutesGlaukom,AtrophiedesAugapfels,Phthisisbulbi";"H445"
3439;"Verbliebener(alter)magnetischerintraokularerFremdkörper,Verbliebener(alter)magnetischerFremdkörper(in):Bulbushinterwand,Glaskörper,Iris,Linse,Vorderkammer,Ziliarkörper";"H446"
3440;"Verbliebener(alter)amagnetischerintraokularerFremdkörper,Verbliebener(alter)amagnetischerFremdkörper(in):Bulbushinterwand,Glaskörper,Iris,Linse,Vorderkammer,Ziliarkörper";"H447"
3441;"SonstigeAffektionendesAugapfels,Hämophthalmus,Luxatiobulbi";"H448"
3442;"AffektiondesAugapfels,nichtnäherbezeichnet";"H449"
3444;"GlaskörperblutungbeianderenortsklassifiziertenKrankheiten";"H450"
3445;"EndophthalmitisbeianderenortsklassifiziertenKrankheiten,Endophthalmitisbei:Onchozerkose(B73+),Toxokariasis(B83.0+),Zystizerkose(B69.1+)";"H451"
3446;"SonstigeAffektionendesGlaskörpersunddesAugapfelsbeianderenortsklassifiziertenKrankheiten";"H458"
3447;"Neuritisoptica,Neuropapillitisoptica,NeuropathiedesN.opticus,ausgenommenischämisch,RetrobulbäreNeuritiso.n.A.";"H46"
3449;"AffektionendesN.opticus,anderenortsnichtklassifiziert,BlutungindieSehnervenscheide,IschämischeNeuropathiedesN.opticus,KompressiondesN.opticus";"H470"
3450;"Stauungspapille,nichtnäherbezeichnet";"H471"
3451;"Optikusatrophie,TemporaleAbblassungderPapille";"H472"
3452;"SonstigeAffektionenderPapille,DrusenderPapille,Pseudostauungspapille";"H473"
3453;"AffektionendesChiasmaopticum";"H474"
3454;"AffektionensonstigerTeilederSehbahn,KrankheitendesTractusopticus,desCorpusgeniculatumundderSehstrahlung";"H475"
3455;"AffektionenderSehrinde";"H476"
3456;"AffektionderSehbahn,nichtnäherbezeichnet";"H477"
3458;"OptikusatrophiebeianderenortsklassifiziertenKrankheiten,OptikusatrophiebeiSpätsyphilis(A52.1+)";"H480"
3459;"RetrobulbäreNeuritisbeianderenortsklassifiziertenKrankheiten,RetrobulbäreNeuritisbei:Meningokokkeninfektion(A39.8+),multiplerSklerose(G35+),Spätsyphilis(A52.1+)";"H481"
3460;"SonstigeAffektionendesN.opticusundderSehbahnbeianderenortsklassifiziertenKrankheiten,";"H488"
3462;"LähmungdesN.oculomotorius[III.Hirnnerv]";"H490"
3463;"LähmungdesN.trochlearis[IV.Hirnnerv]";"H491"
3464;"LähmungdesN.abducens[VI.Hirnnerv]";"H492"
3465;"Ophthalmoplegiatotalisexterna";"H493"
3466;"Ophthalmoplegiaprogressivaexterna";"H494"
3467;"SonstigerStrabismusparalyticus,Kearns-Sayre-Syndrom,Ophthalmoplegiaexternao.n.A.";"H498"
3468;"Strabismusparalyticus,nichtnäherbezeichnet";"H499"
3470;"Strabismusconcomitansconvergens,Esotropie(alternierend)(unilateral),ausgenommenintermittierend";"H500"
3471;"Strabismusconcomitansdivergens,Exotropie(alternierend)(unilateral),ausgenommenintermittierend";"H501"
3472;"Strabismusverticalis,Hypertropie,Hypotropie";"H502"
3473;"IntermittierenderStrabismusconcomitans,Intermittierend:Strabismusconvergens,Strabismusdivergens,alternierend)(unilateral)";"H503"
3474;"SonstigerundnichtnäherbezeichneterStrabismusconcomitans,Mikrostrabismus,Strabismusconcomitanso.n.A.,Zyklotropie";"H504"
3475;"Heterophorie,Esophorie,Exophorie,LatentesSchielen";"H505"
3476;"MechanischbedingterStrabismus,Brown-Syndrom,StrabismusdurchAdhäsionen,StrabismusdurchtraumatischeUrsache";"H506"
3477;"SonstigernäherbezeichneterStrabismus,Stilling-Türk-Duane-Syndrom";"H508"
3478;"Strabismus,nichtnäherbezeichnet";"H509"
3480;"KonjugierteBlicklähmung";"H510"
3481;"KonvergenzschwächeundKonvergenzexzeß";"H511"
3482;"InternukleäreOphthalmoplegie";"H512"
3483;"SonstigenäherbezeichneteStörungenderBlickbewegungen";"H518"
3484;"StörungderBlickbewegungen,nichtnäherbezeichnet";"H519"
3486;"Hypermetropie";"H520"
3487;"Myopie";"H521"
3488;"Astigmatismus";"H522"
3489;"AnisometropieundAniseikonie";"H523"
3490;"Presbyopie";"H524"
3491;"Akkommodationsstörungen,Akkommodationsparese,Akkommodationsspasmus,Ophthalmoplegiainterna(totalis)";"H525"
3492;"SonstigeRefraktionsfehler";"H526"
3493;"Refraktionsfehler,nichtnäherbezeichnet";"H527"
3495;"Amblyopiaexanopsia,Amblyopie(durch):Anisometropie,Deprivation,Strabismus";"H530"
3496;"SubjektiveSehstörungen,Asthenopie,FarbringeumLichtquellen,Flimmerskotom,Metamorphopsie,Photophobie,PlötzlicherSehverlust,Tagblindheit";"H531"
3497;"Diplopie,Doppeltsehen";"H532"
3498;"SonstigeStörungendesbinokularenSehens,AnomaleNetzhautkorrespondenz,FusionmitherabgesetztemStereosehen,SimultansehenohneFusion,SuppressiondesbinokularenSehens";"H533"
3499;"Gesichtsfelddefekte,Hemianopsie(heteronym)(homonym),KonzentrischeEinengungdesGesichtsfeldes,Quadrantenanopsie,Skotom:Bjerrum-,bogenförmig,ringförmig,zentral,VergrößerterblinderFleck";"H534"
3500;"Farbsinnstörungen,Achromatopsie,Deuteranomalie,Deuteranopie,ErworbeneFarbsinnstörung,Farbenblindheit,Protanomalie,Protanopie,Tritanomalie,Tritanopie";"H535"
3501;"Nachtblindheit";"H536"
3502;"SonstigeSehstörungen";"H538"
3503;"Sehstörung,nichtnäherbezeichnet";"H539"
3505;"BlindheitbeiderAugen,Stufen3,4und5derSehbeeinträchtigungbeiderAugen.";"H540"
3506;"BlindheiteinesAuges,SehschwächedesanderenAuges,Sturfen3,4und5derSehbeeinträchtigungeinesAuges,Stufen1oder2derSehbeeinträchtigungdesanderenAuges.";"H541"
3507;"SehschwächebeiderAugen,Stufen1oder2derSehbeeinträchtigungbeiderAugen.";"H542"
3508;"NichtnäherbestimmterVisusverlustbeiderAugen,Stufe9derSehbeeinträchtigungbeiderAugen.";"H543"
3509;"BlindheiteinesAuges,Stufen3,4und5derSehbeeinträchtigungeinesAuges[normalerVisusdesanderenAuges].";"H544"
3510;"SehschwächeeinesAuges,Stufen1oder2derSehbeeinträchtigungeinesAuges[normalerVisusdesanderenAuges].";"H545"
3511;"NichtnäherbestimmterVisusverlusteinesAuges,Stufe9derSehbeeinträchtigungeinesAuges[normalerVisusdesanderenAuges].";"H546"
14470;"NichtnäherbezeichneteSehbeeinträchtigung(binokular)";"H549"
3513;"NystagmusundsonstigeabnormeAugenbewegungen,Nystagmus:angeboren,dissoziiert,durchDeprivation,latent,o.n.A.";"H55"
3515;"Pupillenfunktionsstörungen";"H570"
3516;"Augenschmerzen";"H571"
3517;"SonstigenäherbezeichneteAffektionendesAugesundderAugenanhangsgebilde";"H578"
3518;"AffektiondesAugesundderAugenanhangsgebilde,nichtnäherbezeichnet";"H579"
3521;"SehstörungenbeianderenortsklassifiziertenKrankheiten";"H581"
3522;"SonstigenäherbezeichneteAffektionenderAugenundderAugenanhangsgebildebeianderenortsklassifiziertenKrankheiten";"H588"
3524;"GlaskörperkomplikationnachKataraktextraktion";"H590"
3525;"SonstigeAffektionendesAugesundderAugenanhangsgebildenachmedizinischenMaßnahmen,ChorioretinaleNarbennachchirurgischemEingriffwegenAblösung";"H598"
3526;"AffektiondesAugesundderAugenanhangsgebildenachmedizinischenMaßnahmen,nichtnäherbezeichnet";"H599"
3528;"AbszeßdesäußerenOhres,Abszeß,Furunkel,Karbunkel,OhrmuscheloderäußererGehörgang";"H600"
3529;"PhlegmonedesäußerenOhres,Phlegmone:äußererGehörgang,Ohrmuschel";"H601"
3530;"Otitisexternamaligna";"H602"
3531;"SonstigeinfektiöseOtitisexterna,Badeotitis,Otitisexterna:diffusa,haemorrhagica";"H603"
3532;"CholesteatomimäußerenOhr,KeratitisobturansdesäußerenOhres(Gehörgang)";"H604"
3533;"AkuteOtitisexterna,nichtinfektiös,AkuteOtitisexterna:durchchemischeSubstanzen,durchStrahlung,ekzematös,reaktiv,o.n.A.,Kontaktotitis";"H605"
3534;"SonstigeOtitisexterna,ChronischeOtitisexternao.n.A.";"H608"
3535;"Otitisexterna,nichtnäherbezeichnet";"H609"
3537;"PerichondritisdesäußerenOhres,Chondrodermatitisnodularischronicahelicis,Perichondritis:auricularis,Ohrmuschel";"H610"
3538;"NichtinfektiöseKrankheitenderOhrmuschel,ErworbeneDeformität:Aurikula,Ohrmuschel";"H611"
3539;"Zeruminalpfropf,ImpaktiertesZerumen";"H612"
3540;"ErworbeneStenosedesäußerenGehörganges,VerengungdesäußerenGehörganges";"H613"
3541;"SonstigenäherbezeichneteKrankheitendesäußerenOhres,ExostoseimäußerenGehörgang";"H618"
3542;"KrankheitdesäußerenOhres,nichtnäherbezeichnet";"H619"
3544;"OtitisexternabeianderenortsklassifiziertenbakteriellenKrankheiten,OtitisexternabeiErysipel(A46+)";"H620"
3545;"OtitisexternabeianderenortsklassifiziertenViruskrankheiten,Otitisexternabei:InfektiondurchHerpesviren[Herpessimplex](B00.1+),Zoster(B02.8+)";"H621"
3546;"OtitisexternabeianderenortsklassifiziertenMykosen,Otitisexternabei:Aspergillose(B44.8+),Kandidose(B37.2+),Otomykoseo.n.A.(B36.9+)";"H622"
3547;"OtitisexternabeisonstigenanderenortsklassifizierteninfektiösenundparasitärenKrankheiten";"H623"
3549;"SonstigeKrankheitendesäußerenOhresbeianderenortsklassifiziertenKrankheiten";"H628"
3551;"AkuteseröseOtitismedia,AkuteundsubakutesezernierendeOtitismedia";"H650"
3552;"SonstigeakutenichteitrigeOtitismedia,Otitismedia,akutundsubakut:allergisch(mukös)(blutig)(serös),blutig,mukös,nichteitrigo.n.A.,seromukös";"H651"
3553;"ChronischeseröseOtitismedia,ChronischerTubenmittelohrkatarrh";"H652"
3554;"ChronischemuköseOtitismedia,Leimohr[Glueear],Otitismedia,chronisch:schleimig,sezernierend,transsudativ";"H653"
3555;"SonstigechronischenichteitrigeOtitismedia,Otitismedia,chronisch:allergisch,exsudativ,mitErguß(nichteitrig),nichteitrigo.n.A.,seromukös";"H654"
3556;"NichteitrigeOtitismedia,nichtnäherbezeichnet,Otitismedia:allergisch,exsudativ,katarrhalisch,mitErguß(nichteitrig),mukös,serös,seromukös,sezernierend,transsudativ";"H659"
3558;"AkuteeitrigeOtitismedia";"H660"
3559;"ChronischemesotympanaleeitrigeOtitismedia,BenignechronischeeitrigeOtitismedia,ChronischeTubenmittelohrkrankheit";"H661"
3560;"ChronischeepitympanaleOtitismedia,ChronischeKrankheitdesEpitympanums";"H662"
3561;"SonstigechronischeeitrigeOtitismedia,ChronischeeitrigeOtitismediao.n.A.";"H663"
3562;"EitrigeOtitismedia,nichtnäherbezeichnet,PurulenteOtitismediao.n.A.";"H664"
3563;"Otitismedia,nichtnäherbezeichnet,Otitismedia:akuto.n.A.,chronischo.n.A.,o.n.A.";"H669"
3565;"OtitismediabeianderenortsklassifiziertenbakteriellenKrankheiten,Otitismediabei:Scharlach(A38+),Tuberkulose(A18.6+)";"H670"
3566;"OtitismediabeianderenortsklassifiziertenViruskrankheiten,Otitismediabei:Grippe(J10-J11+),Masern(B05.3+)";"H671"
3567;"OtitismediabeisonstigenanderenortsklassifiziertenKrankheiten";"H678"
3569;"EntzündungderTubaauditiva";"H680"
3570;"VerschlußderTubaauditiva,Kompression,Stenose,Striktur,Tubaauditiva";"H681"
3572;"ErweiterteTubaauditiva,KlaffendeTube";"H690"
3573;"SonstigenäherbezeichneteKrankheitenderTubaauditiva";"H698"
3574;"KrankheitderTubaauditiva,nichtnäherbezeichnet";"H699"
3576;"AkuteMastoiditis,Abszeß,Empyem,Warzenfortsatz";"H700"
3577;"ChronischeMastoiditis,Fistel,Karies,Warzenfortsatz";"H701"
3578;"Petrositis,EntzündungdesFelsenbeines(akut)(chronisch)";"H702"
3579;"SonstigeMastoiditisundverwandteZustände";"H708"
3580;"Mastoiditis,nichtnäherbezeichnet";"H709"
3581;"CholesteatomdesMittelohres,CholesteatomimCavumtympani";"H71"
3583;"ZentralePerforationdesTrommelfells";"H720"
3584;"TrommelfellperforationamRecessusepitympanicus,PerforationderParsflaccida";"H721"
3585;"SonstigerandständigeTrommelfellperforationen";"H722"
3586;"SonstigeTrommelfellperforationen,Perforation:mehrfach,totalTrommelfell";"H728"
3587;"Trommelfellperforation,nichtnäherbezeichnet";"H729"
3589;"AkuteMyringitis,AkuteTympanitis,BullöseMyringitis";"H730"
3590;"ChronischeMyringitis,ChronischeTympanitis";"H731"
3591;"SonstigenäherbezeichneteKrankheitendesTrommelfells";"H738"
3592;"KrankheitdesTrommelfells,nichtnäherbezeichnet";"H739"
3594;"Tympanosklerose";"H740"
3595;"Otitismediaadhaesiva,AdhäsivprozeßnachOtitismedia";"H741"
3596;"KontinuitätsunterbrechungoderDislokationderGehörknöchelchenkette";"H742"
3597;"SonstigeerworbeneAnomalienderGehörknöchelchen,Ankylose,PartiellerVerlustGehörknöchelchen";"H743"
3598;"PolypimMittelohr";"H744"
3599;"SonstigenäherbezeichneteKrankheitendesMittelohresunddesWarzenfortsatzes";"H748"
3600;"KrankheitdesMittelohresunddesWarzenfortsatzes,nichtnäherbezeichnet";"H749"
3603;"SonstigenäherbezeichneteKrankheitendesMittelohresunddesWarzenfortsatzesbeianderenortsklassifiziertenKrankheiten";"H758"
3605;"OtosklerosemitBeteiligungderFenestravestibuli,nichtobliterierend";"H800"
3606;"OtosklerosemitBeteiligungderFenestravestibuli,obliterierend";"H801"
3607;"Otosclerosiscochleae,Innenohrotosklerose,OtosklerosemitBeteiligung:derFenestracochleae,desknöchernenLabyrinths";"H802"
3608;"SonstigeOtosklerose";"H808"
3609;"Otosklerose,nichtnäherbezeichnet";"H809"
3611;"Ménière-Krankheit,Labyrinthhydrops,Ménière-Syndromoder-Schwindel";"H810"
3612;"BenignerparoxysmalerSchwindel";"H811"
3613;"Neuropathiavestibularis";"H812"
3614;"SonstigerperiphererSchwindel,Lermoyez-Syndrom,Schwindel:Ohr-,otogen,periphero.n.A.";"H813"
3615;"SchwindelzentralenUrsprungs,ZentralerLagenystagmus";"H814"
3616;"SonstigeStörungenderVestibularfunktion";"H818"
3617;"StörungderVestibularfunktion,nichtnäherbezeichnet,Schwindelsyndromo.n.A.";"H819"
3618;"SchwindelsyndromebeianderenortsklassifiziertenKrankheiten";"H82"
3620;"Labyrinthitis";"H830"
3621;"Labyrinthfistel";"H831"
3622;"FunktionsstörungdesLabyrinths,Funktionsverlust,Übererregbarkeit,UnterfunktionLabyrinth";"H832"
3623;"LärmschädigungendesInnenohres,AkustischesTrauma,Lärmschwerhörigkeit";"H833"
3624;"SonstigenäherbezeichneteKrankheitendesInnenohres";"H838"
3625;"KrankheitdesInnenohres,nichtnäherbezeichnet";"H839"
3627;"BeidseitigerHörverlustdurchSchalleitungsstörung";"H900"
3628;"EinseitigerHörverlustdurchSchalleitungsstörungbeinichteingeschränktemHörvermögenderanderenSeite";"H901"
3629;"HörverlustdurchSchalleitungstörung,nichtnäherbezeichnet,Schalleitungsschwerhörigkeito.n.A.";"H902"
3630;"BeidseitigerHörverlustdurchSchallempfindungsstörung,BeidseitigeSchallempfindungsschwerhörigkeit";"H903"
3631;"EinseitigerHörverlustdurchSchallempfindungsstörungbeinichteingeschränktemHörvermögenderanderenSeite,EinseitigeSchallempfindungsschwerhörigkeit";"H904"
3632;"HörverlustdurchSchallempfindungsstörung,nichtnäherbezeichnet,AngeboreneSchwerhörigkeitoderTaubheito.n.A.";"H905"
3633;"KombinierterbeidseitigerHörverlustdurchSchalleitungs-undSchallempfindungsstörung";"H906"
3634;"KombiniertereinseitigerHörverlustdurchSchalleitungs-undSchallempfindungsstörungbeinichteingeschränktemHörvermögenderanderenSeite";"H907"
3635;"KombinierterHörverlustdurchSchalleitungs-undSchallempfindungsstörung,nichtnäherbezeichnet";"H908"
3637;"OtotoxischerHörverlust";"H910"
3638;"Presbyakusis,Altersschwerhörigkeit";"H911"
3639;"IdiopathischerHörsturz,AkuterHörverlusto.n.A.";"H912"
3640;"Taubstummheit,anderenortsnichtklassifiziert";"H913"
3641;"SonstigernäherbezeichneterHörverlust";"H918"
3642;"Hörverlust,nichtnäherbezeichnet,SchwerhörigkeitoderTaubheit:hoheFrequenzenbetroffen,niedrigeFrequenzenbetroffen,o.n.A.";"H919"
3644;"Otalgie";"H920"
3645;"Otorrhoe";"H921"
3646;"BlutungausdemäußerenGehörgang";"H922"
3648;"DegenerativeundvaskuläreKrankheitendesOhres,TransitorischeischämischeSchwerhörigkeitoderTaubheit";"H930"
3649;"Tinnitusaurium";"H931"
3650;"SonstigeabnormeHörempfindungen,Diplakusis,Hyperakusis,Recruitment[Lautheitsausgleich],ZeitweiligeHörschwellenverschiebung";"H932"
3651;"KrankheitendesN.vestibulocochlearis[VIII.Hirnnerv]";"H933"
3652;"SonstigenäherbezeichneteKrankheitendesOhres";"H938"
3653;"KrankheitdesOhres,nichtnäherbezeichnet";"H939"
3655;"EntzündungdesN.vestibulocochlearis[VIII.Hirnnerv]beianderenortsklassifizierteninfektiösenundparasitärenKrankheiten,EntzündungdesN.vestibulocochlearisbeiSyphilis(A52.1+)";"H940"
3656;"SonstigenäherbezeichneteKrankheitendesOhresbeianderenortsklassifiziertenKrankheiten";"H948"
3658;"RezidivierendesCholesteatominderMastoidhöhlenachMastoidektomie";"H950"
3659;"SonstigeKrankheitennachMastoidektomie,ChronischeEntzündung,Granulationen,Schleimhautzyste,Mastoidhöhle";"H951"
3660;"SonstigeKrankheitendesOhresunddesWarzenfortsatzesnachmedizinischenMaßnahmen";"H958"
3661;"KrankheitdesOhresunddesWarzenfortsatzesnachmedizinischenMaßnahmen,nichtnäherbezeichnet";"H959"
3662;"RheumatischesFieberohneAngabeeinerHerzbeteiligung,AkuteodersubakuteArthritisbeirheumatischemFieber";"I00"
3664;"AkuterheumatischePerikarditis,JederZustandunterI00mitPerikarditis,RheumatischePerikarditis(akut)";"I010"
3665;"AkuterheumatischeEndokarditis,AkuterheumatischeValvulitis,JederZustandunterI00mitEndokarditisoderValvulitis";"I011"
3666;"AkuterheumatischeMyokarditis,JederZustandunterI00mitMyokarditis";"I012"
3667;"SonstigeakuterheumatischeHerzkrankheit,AkuterheumatischePankarditis";"I018"
3668;"AkuterheumatischeHerzkrankheit,nichtnäherbezeichnet,JederZustandunterI00mitnichtnäherbezeichneterArtderHerzbeteiligung,Rheumatische:Herzkrankheit,aktivoderakut,Karditis,akut";"I019"
3670;"RheumatischeChoreamitHerzbeteiligung,Choreao.n.A.mitHerzbeteiligung,RheumatischeChoreamitHerzbeteiligungjederArt,klassifizierbarunterI01.-";"I020"
3671;"RheumatischeChoreaohneHerzbeteiligung,RheumatischeChoreao.n.A.";"I029"
3673;"Mitralklappenstenose,Mitralklappenobstruktion(rheumatisch)";"I050"
3674;"RheumatischeMitralklappeninsuffizienz";"I051"
3675;"MitralklappenstenosemitInsuffizienz,MitralstenosemitInsuffizienzoderRegurgitation";"I052"
3676;"SonstigeMitralklappenkrankheiten,Mitralklappenfehler,Mitralvitium";"I058"
3677;"Mitralklappenkrankheit,nichtnäherbezeichnet,Mitralklappenkrankheit(chronisch)o.n.A.";"I059"
3679;"RheumatischeAortenklappenstenose,RheumatischeAortenklappenobstruktion";"I060"
3680;"RheumatischeAortenklappeninsuffizienz";"I061"
3681;"RheumatischeAortenklappenstenosemitInsuffizienz,RheumatischeAortenstenosemitInsuffizienzoderRegurgitation";"I062"
3682;"SonstigerheumatischeAortenklappenkrankheiten";"I068"
3683;"RheumatischeAortenklappenkrankheit,nichtnäherbezeichnet,RheumatischeAortenklappenkrankheito.n.A.";"I069"
3685;"Trikuspidalklappenstenose,Trikuspidalklappenstenose(rheumatisch)";"I070"
3686;"Trikuspidalklappeninsuffizienz,Trikuspidalklappeninsuffizienz(rheumatisch)";"I071"
3687;"TrikuspidalklappenstenosemitInsuffizienz";"I072"
3688;"SonstigeTrikuspidalklappenkrankheiten";"I078"
3689;"Trikuspidalklappenkrankheit,nichtnäherbezeichnet,Trikuspidalklappenkrankheito.n.A.";"I079"
3691;"KrankheitenderMitral-undAortenklappe,kombiniert,BeteiligungvonMitral-undAortenklappe,unabhängigdavon,obalsrheumatischbezeichnetodernicht";"I080"
3692;"KrankheitenderMitral-undTrikuspidalklappe,kombiniert";"I081"
3693;"KrankheitenderAorten-undTrikuspidalklappe,kombiniert";"I082"
3694;"KrankheitenderMitral-,Aorten-undTrikuspidalklappe,kombiniert";"I083"
3695;"SonstigeKrankheitenmehrererHerzklappen";"I088"
3696;"KrankheitmehrererHerzklappen,nichtnäherbezeichnet";"I089"
3698;"RheumatischeMyokarditis";"I090"
3699;"RheumatischeKrankheitendesEndokards,Herzklappenichtnäherbezeichnet,Rheumatische:Endokarditis(chronisch),Valvulitis(chronisch)";"I091"
3700;"ChronischerheumatischePerikarditis,Chronischerheumatische:Mediastinoperikarditis,Myoperikarditis,Perikardverwachsung,rheumatisch";"I092"
3701;"SonstigenäherbezeichneterheumatischeHerzkrankheiten,RheumatischeKrankheitderPulmonalklappe";"I098"
3702;"RheumatischeHerzkrankheit,nichtnäherbezeichnet,Herzversagen,rheumatisch,RheumatischeKarditis";"I099"
3703;"Essentielle(primäre)Hypertonie,Bluthochdruck,Hypertonie(arteriell)(benigne)(essentiell)(maligne)(primär)(systemisch)";"I10"
3705;"HypertensiveHerzkrankheitmit(kongestiver)Herzinsuffizienz,HypertensivesHerzversagen";"I110"
3706;"HypertensiveHerzkrankheitohne(kongestive)Herzinsuffizienz,HypertensiveHerzkrankheito.n.A.";"I119"
3708;"HypertensiveNierenkrankheitmitNiereninsuffizienz,HypertensivesNierenversagen";"I120"
3709;"HypertensiveNierenkrankheitohneNiereninsuffizienz,HypertensiveNierenkrankheito.n.A.";"I129"
3711;"HypertensiveHerz-undNierenkrankheitmit(kongestiver)Herzinsuffizienz";"I130"
3712;"HypertensiveHerz-undNierenkrankheitmitNiereninsuffizienz";"I131"
3713;"HypertensiveHerz-undNierenkrankheitmit(kongestiver)HerzinsuffizienzundNiereninsuffizienz";"I132"
3714;"HypertensiveHerz-undNierenkrankheit,nichtnäherbezeichnet";"I139"
3716;"RenovaskuläreHypertonie";"I150"
3717;"HypertoniealsFolgevonsonstigenNierenkrankheiten,RenoparenchymatöseHypertonie";"I151"
3718;"HypertoniealsFolgevonendokrinenKrankheiten";"I152"
3719;"SonstigesekundäreHypertonie";"I158"
3720;"SekundäreHypertonie,nichtnäherbezeichnet";"I159"
3722;"InstabileAnginapectoris";"I200"
3723;"AnginapectorismitnachgewiesenemKoronarspasmus,Anginapectoris:angiospastisch,spasmusinduziert,variantangina,Prinzmetal-Angina(-pectoris)";"I201"
3724;"SonstigeFormenderAnginapectoris,Belastungsangina,Stenokardie";"I208"
3725;"Anginapectoris,nichtnäherbezeichnet,Anginapectoriso.n.A.,Angina-pectoris-Syndrom,IschämischerThoraxschmerz";"I209"
3727;"AkutertransmuralerMyokardinfarktderVorderwand,TransmuralerInfarkt(akut):anterioro.n.A.,anteroapikal,anterolateral,anteroseptal,Vorderwando.n.A.";"I210"
3728;"AkutertransmuralerMyokardinfarktderHinterwand,TransmuralerInfarkt(akut):,diaphragmal,Hinterwand,inferior,o.n.A.,inferolateral,inferoposterior";"I211"
3729;"AkutertransmuralerMyokardinfarktansonstigenLokalisationen";"I212"
3730;"AkutertransmuralerMyokardinfarktannichtnäherbezeichneterLokalisation,TransmuralerMyokardinfarkto.n.A.";"I213"
3731;"AkutersubendokardialerMyokardinfarkt,NichttransmuralerMyokardinfarkto.n.A.";"I214"
3732;"AkuterMyokardinfarkt,nichtnäherbezeichnet,Myokardinfarkt(akut)o.n.A.";"I219"
3734;"RezidivierenderMyokardinfarktderVorderwand,Rezidivinfarkt(akut):anterioro.n.A.,anteroapikal,anterolateral,anteroseptal,Vorderwando.n.A.";"I220"
3735;"RezidivierenderMyokardinfarktderHinterwand,Rezidivinfarkt(akut):diaphragmal,Hinterwand,inferior,o.n.A.,inferolateral,inferoposterior";"I221"
3736;"RezidivierenderMyokardinfarktansonstigenLokalisationen";"I228"
3737;"RezidivierenderMyokardinfarktannichtnäherbezeichneterLokalisation";"I229"
3739;"HämoperikardalsakuteKomplikationnachakutemMyokardinfarkt";"I230"
3740;"VorhofseptumdefektalsakuteKomplikationnachakutemMyokardinfarkt";"I231"
3741;"VentrikelseptumdefektalsakuteKomplikationnachakutemMyokardinfarkt";"I232"
3742;"RupturderHerzwandohneHämoperikardalsakuteKomplikationnachakutemMyokardinfarkt";"I233"
3743;"RupturderChordaetendineaealsakuteKomplikationnachakutemMyokardinfarkt";"I234"
3744;"PapillarmuskelrupturalsakuteKomplikationnachakutemMyokardinfarkt";"I235"
3745;"ThrombosedesVorhofes,desHerzohresoderderKammeralsakuteKomplikationnachakutemMyokardinfarkt";"I236"
3746;"SonstigeakuteKomplikationennachakutemMyokardinfarkt";"I238"
3748;"KoronarthromboseohnenachfolgendenMyokardinfarkt,Koronar(-Arterien)(-Venen):Embolie,Thromboembolie,Verschluß,ohnenachfolgendenMyokardinfarkt";"I240"
3749;"Postmyokardinfarkt-Syndrom,Dressler-SyndromII";"I241"
3750;"SonstigeFormenderakutenischämischenHerzkrankheit,Koronarinsuffizienz";"I248"
3751;"AkuteischämischeHerzkrankheit,nichtnäherbezeichnet";"I249"
3753;"AtherosklerotischeHerz-Kreislauf-Krankheit,sobeschrieben";"I250"
3754;"AtherosklerotischeHerzkrankheit,Koronar(-Arterien):Atherom,Atherosklerose,Krankheit,Sklerose";"I251"
3755;"AlterMyokardinfarkt,AbgeheilterMyokardinfarkt,ZustandnachMyokardinfarkt,derdurchEKGoderanderespezielleUntersuchungendiagnostiziertwurde,abergegenwärtigsymptomlosist";"I252"
3756;"Herz(-Wand)-Aneurysma,Ventrikelaneurysma";"I253"
3757;"Koronararterienaneurysma,KoronarearteriovenöseFistel,erworben";"I254"
3758;"IschämischeKardiomyopathie";"I255"
3759;"StummeMyokardischämie";"I256"
3760;"SonstigeFormenderchronischenischämischenHerzkrankheit";"I258"
3761;"ChronischeischämischeHerzkrankheit,nichtnäherbezeichnet,IschämischeHerzkrankheit(chronisch)o.n.A.";"I259"
3763;"LungenemboliemitAngabeeinesakutenCorpulmonale,AkutesCorpulmonaleo.n.A.";"I260"
3764;"LungenembolieohneAngabeeinesakutenCorpulmonale,Lungenembolieo.n.A.";"I269"
3766;"PrimärepulmonaleHypertonie,Pulmonale(arterielle)Hypertonie(idiopathisch)(primär)";"I270"
3767;"KyphoskoliotischeHerzkrankheit";"I271"
14471;"SonstigenäherbezeichnetesekundärepulmonaleHypertonie";"I272"
3768;"SonstigenäherbezeichnetepulmonaleHerzkrankheiten";"I278"
3769;"PulmonaleHerzkrankheit,nichtnäherbezeichnet,ChronischekardiopulmonaleKrankheit,Corpulmonale(chronisch)o.n.A.";"I279"
3771;"ArteriovenöseFistelderLungengefäße";"I280"
3772;"AneurysmaderA.pulmonalis";"I281"
3773;"SonstigenäherbezeichneteKrankheitenderLungengefäße,Ruptur,Stenose,StrikturLungengefäße";"I288"
3774;"KrankheitderLungengefäße,nichtnäherbezeichnet";"I289"
3776;"AkuteunspezifischeidiopathischePerikarditis";"I300"
3777;"InfektiösePerikarditis,Perikarditis(durch):eitrig,Pneumokokken,Staphylokokken,Streptokokken,viral,Pyoperikarditis";"I301"
3778;"SonstigeFormenderakutenPerikarditis";"I308"
3779;"AkutePerikarditis,nichtnäherbezeichnet";"I309"
3781;"ChronischeadhäsivePerikarditis,Accretiocordis,AdhäsiveMediastinoperikarditis,Perikardverwachsung";"I310"
3782;"ChronischekonstriktivePerikarditis,Concretiopericardii,PerikardialeKalzifikation";"I311"
3783;"Hämoperikard,anderenortsnichtklassifiziert";"I312"
3784;"Perikarderguß(nichtentzündlich),Chyloperikard";"I313"
3785;"SonstigenäherbezeichneteKrankheitendesPerikards,EpikardialePlaques,FokaleperikardialeAdhäsionen";"I318"
3786;"KrankheitdesPerikards,nichtnäherbezeichnet,Herzbeuteltamponade,Perikarditis(chronisch)o.n.A.";"I319"
3788;"PerikarditisbeianderenortsklassifiziertenbakteriellenKrankheiten,Perikarditis:,durchGonokokken(A54.8+),durchMeningokokken(A39.5+),syphilitisch(A52.0+),tuberkulös(A18.8+)";"I320"
3789;"PerikarditisbeisonstigenanderenortsklassifizierteninfektiösenundparasitärenKrankheiten";"I321"
3790;"PerikarditisbeisonstigenanderenortsklassifiziertenKrankheiten,Perikarditis(bei):chronischerPolyarthritis(M05.3+),systemischemLupuserythematodes(M32.1+),urämisch(N18.8+)";"I328"
3792;"AkuteundsubakuteinfektiöseEndokarditis,Endocarditis(akut)(subakut):lenta,ulcerosa,Endokarditis(akut)(subakut):bakteriell,infektiöso.n.A.,maligne,septisch";"I330"
3793;"AkuteEndokarditis,nichtnäherbezeichnet,Endokarditis,Myoendokarditis,Periendokarditis,akutodersubakut";"I339"
3795;"Mitralklappeninsuffizienz,Mitralklappen:Insuffizienz,Regurgitation,o.n.A.odernäherbezeichneteUrsache,ausgenommenrheumatisch";"I340"
3796;"Mitralklappenprolaps,Floppy-Valve-Syndrom";"I341"
3797;"NichtrheumatischeMitralklappenstenose";"I342"
3798;"SonstigenichtrheumatischeMitralklappenkrankheiten";"I348"
3799;"NichtrheumatischeMitralklappenkrankheit,nichtnäherbezeichnet";"I349"
3801;"Aortenklappenstenose";"I350"
3802;"Aortenklappeninsuffizienz,Aortenklappen:Insuffizienz,Regurgitation,o.n.A.odernäherbezeichneteUrsache,ausgenommenrheumatisch";"I351"
3803;"AortenklappenstenosemitInsuffizienz";"I352"
3804;"SonstigeAortenklappenkrankheiten";"I358"
3805;"Aortenklappenkrankheit,nichtnäherbezeichnet";"I359"
3807;"NichtrheumatischeTrikuspidalklappenstenose";"I360"
3808;"NichtrheumatischeTrikuspidalklappeninsuffizienz,Trikuspidalklappen:Insuffizienz,Regurgitation,näherbezeichneteUrsache,ausgenommenrheumatisch";"I361"
3809;"NichtrheumatischeTrikuspidalklappenstenosemitInsuffizienz";"I362"
3810;"SonstigenichtrheumatischeTrikuspidalklappenkrankheiten";"I368"
3811;"NichtrheumatischeTrikuspidalklappenkrankheit,nichtnäherbezeichnet";"I369"
3813;"Pulmonalklappenstenose";"I370"
3814;"Pulmonalklappeninsuffizienz,Pulmonalklappen:Insuffizienz,Regurgitation,o.n.A.odernäherbezeichneteUrsache,ausgenommenrheumatisch";"I371"
3815;"PulmonalklappenstenosemitInsuffizienz";"I372"
3816;"SonstigePulmonalklappenkrankheiten";"I378"
3817;"Pulmonalklappenkrankheit,nichtnäherbezeichnet";"I379"
3818;"Endokarditis,Herzklappenichtnäherbezeichnet,Endokarditis(chronisch)o.n.A.";"I38"
3820;"MitralklappenkrankheitenbeianderenortsklassifiziertenKrankheiten";"I390"
3821;"AortenklappenkrankheitenbeianderenortsklassifiziertenKrankheiten";"I391"
3822;"TrikuspidalklappenkrankheitenbeianderenortsklassifiziertenKrankheiten";"I392"
3823;"PulmonalklappenkrankheitenbeianderenortsklassifiziertenKrankheiten";"I393"
3824;"KrankheitenmehrererHerzklappenbeianderenortsklassifiziertenKrankheiten";"I394"
3825;"EndokarditisbeianderenortsklassifiziertenKrankheiten,Herzklappenichtnäherbezeichnet";"I398"
3827;"InfektiöseMyokarditis,SeptischeMyokarditis";"I400"
3828;"IsolierteMyokarditis";"I401"
3829;"SonstigeakuteMyokarditis";"I408"
3830;"AkuteMyokarditis,nichtnäherbezeichnet";"I409"
3832;"MyokarditisbeianderenortsklassifiziertenbakteriellenKrankheiten";"I410"
3833;"MyokarditisbeianderenortsklassifiziertenViruskrankheiten";"I411"
3835;"MyokarditisbeisonstigenanderenortsklassifiziertenKrankheiten";"I418"
3837;"DilatativeKardiomyopathie";"I420"
3838;"HypertrophischeobstruktiveKardiomyopathie,HypertrophischeSubaortenstenose";"I421"
3839;"SonstigehypertrophischeKardiomyopathie,HypertrophischenichtobstruktiveKardiomyopathie";"I422"
3840;"EosinophileendomyokardialeKrankheit,Löffler-Endokarditis[Endocarditisparietalisfibroplastica],Endomyokardfibrose(tropisch)";"I423"
3841;"Endokardfibroelastose,AngeboreneKardiomyopathie";"I424"
3842;"SonstigerestriktiveKardiomyopathie";"I425"
3843;"AlkoholischeKardiomyopathie";"I426"
3844;"KardiomyopathiedurchArzneimittelodersonstigeexogeneSubstanzen";"I427"
3845;"SonstigeKardiomyopathien";"I428"
3846;"Kardiomyopathie,nichtnäherbezeichnet,Kardiomyopathie(primär)(sekundär)o.n.A.";"I429"
3848;"KardiomyopathiebeianderenortsklassifizierteninfektiösenundparasitärenKrankheiten,KardiomyopathiebeiDiphtherie(A36.8+)";"I430"
3849;"KardiomyopathiebeiStoffwechselkrankheiten,KardialeAmyloidose(E85.-+)";"I431"
3850;"KardiomyopathiebeialimentärenKrankheiten,AlimentäreKardiomyopathieo.n.A.(E63.9+)";"I432"
3851;"KardiomyopathiebeisonstigenanderenortsklassifiziertenKrankheiten,GichttophidesHerzens(M10.0+),ThyreotoxischeHerzkrankheit(E05.9+)";"I438"
3853;"AtrioventrikulärerBlock1.Grades";"I440"
3854;"AtrioventrikulärerBlock2.Grades,AtrioventrikulärerBlock2.Grades,TypIundII,Herzblock2.Grades,TypIundII,Mobitz-Block,TypIundII,Wenckebach-Periodik";"I441"
3855;"AtrioventrikulärerBlock3.Grades,Herzblock3.Grades,KompletteratrioventrikulärerBlock,KompletterHerzblocko.n.A.";"I442"
3856;"SonstigerundnichtnäherbezeichneteratrioventrikulärerBlock,AtrioventrikulärerBlocko.n.A.";"I443"
3857;"LinksanteriorerFaszikelblock,LinksanteriorerHemiblock";"I444"
3858;"LinksposteriorerFaszikelblock,LinksposteriorerHemiblock";"I445"
3859;"SonstigerundnichtnäherbezeichneterFaszikelblock,LinksseitigerHemiblocko.n.A.";"I446"
3860;"Linksschenkelblock,nichtnäherbezeichnet";"I447"
3862;"RechtsfaszikulärerBlock";"I450"
3863;"SonstigerundnichtnäherbezeichneterRechtsschenkelblock,Rechtsschenkelblocko.n.A.";"I451"
3864;"BifaszikulärerBlock";"I452"
3865;"TrifaszikulärerBlock";"I453"
3866;"UnspezifischerintraventrikulärerBlock,Schenkelblocko.n.A.";"I454"
3867;"SonstigernäherbezeichneterHerzblock,SinuatrialerBlock,SinuaurikulärerBlock";"I455"
3868;"Präexzitations-Syndrom,AnomaleatrioventrikuläreErregungsausbreitung";"I456"
3869;"SonstigenäherbezeichnetekardialeErregungsleitungsstörungen,Atrioventrikuläre[AV-]Dissoziation,Interferenzdissoziation";"I458"
3870;"KardialeErregungsleitungsstörung,nichtnäherbezeichnet,Adams-Stokes-Anfall[Morgagni-Adams-Stokes-Syndrom],Herzblocko.n.A.";"I459"
3872;"HerzstillstandmiterfolgreicherWiederbelebung";"I460"
3873;"PlötzlicherHerztod,sobeschrieben";"I461"
3874;"Herzstillstand,nichtnäherbezeichnet";"I469"
3876;"VentrikuläreArrhythmiedurchRe-entry";"I470"
3877;"SupraventrikuläreTachykardie,Paroxysmale:atrioventrikuläre[AV-],AV-junktionale,Knoten,VorhofTachykardie";"I471"
3878;"VentrikuläreTachykardie";"I472"
3879;"ParoxysmaleTachykardie,nichtnäherbezeichnet,Bouveret-(Hoffmann-)Syndrom";"I479"
14551;"Vorhofflimmern,paroxysmal";"I480"
14552;"Vorhofflimmern,persistierend";"I481"
14553;"Vorhofflimmern,chronisch";"I482"
14554;"Vorhofflattern,typisch";"I483"
14555;"Vorhofflattern,atypisch";"I484"
14556;"VorhofflimmernundVorhofflattern,nichtnäherbezeichnet";"I489"
3882;"KammerflatternundKammerflimmern";"I490"
3883;"Vorhofextrasystolie,Vorhofextrasystolen";"I491"
3884;"AV-junktionaleExtrasystolie";"I492"
3885;"VentrikuläreExtrasystolie";"I493"
3886;"SonstigeundnichtnäherbezeichneteExtrasystolie,EktopischeSystolen,Extrasystoleno.n.A.,Extrasystolen(supraventrikulär),ExtrasystolischeArrhythmien";"I494"
3887;"Sick-Sinus-Syndrom,Tachykardie-Bradykardie-Syndrom,Sinusknoten-Syndrom";"I495"
3888;"SonstigenäherbezeichnetekardialeArrhythmien,EktopischerRhythmus,Knotenrhythmus,Koronarsinusrhythmus";"I498"
3889;"KardialeArrhythmie,nichtnäherbezeichnet,Arrhythmie(kardial)o.n.A.";"I499"
3891;"KongestiveHerzinsuffizienz,Rechtsherzinsuffizienz(sekundärnachLinksherzinsuffizienz),Stauungsinsuffizienz";"I500"
3892;"Linksherzinsuffizienz,AkutesLungenödemmitAngabeeinernichtnäherbezeichnetenHerzkrankheitodereinerHerzinsuffizienz,Asthmacardiale,Linksherzversagen";"I501"
14718;")LinksherzinsuffizienzohneBeschwerden(NYHA-StadiumI)";"I501"
14719;")LinksherzinsuffizienzmitBeschwerdenbeistärkererBelastung(NYHA-StadiumII)";"I501"
14720;")LinksherzinsuffizienzmitBeschwerdenbeileichtererBelastung(NYHA-StadiumIII)";"I501"
14721;")LinksherzinsuffizienzmitBeschwerdeninRuhe(NYHA-StadiumIV)";"I501"
14722;")Linksherzinsuffizienznichtnäherbezeichnet";"I501"
3893;"Herzinsuffizienz,nichtnäherbezeichnet,Herz-oderMyokardinsuffizienzo.n.A.";"I509"
3895;"Herzseptumdefekt,erworben,ErworbenerHerzseptumdefekt(alt):Kammer,Herzohr,Vorhof";"I510"
3896;"RupturderChordaetendineae,anderenortsnichtklassifiziert";"I511"
3897;"Papillarmuskelruptur,anderenortsnichtklassifiziert";"I512"
3898;"IntrakardialeThrombose,anderenortsnichtklassifiziert,Thrombose(alt):Kammer,Herzohr,Herzspitze,Vorhof";"I513"
3899;"Myokarditis,nichtnäherbezeichnet,Myokardfibrose,Myokarditis:chronisch(interstitiell),o.n.A.";"I514"
3900;"Myokarddegeneration,DegenerationdesHerzensoderMyokards:fettig,senil,Myokardkrankheit";"I515"
3901;"Herz-Kreislauf-Krankheit,nichtnäherbezeichnet,Herzanfallo.n.A.";"I516"
3902;"Kardiomegalie,Kardiale:Dilatation,Hypertrophie,Ventrikelerweiterung";"I517"
3903;"SonstigeungenaubezeichneteHerzkrankheiten,Karditis(akut)(chronisch),Pankarditis(akut)(chronisch)";"I518"
3904;"Herzkrankheit,nichtnäherbezeichnet";"I519"
3906;"SonstigeHerzkrankheitenbeianderenortsklassifiziertenbakteriellenKrankheiten,Meningokokkenkarditis,anderenortsnichtklassifiziert(A39.5+)";"I520"
3908;"SonstigeHerzkrankheitenbeisonstigenanderenortsklassifiziertenKrankheiten,KarditisbeichronischerPolyarthritis(M05.3+)";"I528"
3910;"Subarachnoidalblutung,vomKarotissiphonoderderKarotisbifurkationausgehend";"I600"
3911;"Subarachnoidalblutung,vonderA.cerebrimediaausgehend";"I601"
3912;"Subarachnoidalblutung,vonderA.communicansanteriorausgehend";"I602"
3913;"Subarachnoidalblutung,vonderA.communicansposteriorausgehend";"I603"
3914;"Subarachnoidalblutung,vonderA.basilarisausgehend";"I604"
3915;"Subarachnoidalblutung,vonderA.vertebralisausgehend";"I605"
3916;"Subarachnoidalblutung,vonsonstigenintrakraniellenArterienausgehend,BeteiligungmehrererintrakraniellerArterien";"I606"
3917;"Subarachnoidalblutung,vonnichtnäherbezeichneterintrakraniellerArterieausgehend";"I607"
3918;"SonstigeSubarachnoidalblutung,Meningealblutung,RuptureinerzerebralenarteriovenösenFehlbildung";"I608"
3919;"Subarachnoidalblutung,nichtnäherbezeichnet,Rupturiertes(angeborenes)zerebralesAneurysmao.n.A.";"I609"
3921;"IntrazerebraleBlutungindieGroßhirnhemisphäre,subkortikal,TiefeintrazerebraleBlutung";"I610"
3922;"IntrazerebraleBlutungindieGroßhirnhemisphäre,kortikal,OberflächlicheintrazerebraleBlutung,ZerebraleLobusblutung";"I611"
3923;"IntrazerebraleBlutungindieGroßhirnhemisphäre,nichtnäherbezeichnet";"I612"
3924;"IntrazerebraleBlutungindenHirnstamm";"I613"
3925;"IntrazerebraleBlutungindasKleinhirn";"I614"
3926;"IntrazerebraleintraventrikuläreBlutung";"I615"
3927;"IntrazerebraleBlutunganmehrerenLokalisationen";"I616"
3928;"SonstigeintrazerebraleBlutung";"I618"
3929;"IntrazerebraleBlutung,nichtnäherbezeichnet";"I619"
3931;"SubduraleBlutung(akut)(nichttraumatisch)";"I620"
3932;"NichttraumatischeextraduraleBlutung,NichttraumatischeepiduraleBlutung";"I621"
3933;"IntrakranielleBlutung(nichttraumatisch),nichtnäherbezeichnet";"I629"
3935;"HirninfarktdurchThrombosederextrakraniellenhirnversorgendenArterien";"I630"
3936;"HirninfarktdurchEmboliederextrakraniellenhirnversorgendenArterien";"I631"
3937;"HirninfarktdurchnichtnäherbezeichnetenVerschlußoderStenosederextrakraniellenhirnversorgendenArterien";"I632"
3938;"HirninfarktdurchThromboseintrakraniellerArterien";"I633"
3939;"HirninfarktdurchEmbolieintrakraniellerArterien";"I634"
3940;"HirninfarktdurchnichtnäherbezeichnetenVerschlußoderStenoseintrakraniellerArterien";"I635"
3941;"HirninfarktdurchThrombosederHirnvenen,nichteitrig";"I636"
3942;"SonstigerHirninfarkt";"I638"
3943;"Hirninfarkt,nichtnäherbezeichnet";"I639"
3944;"Schlaganfall,nichtalsBlutungoderInfarktbezeichnet,ZerebrovaskulärerInsulto.n.A.";"I64"
3946;"VerschlußundStenosederA.vertebralis";"I650"
3947;"VerschlußundStenosederA.basilaris";"I651"
3948;"VerschlußundStenosederA.carotis";"I652"
3949;"VerschlußundStenosemehrererundbeidseitigerextrakraniellerhirnversorgenderArterien";"I653"
3950;"VerschlußundStenosesonstigerextrakraniellerhirnversorgenderArterie";"I658"
3951;"VerschlußundStenosenichtnäherbezeichneterextrakraniellerhirnversorgenderArterie,ExtrakraniellehirnversorgendeArterieo.n.A.";"I659"
3953;"VerschlußundStenosederA.cerebrimedia";"I660"
3954;"VerschlußundStenosederA.cerebrianterior";"I661"
3955;"VerschlußundStenosederA.cerebriposterior";"I662"
3956;"VerschlußundStenosederAa.cerebelli";"I663"
3957;"VerschlußundStenosemehrererundbeidseitigerintrakraniellerArterien";"I664"
3958;"VerschlußundStenosesonstigerintrakraniellerArterien,VerschlußundStenosederStammganglienarterien";"I668"
3959;"VerschlußundStenosenichtnäherbezeichneterintrakraniellerArterie";"I669"
3961;"DissektionintrakraniellerArterien,nichtrupturiert";"I670"
3962;"ZerebralesAneurysma,nichtrupturiert,Zerebrale(s):Aneurysmao.n.A.,arteriovenöseFistel,erworben";"I671"
3963;"Hirnatherosklerose,AtheromatosederHirnarterien";"I672"
3964;"ProgressivesubkortikalevaskuläreEnzephalopathie,Binswanger-Krankheit";"I673"
3965;"HypertensiveEnzephalopathie";"I674"
3966;"Moyamoya-Syndrom";"I675"
3967;"NichteitrigeThrombosedesintrakraniellenVenensystems,NichteitrigeThrombose:Hirnvenen,intrakraniellevenöseSinus";"I676"
3968;"ZerebraleArteriitis,anderenortsnichtklassifiziert";"I677"
3969;"SonstigenäherbezeichnetezerebrovaskuläreKrankheiten,AkutezerebrovaskuläreInsuffizienzo.n.A.,ZerebraleIschämie(chronisch)";"I678"
3970;"ZerebrovaskuläreKrankheit,nichtnäherbezeichnet";"I679"
3972;"ZerebraleAmyloidangiopathie(E85.-+)";"I680"
3974;"ZerebraleArteriitisbeisonstigenanderenortsklassifiziertenKrankheiten,ZerebraleArteriitisbeisystemischemLupuserythematodes(M32.1+)";"I682"
3975;"SonstigezerebrovaskuläreStörungenbeianderenortsklassifiziertenKrankheiten";"I688"
3977;"FolgeneinerSubarachnoidalblutung";"I690"
3978;"FolgeneinerintrazerebralenBlutung";"I691"
3979;"FolgeneinersonstigennichttraumatischenintrakraniellenBlutung";"I692"
3980;"FolgeneinesHirninfarktes";"I693"
3981;"FolgeneinesSchlaganfalls,nichtalsBlutungoderInfarktbezeichnet";"I694"
3982;"FolgensonstigerundnichtnäherbezeichneterzerebrovaskulärerKrankheiten";"I698"
3984;"AtherosklerosederAorta";"I700"
3985;"AtherosklerosederNierenarterie,Goldblatt-Niere";"I701"
3986;"AtherosklerosederExtremitätenarterien,AtherosklerotischeGangrän,Mönckeberg-(Media-)Sklerose";"I702"
3987;"AtherosklerosesonstigerArterien";"I708"
3988;"GeneralisierteundnichtnäherbezeichneteAtherosklerose";"I709"
3990;"DissektionderAorta[jederAbschnitt],AneurysmadissecansderAorta(rupturiert)[jederAbschnitt]";"I710"
3991;"AneurysmaderAortathoracica,rupturiert";"I711"
3992;"AneurysmaderAortathoracica,ohneAngabeeinerRuptur";"I712"
3993;"AneurysmaderAortaabdominalis,rupturiert";"I713"
3994;"AneurysmaderAortaabdominalis,ohneAngabeeinerRuptur";"I714"
3995;"Aortenaneurysma,thorakoabdominal,rupturiert";"I715"
3996;"Aortenaneurysma,thorakoabdominal,ohneAngabeeinerRuptur";"I716"
3997;"AortenaneurysmanichtnäherbezeichneterLokalisation,rupturiert,RupturderAortao.n.A.";"I718"
3998;"AortenaneurysmanichtnäherbezeichneterLokalisation,ohneAngabeeinerRuptur,Aneurysma,Dilatation,HyalineNekrose,Aorta";"I719"
4000;"AneurysmaderA.carotis";"I720"
4001;"AneurysmaeinerArteriederoberenExtremität";"I721"
4002;"AneurysmaderNierenarterie";"I722"
4003;"AneurysmaderA.iliaca";"I723"
4004;"AneurysmaeinerArteriederunterenExtremität";"I724"
14472;"AneurysmaundDissektionsonstigerpräzerebralerArterien";"I725"
14557;"AneurysmaundDissektionderA.vertebralis";"I726"
4005;"AneurysmasonstigernäherbezeichneterArterien";"I728"
4006;"AneurysmanichtnäherbezeichneterLokalisation";"I729"
4008;"Raynaud-Syndrom,Raynaud-:Gangrän,Krankheit,Phänomen(sekundär)";"I730"
4009;"Thrombangiitisobliterans[Endangiitisvon-Winiwarter-Buerger]";"I731"
4010;"SonstigenäherbezeichneteperiphereGefäßkrankheiten,Akroparästhesie:einfach[Schultze-Syndrom],vasomotorisch[Nothnagel-SyndromII],Akrozyanose,Erythromelalgie,Erythrozyanose";"I738"
4011;"PeriphereGefäßkrankheit,nichtnäherbezeichnet,ArterielleVerschlußkrankheit[AVK],Arterienspasmus,Claudicatiointermittens";"I739"
4013;"EmbolieundThrombosederAortaabdominalis,Aortenbifurkations-Syndrom[Leriche-Syndrom]";"I740"
4014;"EmbolieundThrombosesonstigerundnichtnäherbezeichneterAbschnittederAorta";"I741"
4015;"EmbolieundThrombosederArterienderoberenExtremitäten";"I742"
4016;"EmbolieundThrombosederArterienderunterenExtremitäten";"I743"
4017;"EmbolieundThrombosederExtremitätenarterien,nichtnäherbezeichnet,PeripherearterielleEmbolie";"I744"
4018;"EmbolieundThrombosederA.iliaca";"I745"
4019;"EmbolieundThrombosesonstigerArterien";"I748"
4020;"EmbolieundThrombosenichtnäherbezeichneterArterie";"I749"
4022;"ArteriovenöseFistel,erworben,ArteriovenösesAneurysma,erworben,Varixaneurysmatica";"I770"
4023;"Arterienstriktur";"I771"
4024;"Arterienruptur,Arrosion,Fistel,UlkusArterie";"I772"
4025;"FibromuskuläreDysplasiederArterien";"I773"
4026;"Arteria-coeliaca-Kompressions-Syndrom";"I774"
4027;"Arteriennekrose";"I775"
4028;"Arteriitis,nichtnäherbezeichnet,Aortitiso.n.A.,Endarteriitiso.n.A.";"I776"
4029;"SonstigenäherbezeichneteKrankheitenderArterienundArteriolen";"I778"
4030;"KrankheitderArterienundArteriolen,nichtnäherbezeichnet";"I779"
4032;"HereditärehämorrhagischeTeleangiektasie,MorbusOsler[Rendu-Osler-Weber]";"I780"
4033;"Nävus,nichtneoplastischNaevus:araneus,stellatus,Spinnennävus[Spider-Nävus]";"I781"
4034;"SonstigeKrankheitenderKapillaren";"I788"
4035;"KrankheitderKapillaren,nichtnäherbezeichnet";"I789"
4037;"AortenaneurysmabeianderenortsklassifiziertenKrankheiten,SyphilitischesAortenaneurysma(A52.0+)";"I790"
4038;"AortitisbeianderenortsklassifiziertenKrankheiten,SyphilitischeAortitis(A52.0+)";"I791"
4039;"PeriphereAngiopathiebeianderenortsklassifiziertenKrankheiten,PeripherediabetischeAngiopathie(E10-E14+,vierteStelle.5)";"I792"
4040;"SonstigeKrankheitenderArterien,ArteriolenundKapillarenbeianderenortsklassifiziertenKrankheiten";"I798"
4042;"PhlebitisundThrombophlebitisoberflächlicherGefäßederunterenExtremitäten";"I800"
4043;"PhlebitisundThrombophlebitisderV.femoralis";"I801"
4044;"PhlebitisundThrombophlebitissonstigertieferGefäßederunterenExtremitäten,TiefeVenenthromboseo.n.A.";"I802"
4045;"PhlebitisundThrombophlebitisderunterenExtremitäten,nichtnäherbezeichnet,EmbolieundThrombosevonGefäßenderunterenExtremitäto.n.A.";"I803"
4046;"PhlebitisundThrombophlebitissonstigerLokalisationen";"I808"
4047;"PhlebitisundThrombophlebitisnichtnäherbezeichneterLokalisation";"I809"
4048;"Pfortaderthrombose,Pfortaderverschluß";"I81"
4050;"Budd-Chiari-Syndrom";"I820"
4051;"Thrombophlebitismigrans";"I821"
4052;"EmbolieundThrombosederV.cava";"I822"
4053;"EmbolieundThrombosederNierenvene";"I823"
4054;"EmbolieundThrombosesonstigernäherbezeichneterVenen";"I828"
4055;"EmbolieundThrombosenichtnäherbezeichneterVene,(Venen-)Thromboseo.n.A.,Venenembolieo.n.A.";"I829"
4057;"VarizenderunterenExtremitätenmitUlzeration,JederZustandunterI83.9mitUlzerationoderalsulzeriertbezeichnet,Ulcusvaricosum(untereExtremität,jederAbschnitt)";"I830"
4058;"VarizenderunterenExtremitätenmitEntzündung,JederZustandunterI83.9mitEntzündungoderalsentzündetbezeichnet,Stauungsdermatitiso.n.A.";"I831"
4059;"VarizenderunterenExtremitätenmitUlzerationundEntzündung,JederZustandunterI83.9mitUlzerationundEntzündung";"I832"
4060;"VarizenderunterenExtremitätenohneUlzerationoderEntzündung,Phlebektasie,Statusvaricosus,VariköseVenen,untereExtremität[jederAbschnitt]odernichtnäherbezeichneteLokalisation";"I839"
4073;"ÖsophagusvarizenmitBlutung";"I850"
4074;"ÖsophagusvarizenohneBlutung,Ösophagusvarizeno.n.A.";"I859"
4076;"SublingualeVarizen";"I860"
4077;"Skrotumvarizen,Varikozele";"I861"
4078;"Beckenvarizen";"I862"
4079;"Vulvavarizen";"I863"
4080;"Magenvarizen";"I864"
4081;"VarizensonstigernäherbezeichneterLokalisationen,UlcusvaricosumdesNasenseptums";"I868"
4083;"PostthrombotischesSyndrom";"I870"
4084;"Venenkompression,Vena-cava-(superior-)(inferior-)Syndrom,Venenstriktur";"I871"
4085;"VenöseInsuffizienz(chronisch)(peripher)";"I872"
4086;"SonstigenäherbezeichneteVenenkrankheiten";"I878"
4087;"Venenkrankheit,nichtnäherbezeichnet";"I879"
4089;"UnspezifischemesenterialeLymphadenitis,MesenterialeLymphadenitis(akut)(chronisch)";"I880"
4090;"ChronischeLymphadenitis,ausgenommenmesenterial,Adenitis,Lymphadenitis,chronisch,jederLymphknoten,ausgenommenmesenterial";"I881"
4091;"SonstigeunspezifischeLymphadenitis";"I888"
4092;"UnspezifischeLymphadenitis,nichtnäherbezeichnet,Lymphadenitiso.n.A.";"I889"
4094;"Lymphödem,anderenortsnichtklassifiziert,Lymphangiektasie";"I890"
4095;"Lymphangitis,Lymphangitis:chronisch,subakut,o.n.A.";"I891"
4096;"SonstigenäherbezeichnetenichtinfektiöseKrankheitenderLymphgefäßeundLymphknoten,Chylozele(nichtdurchFilarien),LipomelanotischeRetikulose";"I898"
4097;"NichtinfektiöseKrankheitderLymphgefäßeundLymphknoten,nichtnäherbezeichnet,KrankheitderLymphgefäßeo.n.A.";"I899"
4099;"IdiopathischeHypotonie";"I950"
4100;"OrthostatischeHypotonie,OrthostatischeDysregulation";"I951"
4101;"HypotoniedurchArzneimittel";"I952"
4102;"SonstigeHypotonie,ChronischeHypotonie";"I958"
4103;"Hypotonie,nichtnäherbezeichnet";"I959"
4105;"Postkardiotomie-Syndrom";"I970"
4106;"SonstigeFunktionsstörungennachkardiochirurgischemEingriff,Herzinsuffizienz,Herzversagen,nachkardiochirurgischemEingriffoderwegeneinerHerzprothese";"I971"
4107;"LymphödemnachMastektomie,Elephantiasis,VerschlußderLymphgefäßedurchMastektomie";"I972"
4108;"SonstigeKreislaufkomplikationennachmedizinischenMaßnahmen,anderenortsnichtklassifiziert";"I978"
4109;"KreislaufkomplikationnachmedizinischerMaßnahme,nichtnäherbezeichnet";"I979"
4111;"KardiovaskuläreSyphilis,Kardiovaskuläre:Spätsyphilis,konnatal(A50.5+),Syphiliso.n.A.(A52.0+)";"I980"
4113;"ÖsophagusvarizenbeianderenortsklassifiziertenKrankheiten";"I982"
14473;"ÖsophagusvarizenbeianderenortsklassifiziertenKrankheiten,mitAngabeeinerBlutung";"I983"
4114;"SonstigenäherbezeichneteStörungendesKreislaufsystemsbeianderenortsklassifiziertenKrankheiten";"I988"
4115;"SonstigeundnichtnäherbezeichneteKrankheitendesKreislaufsystems";"I99"
4116;"AkuteRhinopharyngitis[Erkältungsschnupfen],Nasenkatarrh,akut,Rhinitis:akut,infektiös,Rhinopharyngitis:infektiöso.n.A.,o.n.A.,Schnupfen(akut)";"J00"
4118;"AkuteSinusitismaxillaris,AkuteKieferhöhlenentzündung";"J010"
4119;"AkuteSinusitisfrontalis";"J011"
4120;"AkuteSinusitisethmoidalis";"J012"
4121;"AkuteSinusitissphenoidalis";"J013"
4122;"AkutePansinusitis";"J014"
4123;"SonstigeakuteSinusitis,AkuteSinusitismitBeteiligungvonmehralseinerNasennebenhöhle,ausgenommenPansinusitis";"J018"
4124;"AkuteSinusitis,nichtnäherbezeichnet";"J019"
4126;"Streptokokken-Pharyngitis,RachenentzündungdurchStreptokokken";"J020"
4127;"AkutePharyngitisdurchsonstigenäherbezeichneteErreger";"J028"
4128;"AkutePharyngitis,nichtnäherbezeichnet,Pharyngitis(akut):eitrig,gangränös,infektiöso.n.A.,ulzerös,o.n.A.,Rachenentzündung(akut)o.n.A.";"J029"
4130;"Streptokokken-Tonsillitis";"J030"
4131;"AkuteTonsillitisdurchsonstigenäherbezeichneteErreger";"J038"
4132;"AkuteTonsillitis,nichtnäherbezeichnet,Anginafollicularis,Tonsillitis(akut):gangränös,infektiös,ulzerös,o.n.A.";"J039"
4134;"AkuteLaryngitis,Laryngitis(akut):eitrig,ödematös,subglottisch,ulzerös,o.n.A.";"J040"
4135;"AkuteTracheitis,Tracheitis(akut):katarrhalisch,o.n.A.";"J041"
4136;"AkuteLaryngotracheitis,Laryngotracheitiso.n.A.,Tracheitis(akut)mitLaryngitis(akut)";"J042"
4138;"AkuteobstruktiveLaryngitis[Krupp],ObstruktiveLaryngitiso.n.A.";"J050"
4139;"AkuteEpiglottitis,Epiglottitiso.n.A.";"J051"
4141;"AkuteLaryngopharyngitis";"J060"
4142;"SonstigeakuteInfektionenanmehrerenLokalisationenderoberenAtemwege";"J068"
4143;"AkuteInfektionderoberenAtemwege,nichtnäherbezeichnet,GrippalerInfekt,ObereAtemwege:Infektiono.n.A.,Krankheit,akut,";"J069"
14474;"GrippedurchbestimmtenachgewieseneInfluenzaviren";"J09"
4145;"GrippemitPneumonie,Influenzavirennachgewiesen,Grippe(broncho)pneumonie;Influenzavirennachgewiesen";"J100"
4146;"GrippemitsonstigenManifestationenandenAtemwegen,Influenzavirennachgewiesen,Grippe:akuteInfektionderoberenAtemwege,Laryngitis,Pharyngitis,Pleuraerguß;Influenzavirennachgewiesen";"J101"
4147;"GrippemitsonstigenManifestationen,Influenzavirennachgewiesen,EnzephalopathiebeiGrippe:Gastroenteritis,Myokarditis(akut),Influenzavirennachgewiesen";"J108"
4149;"GrippemitPneumonie,Virennichtnachgewiesen,Grippe(broncho)pneumonie,nichtnäherbezeichnetoderspezifischeVirennichtnachgewiesen";"J110"
4150;"GrippemitsonstigenManifestationenandenAtemwegen,Virennichtnachgewiesen,Grippeo.n.A.";"J111"
4151;"GrippemitsonstigenManifestationen,Virennichtnachgewiesen,EnzephalopathiebeiGrippe";"J118"
4153;"PneumoniedurchAdenoviren";"J120"
4154;"PneumoniedurchRespiratory-Syncytial-Viren[RS-Viren]";"J121"
4155;"PneumoniedurchParainfluenzaviren";"J122"
14475;"PneumoniedurchhumanesMetapneumovirus";"J123"
4156;"PneumoniedurchsonstigeViren";"J128"
4157;"Viruspneumonie,nichtnäherbezeichnet";"J129"
4158;"PneumoniedurchStreptococcuspneumoniae,BronchopneumoniedurchStreptococcuspneumoniae";"J13"
4159;"PneumoniedurchHaemophilusinfluenzae,BronchopneumoniedurchHaemophilusinfluenzae";"J14"
4161;"PneumoniedurchKlebsiellapneumoniae";"J150"
4162;"PneumoniedurchPseudomonas";"J151"
4163;"PneumoniedurchStaphylokokken";"J152"
4164;"PneumoniedurchStreptokokkenderGruppeB";"J153"
4165;"PneumoniedurchsonstigeStreptokokken";"J154"
4166;"PneumoniedurchEscherichiacoli";"J155"
4167;"PneumoniedurchandereaerobegramnegativeBakterien,PneumoniedurchSerratiamarcescens";"J156"
4168;"PneumoniedurchMycoplasmapneumoniae";"J157"
4169;"SonstigebakteriellePneumonie";"J158"
4170;"BakteriellePneumonie,nichtnäherbezeichnet";"J159"
4172;"PneumoniedurchChlamydien";"J160"
4173;"PneumoniedurchsonstigenäherbezeichneteInfektionserreger";"J168"
4175;"PneumoniebeianderenortsklassifiziertenbakteriellenKrankheiten";"J170"
4176;"PneumoniebeianderenortsklassifiziertenViruskrankheiten";"J171"
4177;"PneumoniebeiMykosen";"J172"
4178;"PneumoniebeiparasitärenKrankheiten";"J173"
4179;"PneumoniebeisonstigenanderenortsklassifiziertenKrankheiten";"J178"
4181;"Bronchopneumonie,nichtnäherbezeichnet";"J180"
4182;"Lobärpneumonie,nichtnäherbezeichnet";"J181"
4183;"HypostatischePneumonie,nichtnäherbezeichnet";"J182"
4184;"SonstigePneumonie,Erregernichtnäherbezeichnet";"J188"
4185;"Pneumonie,nichtnäherbezeichnet";"J189"
4187;"AkuteBronchitisdurchMycoplasmapneumoniae";"J200"
4188;"AkuteBronchitisdurchHaemophilusinfluenzae";"J201"
4189;"AkuteBronchitisdurchStreptokokken";"J202"
4190;"AkuteBronchitisdurchCoxsackieviren";"J203"
4191;"AkuteBronchitisdurchParainfluenzaviren";"J204"
4192;"AkuteBronchitisdurchRespiratory-Syncytial-Viren[RS-Viren]";"J205"
4193;"AkuteBronchitisdurchRhinoviren";"J206"
4194;"AkuteBronchitisdurchECHO-Viren";"J207"
4195;"AkuteBronchitisdurchsonstigenäherbezeichneteErreger";"J208"
4196;"AkuteBronchitis,nichtnäherbezeichnet";"J209"
4198;"AkuteBronchiolitisdurchRespiratory-Syncytial-Viren[RS-Viren]";"J210"
14476;"AkuteBronchiolitisdurchhumanesMetapneumovirus";"J211"
4199;"AkuteBronchiolitisdurchsonstigenäherbezeichneteErreger";"J218"
4200;"AkuteBronchiolitis,nichtnäherbezeichnet,Bronchiolitis(akut)";"J219"
4201;"AkuteInfektionderunterenAtemwege,nichtnäherbezeichnet,AkuteInfektionder(unteren)Atemwegeo.n.A.";"J22"
4203;"Rhinopathiavasomotorica";"J300"
4204;"AllergischeRhinopathiedurchPollen,HeufieberundHeuschnupfen,Pollenallergieo.n.A.,Pollinose";"J301"
4205;"SonstigesaisonaleallergischeRhinopathie";"J302"
4206;"SonstigeallergischeRhinopathie,GanzjährigbestehendeallergischeRhinopathie";"J303"
4207;"AllergischeRhinopathie,nichtnäherbezeichnet";"J304"
4209;"ChronischeRhinitis,Ozaena,Rhinitis(chronisch):atrophisch,eitrig,granulomatös,hypertrophisch,obstruktiv,ulzerös,o.n.A.";"J310"
4210;"ChronischeRhinopharyngitis";"J311"
4211;"ChronischePharyngitis,ChronischeRachenentzündung,Pharyngitis(chronisch):atrophica,granulosa,hypertrophica";"J312"
4213;"ChronischeSinusitismaxillaris,Kieferhöhlenentzündung(chronisch),Sinusitismaxillariso.n.A.";"J320"
4214;"ChronischeSinusitisfrontalis,Sinusitisfrontaliso.n.A.";"J321"
4215;"ChronischeSinusitisethmoidalis,Sinusitisethmoidaliso.n.A.";"J322"
4216;"ChronischeSinusitissphenoidalis,Sinusitissphenoidaliso.n.A.";"J323"
4217;"ChronischePansinusitis,Pansinusitiso.n.A.";"J324"
4218;"SonstigechronischeSinusitis,Sinusitis(chronisch)mitBeteiligungvonmehralseinerNasennebenhöhle,ausgenommenPansinusitis";"J328"
4219;"ChronischeSinusitis,nichtnäherbezeichnet,Sinusitis(chronisch)o.n.A.";"J329"
4221;"PolypderNasenhöhle,Polyp:Choanal-,nasopharyngeal";"J330"
4222;"Polyposisnasalisdeformans,Woakes-SyndromoderEthmoiditis";"J331"
4223;"SonstigePolypenderNasennebenhöhlen,Polyp,Polyposis:Nasennebenhöhlen,Sinusethmoidalis,Sinusmaxillaris,Sinussphenoidalis";"J338"
4224;"Nasenpolyp,nichtnäherbezeichnet";"J339"
4226;"Abszeß,FurunkelundKarbunkelderNase,Nekrose,Phlegmone,Ulzeration,NaseoderNasenseptum";"J340"
4227;"ZysteoderMukozelederNaseundderNasennebenhöhle";"J341"
4228;"Nasenseptumdeviation,VerbiegungoderSubluxationdesNasenseptums(erworben)";"J342"
4229;"HypertrophiederNasenmuscheln";"J343"
4230;"SonstigenäherbezeichneteKrankheitenderNaseundderNasennebenhöhlen,PerforationdesNasenseptumso.n.A.,Rhinolith";"J348"
4232;"ChronischeTonsillitis";"J350"
4233;"HypertrophiederGaumenmandeln,VergrößerungderGaumenmandeln";"J351"
4234;"HypertrophiederRachenmandeln,AdenoideVegetationen,VergrößerungderRachenmandeln";"J352"
4235;"HypertrophiederGaumenmandelnmitHyperthrophiederRachenmandeln";"J353"
4236;"SonstigechronischeKrankheitenderGaumen-undRachenmandeln,Mandelstein,NarbederGaumenmandel(undRachenmandel),UlkusderTonsille";"J358"
4237;"ChronischeKrankheitderGaumen-undRachenmandeln,nichtnäherbezeichnet,Krankheit(chronisch)derGaumenmandelnundRachenmandelno.n.A.";"J359"
4238;"Peritonsillarabszeß,Phlegmone,peritonsillär,Tonsillarabszeß";"J36"
4240;"ChronischeLaryngitis,Laryngitis:hypertrophisch,katarrhalisch,sicca";"J370"
4241;"ChronischeLaryngotracheitis,ChronischeLaryngitismitTracheitis(chronisch),ChronischeTracheitismitLaryngitis";"J371"
4243;"LähmungderStimmlippenunddesKehlkopfes,Lähmung:Glottis,Kehlkopf";"J380"
4244;"PolypderStimmlippenunddesKehlkopfes";"J381"
4245;"Stimmlippenknötchen,Chorditis(fibrinös)(nodös)(tuberös),Lehrerknötchen,Sängerknötchen";"J382"
4246;"SonstigeKrankheitenderStimmlippen.Abszeß,Granulom,Hyperkeratose,Leukoplakie,Parakeratose,PhlegmonederStimmlippen";"J383"
4247;"Larynxödem.Ödem:Glottis,subglottisch,supraglottisch";"J384"
4248;"Laryngospasmus,Laryngismus(stridulus),Pseudokrupp";"J385"
4249;")Pseudokrupp,StadiumI";"J385"
4250;")Pseudokrupp,StadiumII";"J385"
4251;")Pseudokrupp,StadiumIII";"J385"
4252;")Pseudokrupp,StadiumIV";"J385"
4253;")Pseudokrupp,StadiumNNB";"J385"
4254;"Kehlkopfstenose";"J386"
4255;"SonstigeKrankheitendesKehlkopfes,Abszeß,Krankheito.n.A.,Nekrose,Pachydermie,Perichondritis,Phlegmone,UlkusKehlkopf";"J387"
4257;"RetropharyngealabszeßundParapharyngealabszeß,Peripharyngealabszeß";"J390"
4258;"SonstigerAbszeßdesRachenraumes,AbszeßdesNasopharynx,Rachenphlegmone";"J391"
4259;"SonstigeKrankheitendesRachenraumes,Ödem,Zyste,RachenoderNasopharynx";"J392"
4260;"HypersensitivitätsreaktionderoberenAtemwege,Lokalisationnichtnäherbezeichnet";"J393"
4261;"SonstigenäherbezeichneteKrankheitenderoberenAtemwege";"J398"
4262;"KrankheitderoberenAtemwege,nichtnäherbezeichnet";"J399"
4263;"Bronchitis,nichtalsakutoderchronischbezeichnet,Bronchitis:,katarrhalisch,mitTracheitiso.n.A.,o.n.A.,Tracheobronchitiso.n.A.";"J40"
4265;"EinfachechronischeBronchitis";"J410"
4266;"Schleimig-eitrigechronischeBronchitis";"J411"
4267;"Mischformenvoneinfacherundschleimig-eitrigerchronischerBronchitis";"J418"
4268;"NichtnäherbezeichnetechronischeBronchitis,Chronische:Bronchitiso.n.A.,Tracheitis,Tracheobronchitis";"J42"
4270;"MacLeod-Syndrom,Einseitige(s):Emphysem,helleLunge";"J430"
4271;"PanlobuläresEmphysem,PanazinösesEmphysem";"J431"
4272;"ZentrilobuläresEmphysem";"J432"
4273;"SonstigesEmphysem";"J438"
4274;"Emphysem,nichtnäherbezeichnet,Emphysem(Lunge)(pulmonal):bullös,vesikulär,o.n.A.,Emphysembläschen";"J439"
4276;"ChronischeobstruktiveLungenkrankheitmitakuterInfektionderunterenAtemwege";"J440"
14723;")ChronischeobstruktiveLungenkrankheitmitakuterInfektionderunterenAtemwege:FEV1<35%desSollwertes";"J440"
14724;")ChronischeobstruktiveLungenkrankheitmitakuterInfektionderunterenAtemwege:FEV1>=35%und<50%desSollwertes";"J440"
14725;")ChronischeobstruktiveLungenkrankheitmitakuterInfektionderunterenAtemwege:FEV1>=50%und<70%desSollwertes";"J440"
14726;")ChronischeobstruktiveLungenkrankheitmitakuterInfektionderunterenAtemwege:FEV1>=70%desSollwertes";"J440"
14727;")ChronischeobstruktiveLungenkrankheitmitakuterInfektionderunterenAtemwege:FEV1nichtnäherbezeichnet";"J440"
4277;"ChronischeobstruktiveLungenkrankheitmitakuterExazerbation,nichtnäherbezeichnet";"J441"
14728;")ChronischeobstruktiveLungenkrankheitmitakuterExazerbation,nichtnäherbezeichnet:FEV1<35%desSollwertes";"J441"
14729;")ChronischeobstruktiveLungenkrankheitmitakuterExazerbation,nichtnäherbezeichnet:FEV1>=35%und<50%desSollwertes";"J441"
14730;")ChronischeobstruktiveLungenkrankheitmitakuterExazerbation,nichtnäherbezeichnet:FEV1>=50%und<70%desSollwertes";"J441"
14731;")ChronischeobstruktiveLungenkrankheitmitakuterExazerbation,nichtnäherbezeichnet:FEV1>=70%desSollwertes";"J441"
14732;")ChronischeobstruktiveLungenkrankheitmitakuterExazerbation,nichtnäherbezeichnet:FEV1nichtnäherbezeichnet";"J441"
4278;"SonstigenäherbezeichnetechronischeobstruktiveLungenkrankheit,ChronischeBronchitis:asthmatisch(obstruktiv)o.n.A.,emphysematöso.n.A.,obstruktivo.n.A.";"J448"
14733;")SonstigenäherbezeichnetechronischeobstruktiveLungenkrankheit:FEV1<35%desSollwertes";"J448"
14734;")SonstigenäherbezeichnetechronischeobstruktiveLungenkrankheit:FEV1>=35%und<50%desSollwertes";"J448"
14735;")SonstigenäherbezeichnetechronischeobstruktiveLungenkrankheit:FEV1>=50%und<70%desSollwertes";"J448"
14736;")SonstigenäherbezeichnetechronischeobstruktiveLungenkrankheit:FEV1>=70%desSollwertes";"J448"
14737;")SonstigenäherbezeichnetechronischeobstruktiveLungenkrankheit:FEV1nichtnäherbezeichnet";"J448"
4279;"ChronischeobstruktiveLungenkrankheit,nichtnäherbezeichnet,ChronischeobstruktiveKrankheitderAtemwegeo.n.A.,ChronischeobstruktiveLungenkrankheito.n.A.";"J449"
14738;")ChronischeobstruktiveLungenkrankheit,nichtnäherbezeichnet:FEV1<35%desSollwertes";"J449"
14739;")ChronischeobstruktiveLungenkrankheit,nichtnäherbezeichnet:FEV1>=35%und<50%desSollwertes";"J449"
14740;")ChronischeobstruktiveLungenkrankheit,nichtnäherbezeichnet:FEV1>=50%und<70%desSollwertes";"J449"
14741;")ChronischeobstruktiveLungenkrankheit,nichtnäherbezeichnet:FEV1>=70%desSollwertes";"J449"
14742;")ChronischeobstruktiveLungenkrankheit,nichtnäherbezeichnet:FEV1nichtnäherbezeichnet";"J449"
4281;"VorwiegendallergischesAsthmabronchiale";"J450"
4282;"NichtallergischesAsthmabronchiale,EndogenesnichtallergischesAsthmabronchiale[IntrinsischesAsthma],MedikamentösausgelöstesnichtallergischesAsthmabronchiale[Analgetika-Asthma]";"J451"
4283;"MischformendesAsthmabronchiale,KombinationvonKrankheitszuständenunterJ45.0undJ45.1";"J458"
4284;"Asthmabronchiale,nichtnäherbezeichnet,AsthmatischeBronchitiso.n.A.,Late-Onset-Asthma";"J459"
4285;"Statusasthmaticus,AkutesschweresAsthmabronchiale";"J46"
4286;"Bronchiektasen,Bronchiolektasen";"J47"
4287;"Kohlenbergarbeiter-Pneumokoniose,Anthrakose,Anthrakosilikose,Kohlenstaub-Lunge";"J60"
4288;"PneumokoniosedurchAsbestundsonstigeanorganischeFasern,Asbestose";"J61"
4290;"PneumokoniosedurchTalkum-Staub";"J620"
4291;"PneumokoniosedurchsonstigenQuarzstaub,Silikoseo.n.A.";"J628"
4293;"Aluminose(Lunge)";"J630"
4294;"Bauxitfibrose(Lunge)";"J631"
4295;"Berylliose";"J632"
4296;"Graphitfibrose(Lunge)";"J633"
4297;"Siderose";"J634"
4299;"PneumokoniosedurchsonstigenäherbezeichneteanorganischeStäube";"J638"
4300;"NichtnäherbezeichnetePneumokoniose";"J64"
4301;"PneumokonioseinVerbindungmitTuberkulose";"J65"
4303;"Byssinose,KrankheitderAtemwegedurchBaumwollstaub";"J660"
4305;"Cannabiose";"J662"
4306;"KrankheitderAtemwegedurchsonstigenäherbezeichneteorganischeStäube";"J668"
4308;"Farmerlunge,Drescher-Lunge,Erntearbeiter-Lunge,Mouldyhaydisease";"J670"
4309;"Bagassose,Bagasse-:Krankheit,Pneumonitis";"J671"
4310;"Vogelzüchterlunge,Taubenzüchter-Krankheitoder-Lunge,Wellensittichzüchter-Krankheitoder-Lunge";"J672"
4311;"Suberose,Korkarbeiter-Krankheitoder-Lunge,Korkrindenschäler-Krankheitoder-Lunge";"J673"
4312;"Malzarbeiter-Lunge,AlveolitisdurchAspergillusclavatus";"J674"
4313;"Pilzarbeiter-Lunge";"J675"
4314;"Ahornrindenschäler-Lunge,AlveolitisdurchCryptostromacorticale";"J676"
4315;"Befeuchter-undKlimaanlage-Lunge,AllergischeAlveolitisdurchPilze,thermophileAktinomyzetenundandereOrganismen,diesichinBelüftungsanlagen[Klimaanlagen]entwickeln";"J677"
4316;"AllergischeAlveolitisdurchorganischeStäube,Fischmehlarbeiter-Lunge,Käsewäscher-Lunge,Kaffeearbeiter-Lunge,Kürschner-Lunge,Sequoiose";"J678"
4317;"AllergischeAlveolitisdurchnichtnäherbezeichnetenorganischenStaub,Alveolitis,allergisch(exogen)o.n.A.,HypersensitivePneumonitiso.n.A.";"J679"
4319;"BronchitisundPneumoniedurchchemischeSubstanzen,Gase,RauchundDämpfe,Bronchitis(akut)durchchemischeSubstanzen";"J680"
4320;"AkutesLungenödemdurchchemischeSubstanzen,Gase,RauchundDämpfe,Lungenödem(akut)durchchemischeSubstanzen";"J681"
4321;"EntzündungderoberenAtemwegedurchchemischeSubstanzen,Gase,RauchundDämpfe,anderenortsnichtklassifiziert";"J682"
4322;"SonstigeakuteundsubakuteKrankheitenderAtmungsorganedurchchemischeSubstanzen,Gase,RauchundDämpfe,ReaktiveAtemwegskrankheiten[Reactiveairwaysdysfunctionsyndrome]";"J683"
4323;"ChronischeKrankheitenderAtmungsorganedurchchemischeSubstanzen,Gase,RauchundDämpfe";"J684"
4324;"SonstigeKrankheitenderAtmungsorganedurchchemischeSubstanzen,Gase,RauchundDämpfe";"J688"
4325;"NichtnäherbezeichneteKrankheitderAtmungsorganedurchchemischeSubstanzen,Gase,RauchundDämpfe";"J689"
4327;"PneumoniedurchNahrungoderErbrochenes,Aspirationspneumonie(durch):Erbrochenes,Magensekrete,Milch,Nahrung(regurgitiert),o.n.A.";"J690"
4328;"PneumoniedurchÖleundExtrakte,Lipidpneumonie";"J691"
4329;"PneumoniedurchsonstigefesteundflüssigeSubstanzen,PneumoniedurchAspirationvonBlut";"J698"
4331;"AkuteLungenbeteiligungbeiStrahleneinwirkung,Strahlenpneumonitis";"J700"
4332;"ChronischeundsonstigeLungenbeteiligungbeiStrahleneinwirkung,LungenfibrosenachStrahleneinwirkung";"J701"
4333;"AkutearzneimittelinduzierteinterstitielleLungenkrankheiten";"J702"
4334;"ChronischearzneimittelinduzierteinterstitielleLungenkrankheiten";"J703"
4335;"ArzneimittelinduzierteinterstitielleLungenkrankheit,nichtnäherbezeichnet";"J704"
4336;"KrankheitenderAtmungsorganedurchsonstigenäherbezeichneteexogeneSubstanzen";"J708"
4337;"KrankheitenderAtmungsorganedurchnichtnäherbezeichneteexogeneSubstanz";"J709"
4338;"AtemnotsyndromdesErwachsenen[ARDS],Hyaline-Membranen-KrankheitdesErwachsenen";"J80"
4339;"Lungenödem,AkutesLungenödem,Lungenstauung(passiv)";"J81"
4340;"EosinophilesLungeninfiltrat,anderenortsnichtklassifiziert,EosinophilesLungeninfiltratmitAsthmabronchiale,Löffler-Syndrom(I),Tropische(pulmonale)Eosinophilieo.n.A.";"J82"
4342;"AlveoläreundparietoalveoläreKrankheitszustände,Alveolarproteinose,Microlithiasisalveolarispulmonum";"J840"
4343;"SonstigeinterstitielleLungenkrankheitenmitFibrose,DiffuseLungenfibrose,FibrosierendeAlveolitis(kryptogen),Hamman-Rich-Syndrom,IdiopathischeLungenfibrose";"J841"
4344;"SonstigenäherbezeichneteinterstitielleLungenkrankheiten";"J848"
4345;"InterstitielleLungenkrankheit,nichtnäherbezeichnet,InterstitiellePneumonieo.n.A.";"J849"
4347;"GangränundNekrosederLunge";"J850"
4348;"AbszeßderLungemitPneumonie";"J851"
4349;"AbszeßderLungeohnePneumonie,AbszeßderLungeo.n.A.";"J852"
4350;"AbszeßdesMediastinums";"J853"
4352;"PyothoraxmitFistel";"J860"
4353;"PyothoraxohneFistel";"J869"
4354;"Pleuraerguß,anderenortsnichtklassifiziert,PleuritismitErguß";"J90"
4355;"PleuraergußbeianderenortsklassifiziertenKrankheiten";"J91"
4357;"PleuraplaquesmitNachweisvonAsbest";"J920"
4358;"PleuraplaquesohneNachweisvonAsbest,Pleuraplaqueso.n.A.";"J929"
4360;"SpontanerSpannungspneumothorax";"J930"
4361;"SonstigerSpontanpneumothorax";"J931"
4362;"SonstigerPneumothorax";"J938"
4363;"Pneumothorax,nichtnäherbezeichnet";"J939"
4365;"Chylöser(Pleura-)Erguß,Chylusartiger(Pleura-)Erguß";"J940"
4366;"Fibrothorax";"J941"
4367;"Hämatothorax,Hämatopneumothorax";"J942"
4368;"SonstigenäherbezeichneteKrankheitszuständederPleura,Hydrothorax";"J948"
4369;"Pleurakrankheit,nichtnäherbezeichnet";"J949"
4371;"FunktionsstörungeinesTracheostomas,BlutungausdemTracheostoma,ObstruktiondesdurchTracheotomiegeschaffenenLuftweges,SepsisdesTracheostomas,Tracheo-ÖsophagealfistelnachTracheotomie";"J950"
4372;"AkutepulmonaleInsuffizienznachThoraxoperation";"J951"
4373;"AkutepulmonaleInsuffizienznachnichtamThoraxvorgenommenerOperation";"J952"
4374;"ChronischepulmonaleInsuffizienznachOperation";"J953"
4375;"Mendelson-Syndrom";"J954"
4376;"SubglottischeStenosenachmedizinischenMaßnahmen";"J955"
4377;"SonstigeKrankheitenderAtemwegenachmedizinischenMaßnahmen";"J958"
4378;"KrankheitderAtemwegenachmedizinischenMaßnahmen,nichtnäherbezeichnet";"J959"
4380;"AkuterespiratorischeInsuffizienz,anderenortsnichtklassifiziert";"J960"
14558;")AkuterespiratorischeInsuffizienz,anderenortsnichtklassifiziert:TypI[hypoxisch]";"J960"
14559;")AkuterespiratorischeInsuffizienz,anderenortsnichtklassifiziert:TypII[hyperkapnisch]";"J960"
14560;")AkuterespiratorischeInsuffizienz,anderenortsnichtklassifiziert:Typnichtnäherbezeichnet";"J960"
4381;"ChronischerespiratorischeInsuffizienz,anderenortsnichtklassifiziert";"J961"
14561;")ChronischerespiratorischeInsuffizienz,anderenortsnichtklassifiziert:TypI[hypoxisch]";"J961"
14562;")ChronischerespiratorischeInsuffizienz,anderenortsnichtklassifiziert:TypII[hyperkapnisch]";"J961"
14563;")ChronischerespiratorischeInsuffizienz,anderenortsnichtklassifiziert:Typnichtnäherbezeichnet";"J961"
4382;"RespiratorischeInsuffizienz,nichtnäherbezeichnet";"J969"
14564;")RespiratorischeInsuffizienz,nichtnäherbezeichnet:TypI[hypoxisch]";"J969"
14565;")RespiratorischeInsuffizienz,nichtnäherbezeichnet:TypII[hyperkapnisch]";"J969"
14566;")RespiratorischeInsuffizienz,nichtnäherbezeichnet:Typnichtnäherbezeichnet";"J969"
4384;"KrankheitenderBronchien,anderenortsnichtklassifiziert,Broncholithiasis,StenosedesBronchus,TracheobronchialeDyskinesie,TracheobronchialesKollapssyndrom,Ulkus,Verkalkung,Bronchus";"J980"
4385;"Lungenkollaps,Atelektase,KollapsderLunge";"J981"
4386;"InterstitiellesEmphysem,Mediastinalemphysem";"J982"
4387;"KompensatorischesEmphysem";"J983"
4388;"SonstigeVeränderungenderLunge,Lungenkrankheito.n.A.,Pneumolithiasis,VerkalkungderLunge,ZystischeLungenkrankheit(erworben)";"J984"
4389;"KrankheitendesMediastinums,anderenortsnichtklassifiziert,Fibrose,Hernie,Mediastinum,Mediastinitis,VerlagerungdesMediastinums";"J985"
4390;"KrankheitendesZwerchfells,Relaxatiodiaphragmatica,Zwerchfellähmung,Zwerchfellentzündung";"J986"
4391;"SonstigenäherbezeichneteKrankheitenderAtemwege";"J988"
4392;"Atemwegskrankheit,nichtnäherbezeichnet,Atemwegskrankheit(chronisch)o.n.A.";"J989"
4394;"LungenkrankheitbeiseropositiverchronischerPolyarthritis(M05.1+)";"J990"
4395;"KrankheitenderAtemwegebeisonstigendiffusenBindegewebskrankheiten";"J991"
4396;"KrankheitenderAtemwegebeisonstigenanderenortsklassifiziertenKrankheiten";"J998"
4398;"Anodontie,Hypodontie,Oligodontie";"K000"
4399;"Hyperodontie,Distomolar,Mesiodens,Paramolar,VierterMolar,ZusätzlicheZähne";"K001"
4400;"AbnormitäteninGrößeundFormderZähne";"K002"
4401;"Schmelzflecken[Mottledteeth],Dentalfluorose,GefleckterZahnschmelz,NichtdurchFluorbedingteSchmelzopazitäten";"K003"
4402;"StörungeninderZahnbildung,LokaleOdontodysplasie,Turner-Zahn,Zahndilazeration,Zahnschmelzhypoplasie(neonatal)(postnatal)(pränatal),Zementaplasieund-hypoplasie";"K004"
4403;"HereditäreStörungenderZahnstruktur,anderenortsnichtklassifiziert,Amelogenesis,Dentinogenesisimperfecta,Dentindysplasie,Odontogenesishypoplastica,WurzelloseZähne";"K005"
4404;"StörungendesZahndurchbruchs,Dens:natalis,neonatalis,Dentitiopraecox,PersistierenvonMilchzähnen[Dentesdecidui],Vorzeitiger:AusfallderMilchzähne,Zahndurchbruch";"K006"
4405;"Dentitionskrankheit";"K007"
4406;"SonstigeStörungenderZahnentwicklung,FarbveränderungenwährendderZahnbildung,IntrinsischeVerfärbungderZähneo.n.A.";"K008"
4407;"StörungderZahnentwicklung,nichtnäherbezeichnet,StörungderOdontogeneseo.n.A.";"K009"
4409;"RetinierteZähne";"K010"
4410;"ImpaktierteZähne";"K011"
4412;"Karies,aufdenZahnschmelzbegrenzt,OpakeFlecken[InitialeKaries]";"K020"
4413;"KariesdesDentins";"K021"
4414;"KariesdesZements";"K022"
4415;"Kariesmarke";"K023"
4416;"Odontoklasie,InfantileMelanodontie,Melanodontoklasie";"K024"
14567;"KariesmitfreiliegenderPulpa";"K025"
4417;"SonstigeZahnkaries";"K028"
4418;"Zahnkaries,nichtnäherbezeichnet";"K029"
4420;"AusgeprägteAttritionderZähne,Abnutzung:approximal,okklusalZähne";"K030"
4421;"AbrasionderZähne,AbrasionderZähne(durch):berufsbedingt,habituell,rituell,traditionell,Zahnputzmittel,KeilförmigerDefekto.n.A.";"K031"
4422;"ErosionderZähne,ErosionderZähne:berufsbedingt,durch:,ArzneimitteloderDrogen,Nahrungsmittel,unstillbaresErbrechen,idiopathisch,o.n.A.";"K032"
4423;"PathologischeZahnresorption,InternesGranulomderPulpa,Zahnresorption(extern)";"K033"
4424;"Hyperzementose,Zementhyperplasie";"K034"
4425;"AnkylosederZähne";"K035"
4426;"Auflagerungen[Beläge]aufdenZähnen";"K036"
4428;"SonstigenäherbezeichneteKrankheitenderZahnhartsubstanzen,EmpfindlichesDentin,StrahlengeschädigterZahnschmelz";"K038"
4429;"KrankheitderZahnhartsubstanzen,nichtnäherbezeichnet";"K039"
4431;"Pulpitis,Pulpa:Abszeß,Polyp,Pulpitis:akut,chronisch(hyperplastisch)(ulzerös),eitrig";"K040"
4432;"Pulpanekrose,Pulpagangrän";"K041"
4433;"Pulpadegeneration,Dentikel,Pulpa:Kalzifikation,Steine";"K042"
4434;"AbnormeBildungvonZahnhartsubstanzinderPulpa,SekundäresoderirreguläresDentin";"K043"
4435;"AkuteapikaleParodontitispulpalenUrsprungs,AkuteapikaleParodontitiso.n.A.";"K044"
4436;"ChronischeapikaleParodontitis,ApikaleParodontitiso.n.A.,ApikalesoderperiapikalesGranulom";"K045"
4437;"PeriapikalerAbszeßmitFistel,AbszeßmitFistel:dental,dentoalveolar";"K046"
4438;"PeriapikalerAbszeßohneFistel,Abszeßo.n.A.:dental,dentoalveolar,periapikal";"K047"
4439;"RadikuläreZyste,Zyste:apikal(parodontal),periapikal,residual,radikulär";"K048"
4440;"SonstigeundnichtnäherbezeichneteKrankheitenderPulpaunddesperiapikalenGewebes";"K049"
4442;"AkuteGingivitis";"K050"
4443;"ChronischeGingivitis,Gingivitis(chronica):desquamativa,hyperplastica,simplexmarginalis,ulcerosa,o.n.A.";"K051"
4444;"AkuteParodontitis,AkutePerikoronitis,Parodontalabszeß,Periodontalabszeß";"K052"
4445;"ChronischeParodontitis,ChronischePerikoronitis,Parodontitis:complex,simplex,o.n.A.";"K053"
4446;"Parodontose,JuvenileParodontose";"K054"
4447;"SonstigeKrankheitendesParodonts";"K055"
4448;"KrankheitdesParodonts,nichtnäherbezeichnet";"K056"
4450;"Gingivaretraktion,Gingivaretraktion(generalisiert)(lokalisiert)(postinfektiös)(postoperativ)";"K060"
4451;"Gingivahyperplasie,Gingivafibromatose";"K061"
4452;"GingivaläsionenundLäsionendeszahnlosenAlveolarkammesinVerbindungmitTrauma,IrritativeHyperplasiedeszahnlosenAlveolarkammes[HyperplasiedurchZahnprothese]";"K062"
4453;"SonstigenäherbezeichneteKrankheitenderGingivaunddeszahnlosenAlveolarkammes";"K068"
4454;"KrankheitderGingivaunddeszahnlosenAlveolarkammes,nichtnäherbezeichnet";"K069"
4456;"StärkereAnomalienderKiefergröße,Hyperplasie,Hypoplasie:mandibulär,maxillär,Makrognathie(mandibulär)(maxillär),Mikrognathie(mandibulär)(maxillär)";"K070"
4457;"AnomaliendesKiefer-Schädelbasis-Verhältnisses,AsymmetriedesKiefers,Prognathie(mandibulär)(maxillär),Retrognathie(mandibulär)(maxillär)";"K071"
4458;"AnomaliendesZahnbogenverhältnisses";"K072"
4459;"Zahnstellungsanomalien";"K073"
4460;"FehlerhafteOkklusion,nichtnäherbezeichnet";"K074"
4461;"FunktionelledentofazialeAnomalien,AbnormerKieferschluß,FehlerhafteOkklusiondurch:abnormenSchluckakt,Mundatmung,Zungen-,Lippen-oderFingerlutschgewohnheiten";"K075"
4462;"KrankheitendesKiefergelenkes,Costen-Syndrom,FunktionsstörungdesKiefergelenkes,GelenkknackendesKiefers,Kiefergelenkarthralgie";"K076"
4463;"SonstigedentofazialeAnomalien";"K078"
4464;"DentofazialeAnomalie,nichtnäherbezeichnet";"K079"
4466;"ZahnverfalldurchsystemischeUrsachen";"K080"
4467;"ZahnverlustdurchUnfall,ExtraktionoderlokalisierteparodontaleKrankheit";"K081"
4468;"AtrophiedeszahnlosenAlveolarkammes";"K082"
4469;"VerbliebeneZahnwurzel";"K083"
4470;"SonstigenäherbezeichneteKrankheitenderZähneunddesZahnhalteapparates,IrregulärerAlveolarfortsatz,VergrößerungdesAlveolarkammeso.n.A.,Zahnschmerzo.n.A.";"K088"
4471;"KrankheitderZähneunddesZahnhalteapparates,nichtnäherbezeichnet";"K089"
4473;"EntwicklungsbedingteodontogeneZysten,Zyste:Dentitions-,follikulär,Gingiva-,Kerato-,lateralparodontal,primordial,Zahndurchbruchs-";"K090"
4474;"Entwicklungsbedingte(nichtodontogene)ZystenderMundregion,Zyste:Canalisincisivus,globulomaxillär,medianopalatinal,nasopalatinal,Papillaincisiva";"K091"
4475;"SonstigeKieferzysten,ZystedesKiefers:aneurysmatisch,hämorrhagisch,traumatisch,o.n.A.";"K092"
4476;"SonstigeZystenderMundregion,anderenortsnichtklassifiziert,Dermoidzyste,Epidermoidzyste,LymphoepithelialzysteMund,Epstein-Epithelperlen,Nasoalveolarzyste,Nasolabialzyste";"K098"
4477;"ZystederMundregion,nichtnäherbezeichnet";"K099"
4479;"EntwicklungsbedingteKrankheitenderKiefer,LatenteKnochenzystedesKiefers,Stafne-Zyste,Torus:mandibularis,palatinus";"K100"
4480;"ZentralesRiesenzellgranulomderKiefer,Riesenzellgranulomo.n.A.";"K101"
4481;"EntzündlicheZuständederKiefer.Osteomyelitis(neonatal),Osteoradionekrose,Ostitis,PeriostitisKiefer(akut)(chronisch)(eitrig),SequesterdesKieferknochens";"K102"
4482;"AlveolitisderKiefer,AlveoläreOstitis,TrockeneAlveole[Drysocket]";"K103"
4483;"SonstigenäherbezeichneteKrankheitenderKiefer,Cherubismus,Exostose,FibröseDysplasie,Kiefer,UnilateraleHyperplasieoderHypoplasiedesProcessuscondylarismandibulae";"K108"
4484;"KrankheitderKiefer,nichtnäherbezeichnet";"K109"
4486;"Speicheldrüsenatrophie";"K110"
4487;"Speicheldrüsenhypertrophie";"K111"
4488;"Sialadenitis";"K112"
4489;"Speicheldrüsenabszeß";"K113"
4490;"Speicheldrüsenfistel";"K114"
4491;"Sialolithiasis,Sialolith,Speichelstein,SpeicheldrüseoderSpeicheldrüsenausführungsgang";"K115"
4492;"MukozelederSpeicheldrüsen,Mukös:Extravasationszyste,Retentionszyste,Speicheldrüsen,Ranula";"K116"
4493;"StörungenderSpeichelsekretion,Ptyalismus,Speichelmangel,Xerostomie";"K117"
4494;"SonstigeKrankheitenderSpeicheldrüsen";"K118"
4495;"KrankheitderSpeicheldrüsen,nichtnäherbezeichnet,Sialoadenopathieo.n.A.";"K119"
4497;"RezidivierendeoraleAphthen,Bednar-Aphthen,Periadenitismucosanecroticarecurrens,RezidivierendesaphthösesUlkus,Stomatitisaphthosa(major)(minor),Stomatitisherpetiformis";"K120"
4498;"SonstigeFormenderStomatitis,Stomatitis:durchProthese,ulcerosa,vesicularis,o.n.A.";"K121"
4499;"PhlegmoneundAbszeßdesMundes,Mund-(Boden-)Phlegmone,Submandibularabszeß";"K122"
14477;"OraleMukositis(ulzerativ)";"K123"
4501;"KrankheitenderLippen,Angulusinfectiosusoris[Perlèche],anderenortsnichtklassifiziert,Cheilitis:angulär,exfoliativa,glandulär,o.n.A.,Cheilodynie,Cheilosis";"K130"
4502;"Wangen-undLippenbiß";"K131"
4503;"LeukoplakieundsonstigeAffektionendesMundhöhlenepithels,einschließlichZunge,Erythroplakie,Leuködem,Mundhöhlenepithel,einschließlichZunge,Leukokeratosisnicotinicapalati,Rauchergaumen";"K132"
4504;"Haarleukoplakie(derMundschleimhaut)";"K133"
4505;"GranulomundgranulomähnlicheLäsionenderMundschleimhaut.EosinophilesGranulom,Granulomapediculatum,VerrukösesXanthomderMundschleimhaut";"K134"
4506;"OralesubmuköseFibrose,SubmuköseFibrosederZunge";"K135"
4507;"IrritativeHyperplasiederMundschleimhaut";"K136"
4508;"SonstigeundnichtnäherbezeichneteLäsionenderMundschleimhaut,FokaleoraleMuzinose";"K137"
4510;"Glossitis,Abszeß,Ulzeration(traumatisch)Zunge";"K140"
4511;"Linguageographica,Exfoliatioareatalinguae,Glossitismigransbenigna";"K141"
4512;"Glossitisrhombicamediana";"K142"
4513;"HypertrophiederZungenpapillen,BelegteZunge,HypertrophiederPapillaefoliatae,Linguavillosanigra,SchwarzeHaarzunge";"K143"
4514;"AtrophiederZungenpapillen,Glossitisatrophicans";"K144"
4515;"Linguaplicata,Falten-,Furchen-Zunge,Linguascrotalis";"K145"
4516;"Glossodynie,Zungenbrennen,Zungenschmerz";"K146"
4517;"SonstigeKrankheitenderZunge,Atrophie,Hypertrophie,Kerbung,VergrößerungZunge";"K148"
4518;"KrankheitderZunge,nichtnäherbezeichnet,Zungenkrankheito.n.A.";"K149"
4519;"Ösophagitis,AbszeßdesÖsophagus,Ösophagitis:durchchemischeSubstanzen,peptisch,o.n.A.";"K20"
4521;"GastroösophagealeRefluxkrankheitmitÖsophagitis,Refluxösophagitis";"K210"
4522;"GastroösophagealeRefluxkrankheitohneÖsophagitis,ÖsophagealerRefluxo.n.A.";"K219"
4524;"AchalasiederKardia,Achalasieo.n.A.,Kardiospasmus";"K220"
4525;"Ösophagusulkus,ErosiondesÖsophagus,Ösophagusulkus:durchIngestionvon:,ArzneimittelnundDrogen,chemischenSubstanzen,durchPilze,peptisch,o.n.A.";"K221"
4526;"Ösophagusverschluß,Kompression,Konstriktion,Stenose,Striktur,Ösophagus";"K222"
4527;"PerforationdesÖsophagus,Ösophagusruptur";"K223"
4528;"DyskinesiedesÖsophagus,DiffuseÖsophagusspasmen,Korkenzieherspeiseröhre,Speiseröhrenkrampf";"K224"
4529;"DivertikeldesÖsophagus,erworben,Ösophagustasche,erworben";"K225"
4530;"Mallory-Weiss-Syndrom,SchleimhautrisseinderKardiaregionmitHämorrhagie";"K226"
14478;"Barrett-Ösophagus";"K227"
4531;"SonstigenäherbezeichneteKrankheitendesÖsophagus,Ösophagusblutungo.n.A.";"K228"
4532;"KrankheitdesÖsophagus,nichtnäherbezeichnet";"K229"
4534;"TuberkulosedesÖsophagus(A18.8+)";"K230"
4536;"KrankheitendesÖsophagusbeisonstigenanderenortsklassifiziertenKrankheiten";"K238"
4538;"Ulcusventriculi\Akut,mitBlutung";"K250"
4539;"Ulcusventriculi\Akut,mitPerforation";"K251"
4540;"Ulcusventriculi\Akut,mitBlutungundPerforation";"K252"
4541;"Ulcusventriculi\Akut,ohneBlutungoderPerforation";"K253"
4542;"Ulcusventriculi\Chronischodernichtnäherbezeichnet,mitBlutung";"K254"
4543;"Ulcusventriculi\Chronischodernichtnäherbezeichnet,mitPerforation";"K255"
4544;"Ulcusventriculi\Chronischodernichtnäherbezeichnet,mitBlutungundPerforation";"K256"
4545;"Ulcusventriculi\Chronisch,ohneBlutungoderPerforation";"K257"
4546;"Ulcusventriculi\Wederalsakutnochalschronischbezeichnet,ohneBlutungoderPerforation";"K259"
4548;"Ulcusduodeni\Akut,mitBlutung";"K260"
4549;"Ulcusduodeni\Akut,mitPerforation";"K261"
4550;"Ulcusduodeni\Akut,mitBlutungundPerforation";"K262"
4551;"Ulcusduodeni\Akut,ohneBlutungoderPerforation";"K263"
4552;"Ulcusduodeni\Chronischodernichtnäherbezeichnet,mitBlutung";"K264"
4553;"Ulcusduodeni\Chronischodernichtnäherbezeichnet,mitPerforation";"K265"
4554;"Ulcusduodeni\Chronischodernichtnäherbezeichnet,mitBlutungundPerforation";"K266"
4555;"Ulcusduodeni\Chronisch,ohneBlutungoderPerforation";"K267"
4556;"Ulcusduodeni\Wederalsakutnochalschronischbezeichnet,ohneBlutungoderPerforation";"K269"
4558;"Ulcuspepticum,Lokalisationnichtnäherbezeichnet\Akut,mitBlutung";"K270"
4559;"Ulcuspepticum,Lokalisationnichtnäherbezeichnet\Akut,mitPerforation";"K271"
4560;"Ulcuspepticum,Lokalisationnichtnäherbezeichnet\Akut,mitBlutungundPerforation";"K272"
4561;"Ulcuspepticum,Lokalisationnichtnäherbezeichnet\Akut,ohneBlutungoderPerforation";"K273"
4562;"Ulcuspepticum,Lokalisationnichtnäherbezeichnet\Chronischodernichtnäherbezeichnet,mitBlutung";"K274"
4563;"Ulcuspepticum,Lokalisationnichtnäherbezeichnet\Chronischodernichtnäherbezeichnet,mitPerforation";"K275"
4564;"Ulcuspepticum,Lokalisationnichtnäherbezeichnet\Chronischodernichtnäherbezeichnet,mitBlutungundPerforation";"K276"
4565;"Ulcuspepticum,Lokalisationnichtnäherbezeichnet\Chronisch,ohneBlutungoderPerforation";"K277"
4566;"Ulcuspepticum,Lokalisationnichtnäherbezeichnet\Wederalsakutnochalschronischbezeichnet,ohneBlutungoderPerforation";"K279"
4568;"Ulcuspepticumjejuni\Akut,mitBlutung";"K280"
4569;"Ulcuspepticumjejuni\Akut,mitPerforation";"K281"
4570;"Ulcuspepticumjejuni\Akut,mitBlutungundPerforation";"K282"
4571;"Ulcuspepticumjejuni\Akut,ohneBlutungoderPerforation";"K283"
4572;"Ulcuspepticumjejuni\Chronischodernichtnäherbezeichnet,mitBlutung";"K284"
4573;"Ulcuspepticumjejuni\Chronischodernichtnäherbezeichnet,mitPerforation";"K285"
4574;"Ulcuspepticumjejuni\Chronischodernichtnäherbezeichnet,mitBlutungundPerforation";"K286"
4575;"Ulcuspepticumjejuni\Chronisch,ohneBlutungoderPerforation";"K287"
4576;"Ulcuspepticumjejuni\Wederalsakutnochalschronischbezeichnet,ohneBlutungoderPerforation";"K289"
4578;"AkutehämorrhagischeGastritis,Akute(erosive)GastritismitBlutung";"K290"
4579;"SonstigeakuteGastritis";"K291"
4580;"Alkoholgastritis";"K292"
4581;"ChronischeOberflächengastritis";"K293"
4582;"ChronischeatrophischeGastritis,Magenschleimhautatrophie";"K294"
4583;"ChronischeGastritis,nichtnäherbezeichnet,ChronischeGastritis:Antrum,Fundus";"K295"
4584;"SonstigeGastritis,Gastropathiahypertrophicagigantea,GranulomatöseGastritis,Ménétrier-Syndrom[HypertrophischeGastropathieMénétrier]";"K296"
4585;"Gastritis,nichtnäherbezeichnet";"K297"
4586;"Duodenitis";"K298"
4587;"Gastroduodenitis,nichtnäherbezeichnet";"K299"
4588;"Dyspepsie,Verdauungsstörung";"K30"
4590;"AkuteMagendilatation,AkuteDistensiondesMagens";"K310"
4591;"HypertrophischePylorusstenosebeimErwachsenen,Pylorusstenoseo.n.A.";"K311"
4592;"SanduhrförmigeStrikturundStenosedesMagens";"K312"
4593;"Pylorospasmus,anderenortsnichtklassifiziert";"K313"
4594;"Magendivertikel";"K314"
4595;"Duodenalverschluß,Duodenalileus(chronisch),Konstriktion,Stenose,Striktur,Duodenum";"K315"
4596;"FisteldesMagensunddesDuodenums,GastrojejunokolischeFistel,GastrokolischeFistel";"K316"
4597;"PolypdesMagensunddesDuodenums";"K317"
4598;"SonstigenäherbezeichneteKrankheitendesMagensunddesDuodenums,Achlorhydrie,Gastroptose,SanduhrförmigeMagenkontraktion";"K318"
4599;"KrankheitdesMagensunddesDuodenums,nichtnäherbezeichnet";"K319"
14479;"AkuteAppendizitismitgeneralisierterPeritonitis";"K352"
14480;"AkuteAppendizitismitlokalisierterPeritonitis";"K353"
14481;"AkuteAppendizitis,nichtnäherbezeichnet";"K358"
4604;"SonstigeAppendizitis,Appendizitis:chronisch,rezidivierend";"K36"
4605;"NichtnäherbezeichneteAppendizitis";"K37"
4607;"HyperplasiederAppendix";"K380"
4608;"Appendixkonkremente,Koprolith,KotsteinAppendix";"K381"
4609;"Appendixdivertikel";"K382"
4610;"Appendixfistel";"K383"
4611;"SonstigenäherbezeichneteKrankheitenderAppendix,InvaginationderAppendix";"K388"
4612;"KrankheitderAppendix,nichtnäherbezeichnet";"K389"
4614;"DoppelseitigeHerniainguinalismitEinklemmung,ohneGangrän";"K400"
4615;"DoppelseitigeHerniainguinalismitGangrän";"K401"
4616;"DoppelseitigeHerniainguinalis,ohneEinklemmungundohneGangrän,DoppelseitigeHerniainguinaliso.n.A.";"K402"
4617;"Herniainguinalis,einseitigoderohneSeitenangabe,mitEinklemmung,ohneGangrän,Herniainguinalis(einseitig):inkarzeriert,irreponibel,stranguliert,Verschlußverursachend,ohneGangrän";"K403"
4618;"Herniainguinalis,einseitigoderohneSeitenangabe,mitGangrän,Herniainguinaliso.n.A.,mitGangrän";"K404"
4619;"Herniainguinalis,einseitigoderohneSeitenangabe,ohneEinklemmungundohneGangrän,Herniainguinalis(einseitig)o.n.A.";"K409"
4621;"DoppelseitigeHerniafemoralismitEinklemmung,ohneGangrän";"K410"
4622;"DoppelseitigeHerniafemoralismitGangrän";"K411"
4623;"DoppelseitigeHerniafemoralisohneEinklemmungundohneGangrän,DoppelseitigeHerniafemoraliso.n.A.";"K412"
4624;"Herniafemoralis,einseitigoderohneSeitenangabe,mitEinklemmung,ohneGangrän,Herniafemoralis(einseitig):inkarzeriert,irreponibel,stranguliert,Verschlußverursachend,ohneGangrän";"K413"
4625;"Herniafemoralis,einseitigoderohneSeitenangabe,mitGangrän";"K414"
4626;"Herniafemoralis,einseitigoderohneSeitenangabe,ohneEinklemmungundohneGangrän,Herniafemoralis(einseitig)o.n.A.";"K419"
4628;"HerniaumbilicalismitEinklemmung,ohneGangrän,Herniaumbilicalis:inkarzeriert,irreponibel,stranguliert,Verschlußverursachend,ohneGangrän";"K420"
4629;"HerniaumbilicalismitGangrän,Herniaumbilicalisgangraenosa";"K421"
4630;"HerniaumbilicalisohneEinklemmungundohneGangrän,Herniaumbilicaliso.n.A.";"K429"
4632;"HerniaventralismitEinklemmung,ohneGangrän,Herniaventralis:inkarzeriert,irreponibel,stranguliert,Verschlußverursachend,ohneGangrän";"K430"
4633;"HerniaventralismitGangrän,Herniaventralisgangraenosa";"K431"
14568;"NarbenhernieohneEinklemmungundohneGangrän";"K432"
14569;"ParastomaleHerniemitEinklemmung,ohneGangrän";"K433"
14570;"ParastomaleHerniemitGangrän";"K434"
14571;"ParastomaleHernieohneEinklemmungundohneGangrän";"K435"
14572;"SonstigeundnichtnäherbezeichneteHerniaventralismitEinklemmung,ohneGangrän";"K436"
14573;"SonstigeundnichtnäherbezeichneteHerniaventralismitGangrän";"K437"
4634;"HerniaventralisohneEinklemmungundohneGangrän,Herniaventraliso.n.A.";"K439"
4636;"HerniadiaphragmaticamitEinklemmung,ohneGangrän,Herniadiaphragmatica:inkarzeriert,irreponibel,stranguliert,Verschlußverursachend,ohneGangrän";"K440"
4637;"HerniadiaphragmaticamitGangrän,Herniadiaphragmaticagangraenosa";"K441"
4638;"HerniadiaphragmaticaohneEinklemmungundohneGangrän,Herniadiaphragmaticao.n.A.";"K449"
4640;"SonstigenäherbezeichneteabdominaleHernienmitEinklemmung,ohneGangrän.JedeunterK45aufgeführteHernie:inkarzeriert,irreponibel,stranguliert,Verschlußverursachend,ohneGangrän";"K450"
4641;"SonstigenäherbezeichneteabdominaleHernienmitGangrän.JedeunterK45aufgeführteHerniemitGangrän";"K451"
4642;"SonstigenäherbezeichneteabdominaleHernienohneEinklemmungundohneGangrän";"K458"
4644;"NichtnäherbezeichneteabdominaleHerniemitEinklemmung,ohneGangrän.JedeunterK46aufgeführteHernie:inkarzeriert,irreponibel,stranguliert,Verschlußverursachend,ohneGangrän";"K460"
4645;"NichtnäherbezeichneteabdominaleHerniemitGangrän,JederunterK46aufgeführteHerniemitGangrän";"K461"
4646;"NichtnäherbezeichneteabdominaleHernieohneEinklemmungundohneGangrän,AbdominaleHernieo.n.A.";"K469"
4648;"Crohn-KrankheitdesDünndarmes,Crohn-Krankheit[Enteritisregionalis]:Duodenum,Ileum,Jejunum,Ileitis:regionalis,terminalis";"K500"
4649;"Crohn-KrankheitdesDickdarmes,Colitis:granulomatosa,regionalis,Crohn-Krankheit[Enteritisregionalis]:Dickdarm,Kolon,Rektum";"K501"
4650;"SonstigeCrohn-Krankheit,Crohn-KrankheitsowohldesDünndarmesalsauchdesDickdarmes";"K508"
4651;"Crohn-Krankheit,nichtnäherbezeichnet,Crohn-Krankheito.n.A.,Enteritisregionaliso.n.A.";"K509"
4653;"Ulzeröse(chronische)Enterokolitis";"K510"
4655;"Ulzeröse(chronische)Proktitis";"K512"
4656;"Ulzeröse(chronische)Rektosigmoiditis";"K513"
4657;"PseudopolyposisdesKolons";"K514"
4658;"ProktokolitisderSchleimhaut";"K515"
4659;"SonstigeColitisulcerosa";"K518"
4660;"Colitisulcerosa,nichtnäherbezeichnet,Enteritisulcerosao.n.A.";"K519"
4662;"GastroenteritisundKolitisdurchStrahleneinwirkung";"K520"
4663;"ToxischeGastroenteritisundKolitis";"K521"
4664;"AllergischeundalimentäreGastroenteritisundKolitis,GastroenteritisoderKolitisdurchNahrungsmittelallergie";"K522"
14482;"Colitisindeterminata";"K523"
4665;"SonstigenäherbezeichnetenichtinfektiöseGastroenteritisundKolitis,EosinophileGastritisoderGastroenteritis";"K528"
4666;"NichtinfektiöseGastroenteritisundKolitis,nichtnäherbezeichnet,Diarrhoe,Enteritis,Ileitis,Jejunitis,Sigmoiditis";"K529"
4668;"AkuteGefäßkrankheitendesDarmes,Akut:Darminfarkt,Dünndarmischämie,fulminanteischämischeKolitis,Mesenterial(Arterien)(Venen):Embolie,Infarkt,Thrombose,SubakuteischämischeKolitis";"K550"
4669;"ChronischeGefäßkrankheitendesDarmes,Chronisch,ischämisch:Enteritis,Enterokolitis,Kolitis,IschämischeDarmstrikturMesenterial:Atherosklerose,Gefäßinsuffizienz";"K551"
4670;"AngiodysplasiedesKolons";"K552"
4671;"SonstigeGefäßkrankheitendesDarmes";"K558"
4672;"GefäßkrankheitdesDarmes,nichtnäherbezeichnet,Ischämisch:Enteritis,Enterokolitis,Kolitis,o.n.A.";"K559"
4674;"ParalytischerIleus,Paralyse:Darm,Intestinum,Kolon";"K560"
4675;"Invagination,InvaginationoderIntussuszeption:Darm,Intestinum,Kolon,Rektum";"K561"
4676;"Volvulus.Achsendrehung,Strangulation,TorsiondesKolonoderIntestinum";"K562"
4677;"Gallensteinileus,DarmverschlußdurchGallensteine";"K563"
4678;"SonstigeObturationdesDarmes,Enterolith,Impaktion:Kolon,Kot,Kotstein";"K564"
4679;"IntestinaleAdhäsionen[Briden]mitIleus,Bridenileus,PeritonealeAdhäsionenmitDarmverschluß";"K565"
4680;"SonstigerundnichtnäherbezeichnetermechanischerIleus,Enterostenose,Obstruktionsileuso.n.A.,Okklusion,Stenose,Striktur,KolonoderIntestinum";"K566"
4681;"Ileus,nichtnäherbezeichnet";"K567"
4683;"DivertikulosedesDünndarmesmitPerforationundAbszeß,DivertikulosedesDünndarmesmitPeritonitis";"K570"
4684;"DivertikulosedesDünndarmesohnePerforationoderAbszeß,DivertikulosedesDünndarmeso.n.A.";"K571"
4685;"DivertikulosedesDickdarmesmitPerforationundAbszeß,DivertikulosedesKolonsmitPeritonitis";"K572"
4686;"DivertikulosedesDickdarmesohnePerforationoderAbszeß,DivertikulosedesKolonso.n.A.";"K573"
4687;"DivertikulosesowohldesDünndarmesalsauchdesDickdarmesmitPerforationundAbszeß,DivertikulosesowohldesDünndarmesalsauchdesDickdarmesmitPeritonitis";"K574"
4688;"DivertikulosesowohldesDünndarmesalsauchdesDickdarmesohnePerforationoderAbszeß,DivertikulosesowohldesDünndarmesalsauchdesDickdarmeso.n.A.";"K575"
4689;"DivertikulosedesDarmes,Teilnichtnäherbezeichnet,mitPerforationundAbszeß,DivertikulosedesDarmeso.n.A.mitPeritonitis";"K578"
4690;"DivertikulosedesDarmes,Teilnichtnäherbezeichnet,ohnePerforationoderAbszeß,DivertikulosedesDarmeso.n.A.";"K579"
4692;"ColonirritabilemitDiarrhoe";"K580"
4693;"ColonirritabileohneDiarrhoe,IrritablesKolono.n.A.";"K589"
4695;"Obstipation";"K590"
4696;"FunktionelleDiarrhoe";"K591"
4697;"NeurogeneDarmstörung,anderenortsnichtklassifiziert";"K592"
4698;"Megakolon,anderenortsnichtklassifiziert,DilatationdesKolons,ToxischesMegakolon";"K593"
4699;"Analspasmus,Proctalgiafugax";"K594"
4700;"SonstigenäherbezeichnetefunktionelleDarmstörungen,Kolonatonie";"K598"
4701;"FunktionelleDarmstörung,nichtnäherbezeichnet";"K599"
4703;"AkuteAnalfissur";"K600"
4704;"ChronischeAnalfissur";"K601"
4705;"Analfissur,nichtnäherbezeichnet";"K602"
4706;"Analfistel";"K603"
4707;"Rektalfistel,Rektum-Haut-Fistel";"K604"
4708;"Anorektalfistel";"K605"
4710;"Analabszeß,Perianalabszeß";"K610"
4711;"Rektalabszeß,Perirektalabszeß";"K611"
4712;"Anorektalabszeß";"K612"
4713;"Ischiorektalabszeß,AbszeßderFossaischioanalis";"K613"
4714;"IntrasphinktärerAbszeß";"K614"
4716;"Analpolyp";"K620"
4717;"Rektumpolyp";"K621"
4718;"Analprolaps,ProlapsdesAnalkanals";"K622"
4719;"Rektumprolaps,ProlapsderMastdarmschleimhaut";"K623"
4720;"StenosedesAnusunddesRektums,Analstriktur(Sphinkter)";"K624"
4721;"HämorrhagiedesAnusunddesRektums";"K625"
4722;"UlkusdesAnusunddesRektums,Solitärgeschwür,Ulcusstercoralis";"K626"
4723;"Strahlenproktitis";"K627"
4724;"SonstigenäherbezeichneteKrankheitendesAnusunddesRektums,Perforation(nichttraumatisch)desRektums,Proktitiso.n.A.";"K628"
4725;"KrankheitdesAnusunddesRektums,nichtnäherbezeichnet";"K629"
4727;"Darmabszeß";"K630"
4728;"PerforationdesDarmes(nichttraumatisch)";"K631"
4729;"Darmfistel";"K632"
4730;"Darmulkus,PrimärulkusdesDünndarmes";"K633"
4731;"Enteroptose";"K634"
4732;"PolypdesKolons";"K635"
4733;"SonstigenäherbezeichneteKrankheitendesDarmes";"K638"
4734;"Darmkrankheit,nichtnäherbezeichnet";"K639"
14574;"Hämorrhoiden1.Grades";"K640"
14575;"Hämorrhoiden2.Grades";"K641"
14576;"Hämorrhoiden3.Grades";"K642"
14577;"Hämorrhoiden4.Grades";"K643"
14578;"MariskenalsFolgezustandvonHämorrhoiden";"K644"
14579;"Perianalvenenthrombose";"K645"
14580;"SonstigeHämorrhoiden";"K648"
14581;"Hämorrhoiden,nichtnäherbezeichnet";"K649"
4736;"AkutePeritonitis";"K650"
4737;"SonstigePeritonitis,Chronisch-proliferativePeritonitis,GalligePeritonitis,Mesenteriale:Fettgewebsnekrose,Saponifikation,PeitonitisdurchUrin";"K658"
4738;"Peritonitis,nichtnäherbezeichnet";"K659"
4740;"PeritonealeAdhäsionen,Adhäsionen:abdominal(Bauchwand),Diaphragma,Intestinum,männlichesBecken,Magen,Mesenterium,Omentum,Adhäsionsstränge";"K660"
4741;"Hämoperitoneum";"K661"
4742;"SonstigenäherbezeichneteKrankheitendesPeritoneums";"K668"
4743;"KrankheitdesPeritoneums,nichtnäherbezeichnet";"K669"
4745;"Chlamydienperitonitis(A74.8+)";"K670"
4746;"Gonokokkenperitonitis(A54.8+)";"K671"
4748;"TuberkulösePeritonitis(A18.3+)";"K673"
4749;"SonstigeKrankheitendesPeritoneumsbeianderenortsklassifiziertenInfektionskrankheiten";"K678"
4751;"AlkoholischeFettleber";"K700"
4752;"AlkoholischeHepatitis";"K701"
4753;"AlkoholischeFibroseundSklerosederLeber";"K702"
4754;"AlkoholischeLeberzirrhose,AlkoholischeZirrhoseo.n.A.";"K703"
4755;"AlkoholischesLeberversagen,AlkoholischesLeberversagen:akut,chronisch,mitoderohneComahepaticum,subakut,o.n.A.";"K704"
4756;"AlkoholischeLeberkrankheit,nichtnäherbezeichnet";"K709"
4758;"ToxischeLeberkrankheitmitCholestase,CholestasemitLeberzellschädigung,ReineCholestase";"K710"
4759;"ToxischeLeberkrankheitmitLebernekrose,Leberversagen(akut)(chronisch)durchArzneimitteloderDrogen";"K711"
4760;"ToxischeLeberkrankheitmitakuterHepatitis";"K712"
4761;"ToxischeLeberkrankheitmitchronisch-persistierenderHepatitis";"K713"
4762;"ToxischeLeberkrankheitmitchronischerlobulärerHepatitis";"K714"
4763;"ToxischeLeberkrankheitmitchronisch-aktiverHepatitis,ToxischeLeberkrankheitmitlupoiderHepatitis";"K715"
4764;"ToxischeLeberkrankheitmitHepatitis,anderenortsnichtklassifiziert";"K716"
4765;"ToxischeLeberkrankheitmitFibroseundZirrhosederLeber";"K717"
4766;"ToxischeLeberkrankheitmitsonstigenAffektionenderLeber";"K718"
4767;"ToxischeLeberkrankheit,nichtnäherbezeichnet";"K719"
4769;"AkutesundsubakutesLeberversagen";"K720"
4770;"ChronischesLeberversagen";"K721"
4771;"Leberversagen,nichtnäherbezeichnet";"K729"
4773;"ChronischepersistierendeHepatitis,anderenortsnichtklassifiziert";"K730"
4774;"ChronischelobuläreHepatitis,anderenortsnichtklassifiziert";"K731"
4775;"ChronischeaktiveHepatitis,anderenortsnichtklassifiziert,LupoideHepatitis,anderenortsnichtklassifiziert";"K732"
4776;"SonstigechronischeHepatitis,anderenortsnichtklassifiziert";"K738"
4777;"ChronischeHepatitis,nichtnäherbezeichnet";"K739"
4779;"Leberfibrose";"K740"
4780;"Lebersklerose";"K741"
4781;"LeberfibrosemitLebersklerose";"K742"
4782;"PrimärebiliäreZirrhose,ChronischenichteitrigedestruktiveCholangitis";"K743"
4783;"SekundärebiliäreZirrhose";"K744"
4784;"BiliäreZirrhose,nichtnäherbezeichnet";"K745"
4785;"SonstigeundnichtnäherbezeichneteZirrhosederLeber,Zirrhose(Leber):kryptogen,makronodulär,mikronodulär,Mischform,portal,postnekrotisch,o.n.A.";"K746"
4787;"Leberabszeß,Leberabszeß:cholangitisch,hämatogen,lymphogen,pylephlebitisch,o.n.A.";"K750"
4788;"PhlebitisderPfortader,Pylephlebitis";"K751"
4789;"UnspezifischereaktiveHepatitis";"K752"
4790;"GranulomatöseHepatitis,anderenortsnichtklassifiziert";"K753"
4791;"AutoimmuneHepatitis";"K754"
4792;"SonstigenäherbezeichneteentzündlicheLeberkrankheiten";"K758"
4793;"EntzündlicheLeberkrankheit,nichtnäherbezeichnet,Hepatitiso.n.A.";"K759"
4795;"Fettleber[fettigeDegeneration],anderenortsnichtklassifiziert";"K760"
4796;"ChronischeStauungsleber,Kardiale:Lebersklerose,Leberzirrhose(sogenannt)";"K761"
4797;"ZentralehämorrhagischeLebernekrose";"K762"
4798;"Leberinfarkt";"K763"
4799;"Peliosishepatis,AngiomatosederLeber";"K764"
4800;"VenöseokklusiveLeberkrankheit[Stuart-Bras-Syndrom]";"K765"
4801;"PortaleHypertonie";"K766"
4802;"HepatorenalesSyndrom";"K767"
4803;"SonstigenäherbezeichneteKrankheitenderLeber,FokalenoduläreHyperplasiederLeber,Hepatoptose";"K768"
4804;"Leberkrankheit,nichtnäherbezeichnet";"K769"
4806;"LeberkrankheitenbeianderenortsklassifizierteninfektiösenundparasitärenKrankheiten";"K770"
4807;"LeberkrankheitenbeisonstigenanderenortsklassifiziertenKrankheiten";"K778"
4809;"GallenblasensteinmitakuterCholezystitis.JederunterK80.2aufgeführteZustandmitakuterCholezystitis";"K800"
4810;"GallenblasensteinmitsonstigerCholezystitis,CholezystitismitCholelithiasiso.n.A.,JederunterK80.2aufgeführteZustandmitCholezystitis(chronisch)";"K801"
4811;"GallenblasensteinohneCholezystitis,Cholelithiasis,Cholezystolithiasis";"K802"
4812;"GallengangssteinmitCholangitis,JederunterK80.5aufgeführteZustandmitCholangitis";"K803"
4813;"GallengangssteinmitCholezystitis,JederunterK80.5aufgeführteZustandmitCholezystitis(mitCholangitis)";"K804"
4814;"GallengangssteinohneCholangitisoderCholezystitis";"K805"
4815;"SonstigeCholelithiasis";"K808"
4817;"AkuteCholezystitis,Angiocholezystitis,Cholezystitis:eitrig,emphysematös(akut),gangränös,Gallenblasenabszeß,Gallenblasenempyem,Gallenblasengangrän,ohneGallenstein";"K810"
4818;"ChronischeCholezystitis";"K811"
4819;"SonstigeFormenderCholezystitis";"K818"
4820;"Cholezystitis,nichtnäherbezeichnet";"K819"
4822;"VerschlußderGallenblase,Okklusion,Stenose,Striktur,DuctuscysticusoderGallenblase,ohneStein";"K820"
4823;"HydropsderGallenblase,MukozelederGallenblase";"K821"
4824;"PerforationderGallenblase,RupturvonDuctuscysticusoderGallenblase";"K822"
4825;"Gallenblasenfistel,Fistula:cholecystocolica,cholecystoduodenalis";"K823"
4826;"CholesteatosederGallenblase,Stippchengallenblase";"K824"
4827;"SonstigenäherbezeichneteKrankheitenderGallenblase,Adhäsionen,Atrophie,Dyskinesie,Funktionsuntüchtigkeit,Hypertrophie,Ulkus,Zyste,DuctuscysticusoderGallenblase";"K828"
4828;"KrankheitderGallenblase,nichtnäherbezeichnet";"K829"
4830;"Cholangitis,Cholangitis:aszendierend,eitrig,primär,rezidivierend,sekundär,sklerosierend,stenosierend,o.n.A.";"K830"
4831;"VerschlußdesGallenganges,Okklusion,Stenose,Striktur,GallengangohneGallenstein";"K831"
4832;"PerforationdesGallenganges,RupturdesGallenganges";"K832"
4833;"FisteldesGallenganges,Choledochoduodenalfistel";"K833"
4834;"SpasmusdesSphinkterOddi";"K834"
4835;"BiliäreZyste";"K835"
4836;"SonstigenäherbezeichneteKrankheitenderGallenwege,Adhäsionen,Atrophie,Hypertrophie,Ulkus,Gallengang";"K838"
4837;"KrankheitderGallenwege,nichtnäherbezeichnet";"K839"
14483;"IdiopathischeakutePankreatitis";"K850"
14484;"BiliäreakutePankreatitis";"K851"
14485;"AlkoholinduzierteakutePankreatitis";"K852"
14486;"Medikamenten-induzierteakutePankreatitis";"K853"
14487;"SonstigeakutePankreatitis";"K858"
14488;"AkutePankreatitis,nichtnäherbezeichnet";"K859"
4840;"AlkoholinduziertechronischePankreatitis";"K860"
4841;"SonstigechronischePankreatitis,ChronischePankreatitis:infektiös,rekurrierend,rezidivierend,o.n.A.";"K861"
4842;"Pankreaszyste";"K862"
4843;"PseudozystedesPankreas";"K863"
4844;"SonstigenäherbezeichneteKrankheitendesPankreas,Atrophie,Fibrose,Stein,Zirrhose,Pankreas,Infantilismuspancreaticus,Pankreasfettgewebsnekrose,Pankreasnekrose:aseptisch,o.n.A.";"K868"
4845;"KrankheitdesPankreas,nichtnäherbezeichnet";"K869"
4847;"KrankheitenderGallenblaseundderGallenwegebeianderenortsklassifiziertenKrankheiten";"K870"
4848;"KrankheitendesPankreasbeianderenortsklassifiziertenKrankheiten,PankreatitisbeiMumps(B26.3+),PankreatitisbeiZytomegalie(B25.2+)";"K871"
4850;"Zöliakie,Einheimische(nichttropische)Sprue,Gluten-sensitiveEnteropathie,IdiopathischeSteatorrhoe";"K900"
4851;"TropischeSprue,Sprueo.n.A.,TropischeSteatorrhoe";"K901"
4852;"SyndromderblindenSchlinge,anderenortsnichtklassifiziert,SyndromderblindenSchlinge[Blind-loop-Syndrom]o.n.A.";"K902"
4853;"PankreatogeneSteatorrhoe";"K903"
4854;"MalabsorptiondurchIntoleranz,anderenortsnichtklassifiziert,MalabsorptiondurchIntoleranzgegenüber:Eiweiß,Fett,Kohlenhydrat,Stärke";"K904"
4855;"SonstigeintestinaleMalabsorption,Whipple-Krankheit+(M14.8*)";"K908"
4856;"IntestinaleMalabsorption,nichtnäherbezeichnet";"K909"
4858;"ErbrechennachgastrointestinalemchirurgischemEingriff";"K910"
4859;"SyndromedesoperiertenMagens,Dumping-Syndrom,Postgastrektomie-Syndrom,Postvagotomie-Syndrom";"K911"
4860;"MalabsorptionnachchirurgischemEingriff,anderenortsnichtklassifiziert,SyndromderblindenSchlingenachchirurgischemEingriff";"K912"
4861;"PostoperativerDarmverschluß";"K913"
4862;"FunktionsstörungnachKolostomieoderEnterostomie";"K914"
4863;"Postcholezystektomie-Syndrom";"K915"
4864;"SonstigeKrankheitendesVerdauungssystemsnachmedizinischenMaßnahmen,anderenortsnichtklassifiziert";"K918"
4865;"KrankheitdesVerdauungssystemsnachmedizinischenMaßnahmen,nichtnäherbezeichnet";"K919"
4867;"Hämatemesis";"K920"
4868;"Meläna";"K921"
4869;"GastrointestinaleBlutung,nichtnäherbezeichnet,Blutung:Darmo.n.A.,Mageno.n.A.";"K922"
4870;"SonstigenäherbezeichneteKrankheitendesVerdauungssystems";"K928"
4871;"KrankheitdesVerdauungssystems,nichtnäherbezeichnet";"K929"
4873;"TuberkulosedesDarmes,desPeritoneumsundderMesenteriallymphknoten(A18.3+)";"K930"
4875;"KrankheitensonstigernäherbezeichneterVerdauungsorganebeianderenortsklassifiziertenKrankheiten";"K938"
4876;"Staphylococcalscaldedskinsyndrome[SSS-Syndrom],Dermatitisexfoliativaneonatorum[Ritter(-von-Rittershain)],Pemphigusacutusneonatorum";"L00"
4878;"Impetigocontagiosa[jederErreger][jedeLokalisation],Folliculitissuperficialis[Bockhart]";"L010"
4879;"SekundäreImpetiginisationandererDermatosen";"L011"
4881;"Hautabszeß,FurunkelundKarbunkelimGesicht";"L020"
4882;"Hautabszeß,FurunkelundKarbunkelamHals";"L021"
4883;"Hautabszeß,FurunkelundKarbunkelamRumpf,Bauchdecke,Brustwand,Damm,Leistenbeuge,Nabel,Rücken[jederTeil,ausgenommenGesäß]";"L022"
4884;"Hautabszeß,FurunkelundKarbunkelamGesäß,Glutäalregion";"L023"
4885;"Hautabszeß,FurunkelundKarbunkelanExtremitäten,Achselhöhle,Hüfte,Schulter";"L024"
4886;"Hautabszeß,FurunkelundKarbunkelansonstigenLokalisationen,BehaarteKopfhaut,Kopf[jederTeil,ausgenommenGesicht]";"L028"
4887;"Hautabszeß,FurunkelundKarbunkel,nichtnäherbezeichnet,Furunkuloseo.n.A.";"L029"
4889;"PhlegmoneanFingernundZehen,InfektiondesNagels,Onychie,Paronychie,Perionychie";"L030"
4890;"PhlegmoneansonstigenTeilenderExtremitäten,Achselhöhle,Hüfte,Schulter";"L031"
4891;"PhlegmoneimGesicht";"L032"
4892;"PhlegmoneamRumpf,Bauchdecke,Brustwand,Damm,Leistenbeuge,Nabel,Rücken[jederTeil]";"L033"
4893;"PhlegmoneansonstigenLokalisationen,BehaarteKopfhaut,Kopf[jederTeil,ausgenommenGesicht]";"L038"
4894;"Phlegmone,nichtnäherbezeichnet";"L039"
4896;"AkuteLymphadenitisanGesicht,KopfundHals";"L040"
4897;"AkuteLymphadenitisamRumpf";"L041"
4898;"AkuteLymphadenitisanderoberenExtremität,Achselhöhle,Schulter";"L042"
4899;"AkuteLymphadenitisanderunterenExtremität,Hüfte";"L043"
4900;"AkuteLymphadenitisansonstigenLokalisationen";"L048"
4901;"AkuteLymphadenitis,nichtnäherbezeichnet";"L049"
4903;"PilonidalzystemitAbszeß";"L050"
4904;"PilonidalzysteohneAbszeß,Pilonidalzysteo.n.A.";"L059"
4906;"Pyodermie,Dermatitis:purulenta,septica,suppurativa";"L080"
4907;"Erythrasma";"L081"
4908;"SonstigenäherbezeichnetelokaleInfektionenderHautundderUnterhaut";"L088"
4909;"LokaleInfektionderHautundderUnterhaut,nichtnäherbezeichnet";"L089"
4911;"Pemphigusvulgaris";"L100"
4912;"Pemphigusvegetans";"L101"
4913;"Pemphigusfoliaceus";"L102"
4914;"BrasilianischerPemphigus[fogoselvagem]";"L103"
4915;"Pemphiguserythematosus,Senear-Usher-Syndrom";"L104"
4916;"ArzneimittelinduzierterPemphigus";"L105"
4917;"SonstigePemphiguskrankheiten";"L108"
4918;"Pemphiguskrankheit,nichtnäherbezeichnet";"L109"
4920;"ErworbeneKeratosisfollicularis";"L110"
4921;"TransitorischeakantholytischeDermatose[Grover]";"L111"
4922;"SonstigenäherbezeichneteakantholytischeDermatosen";"L118"
4923;"AkantholytischeDermatose,nichtnäherbezeichnet";"L119"
4925;"BullösesPemphigoid";"L120"
4926;"VernarbendesPemphigoid,BenignesSchleimhautpemphigoid";"L121"
4927;"Chronisch-bullöseDermatosedesKindesalters";"L122"
4928;"ErworbeneEpidermolysisbullosa";"L123"
4929;"SonstigePemphigoidkrankheiten";"L128"
4930;"Pemphigoidkrankheit,nichtnäherbezeichnet";"L129"
4932;"Dermatitisherpetiformis[Duhring]";"L130"
4933;"Pustulosissubcornealis[Sneddon-Wilkinson]";"L131"
4934;"SonstigenäherbezeichnetebullöseDermatosen";"L138"
4935;"BullöseDermatose,nichtnäherbezeichnet";"L139"
4936;"BullöseDermatosenbeianderenortsklassifiziertenKrankheiten";"L14"
4938;"PrurigoBesnier";"L200"
4939;"Sonstigesatopisches[endogenes]Ekzem,EkzemderSäuglingeundKinder(akut)(chronisch),Ekzem,intrinsisch(allergisch),Ekzemaflexurarum,anderenortsnichtklassifiziert,Milchschorf,endogen";"L208"
4940;"Atopisches[endogenes]Ekzem,nichtnäherbezeichnet";"L209"
4942;"Seborrhoeacapitis,Milchschorf,seborrhoisch";"L210"
4943;"SeborrhoischesEkzemderKinder";"L211"
4944;"SonstigesseborrhoischesEkzem";"L218"
4945;"SeborrhoischesEkzem,nichtnäherbezeichnet";"L219"
4946;"Windeldermatitis,PsoriasiformeWindeldermatitis,Windel-:Ausschlag,Erythem";"L22"
4948;"AllergischeKontaktdermatitisdurchMetalle,Chrom,Nickel";"L230"
4949;"AllergischeKontaktdermatitisdurchKlebstoffe";"L231"
4950;"AllergischeKontaktdermatitisdurchKosmetika";"L232"
4951;"AllergischeKontaktdermatitisdurchDrogenoderArzneimittelbeiHautkontakt";"L233"
4952;"AllergischeKontaktdermatitisdurchFarbstoffe";"L234"
4953;"AllergischeKontaktdermatitisdurchsonstigechemischeProdukte,Gummi,Insektizid,Kunststoff,Zement";"L235"
4954;"AllergischeKontaktdermatitisdurchNahrungsmittelbeiHautkontakt";"L236"
4955;"AllergischeKontaktdermatitisdurchPflanzen,ausgenommenNahrungsmittel";"L237"
4956;"AllergischeKontaktdermatitisdurchsonstigeAgenzien";"L238"
4957;"AllergischeKontaktdermatitis,nichtnäherbezeichneteUrsache,AllergischesKontaktekzemo.n.A.";"L239"
4959;"ToxischeKontaktdermatitisdurchDetergenzien";"L240"
4960;"ToxischeKontaktdermatitisdurchÖleundFette";"L241"
4961;"ToxischeKontaktdermatitisdurchLösungsmittel,Lösungsmittel:Chlorverbindung,Cyclohexan,Ester,Glykol,Keton,Kohlenwasserstoff";"L242"
4962;"ToxischeKontaktdermatitisdurchKosmetika";"L243"
4963;"ToxischeKontaktdermatitisdurchDrogenoderArzneimittelbeiHautkontakt";"L244"
4964;"ToxischeKontaktdermatitisdurchsonstigechemischeProdukte,Insektizid,Zement";"L245"
4965;"ToxischeKontaktdermatitisdurchNahrungsmittelbeiHautkontakt";"L246"
4966;"ToxischeKontaktdermatitisdurchPflanzen,ausgenommenNahrungsmittel";"L247"
4967;"ToxischeKontaktdermatitisdurchsonstigeAgenzien,Farbstoffe";"L248"
4968;"ToxischeKontaktdermatitis,nichtnäherbezeichneteUrsache,ToxischesKontaktekzemo.n.A.";"L249"
4970;"NichtnäherbezeichneteKontaktdermatitisdurchKosmetika";"L250"
4971;"NichtnäherbezeichneteKontaktdermatitisdurchDrogenoderArzneimittelbeiHautkontakt";"L251"
4972;"NichtnäherbezeichneteKontaktdermatitisdurchFarbstoffe";"L252"
4973;"NichtnäherbezeichneteKontaktdermatitisdurchsonstigechemischeProdukte,Insektizid,Zement";"L253"
4974;"NichtnäherbezeichneteKontaktdermatitisdurchNahrungsmittelbeiHautkontakt";"L254"
4975;"NichtnäherbezeichneteKontaktdermatitisdurchPflanzen,ausgenommenNahrungsmittel";"L255"
4976;"NichtnäherbezeichneteKontaktdermatitisdurchsonstigeAgenzien";"L258"
4977;"NichtnäherbezeichneteKontaktdermatitis,nichtnäherbezeichneteUrsache,Kontakt-:Dermatitis(berufsbedingt)o.n.A.,Ekzem(berufsbedingt)o.n.A.";"L259"
4978;"ExfoliativeDermatitis,Pityriasisrubra[Hebra]";"L26"
4980;"GeneralisierteHauteruptiondurchDrogenoderArzneimittel";"L270"
4981;"LokalisierteHauteruptiondurchDrogenoderArzneimittel";"L271"
4982;"DermatitisdurchaufgenommeneNahrungsmittel";"L272"
4983;"Dermatitisdurchsonstigeoral,enteraloderparenteralaufgenommeneSubstanzen";"L278"
4984;"Dermatitisdurchnichtnäherbezeichneteoral,enteraloderparenteralaufgenommeneSubstanz";"L279"
4986;"Lichensimplexchronicus[Vidal],Licheno.n.A.,Neurodermitischronicacircumscripta";"L280"
4987;"Prurigonodularis";"L281"
4988;"SonstigePrurigo.Prurigo:Hebra,mitis,o.n.A.,Urticariapapulosa";"L282"
4990;"Pruritusani";"L290"
4991;"Pruritusscrotalis";"L291"
4992;"Pruritusvulvae";"L292"
4993;"Pruritusanogenitalis,nichtnäherbezeichnet";"L293"
4994;"SonstigerPruritus";"L298"
4995;"Pruritus,nichtnäherbezeichnet,Juckreizo.n.A.";"L299"
4997;"NummuläresEkzem";"L300"
4998;"Dyshidrosis[Pompholyx]";"L301"
4999;"AutosensibilisierungderHaut[Id-Reaktion],Candida-Mykid[Levurid],Dermatophytid,Ekzematid";"L302"
5000;"EkzematoideDermatitis,InfektiöseDermatitis,SuperinfiziertesEkzem";"L303"
5001;"IntertriginösesEkzem";"L304"
5002;"Pityriasisalbafaciei";"L305"
5003;"SonstigenäherbezeichneteDermatitis";"L308"
5004;"Dermatitis,nichtnäherbezeichnet,Ekzemo.n.A.";"L309"
5006;"Psoriasisvulgaris,Psoriasisnummularis";"L400"
5007;"GeneralisiertePsoriasispustulosa,Impetigoherpetiformis,Psoriasispustulosa,TypZumbusch";"L401"
5008;"Akrodermatitiscontinuasuppurativa[Hallopeau]";"L402"
5009;"Psoriasispustulosapalmoplantaris";"L403"
5010;"Psoriasisguttata";"L404"
5011;"Psoriasis-Arthropathie";"L405"
5012;"SonstigePsoriasis,Psoriasisinversa";"L408"
5013;"Psoriasis,nichtnäherbezeichnet";"L409"
5015;"Pityriasislichenoidesetvarioliformisacuta[Mucha-Habermann]";"L410"
5016;"Parapsoriasisguttata";"L411"
5018;"KleinfleckigeParapsoriasisenplaques";"L413"
5019;"GroßfleckigeParapsoriasisenplaques";"L414"
5021;"SonstigeParapsoriasis";"L418"
5022;"Parapsoriasis,nichtnäherbezeichnet";"L419"
5023;"Pityriasisrosea";"L42"
5025;"Lichenruberhypertrophicus";"L430"
5026;"Lichenruberpemphigoides";"L431"
5027;"LichenoideArzneimittelreaktion";"L432"
5028;"SubakuterLichenruberplanus(aktiv),Lichenplanustropicus";"L433"
5029;"SonstigerLichenruberplanus";"L438"
5030;"Lichenruberplanus,nichtnäherbezeichnet";"L439"
5032;"Pityriasisrubrapilaris";"L440"
5033;"Lichennitidus";"L441"
5034;"Lichenstriatus";"L442"
5035;"Lichenrubermoniliformis";"L443"
5036;"InfantilepapulöseAkrodermatitis[Gianotti-Crosti-Syndrom]";"L444"
5037;"SonstigenäherbezeichnetepapulosquamöseHautkrankheiten";"L448"
5038;"PapulosquamöseHautkrankheit,nichtnäherbezeichnet";"L449"
5041;"AllergischeUrtikaria";"L500"
5042;"IdiopathischeUrtikaria";"L501"
5043;"UrtikariadurchKälteoderWärme";"L502"
5044;"Urticariafactitia,UrtikariellerDermographismus";"L503"
5045;"Urticariamechanica";"L504"
5046;"CholinergischeUrtikaria";"L505"
5047;"Kontakturtikaria";"L506"
5048;"SonstigeUrtikaria,Urtikaria:chronisch,rezidivierend,periodisch";"L508"
5049;"Urtikaria,nichtnäherbezeichnet";"L509"
5051;"NichtbullösesErythemaexsudativummultiforme";"L510"
5052;"BullösesErythemaexsudativummultiforme,Stevens-Johnson-Syndrom";"L511"
5053;"ToxischeepidermaleNekrolyse[Lyell-Syndrom]";"L512"
5054;"SonstigesErythemaexsudativummultiforme";"L518"
5055;"Erythemaexsudativummultiforme,nichtnäherbezeichnet";"L519"
5056;"Erythemanodosum";"L52"
5058;"Erythematoxicum";"L530"
5059;"Erythemaanularecentrifugum";"L531"
5060;"Erythemamarginatum";"L532"
5061;"SonstigesfigurierteschronischesErythem";"L533"
5062;"SonstigenäherbezeichneteerythematöseKrankheiten";"L538"
5063;"ErythematöseKrankheit,nichtnäherbezeichnet,Erythemo.n.A.,Erythrodermieo.n.A.";"L539"
5066;"ErythembeisonstigenanderenortsklassifiziertenKrankheiten";"L548"
5068;"Dermatitissolarisacuta1.Grades";"L550"
5069;"Dermatitissolarisacuta2.Grades";"L551"
5071;"SonstigeDermatitissolarisacuta";"L558"
5072;"Dermatitissolarisacuta,nichtnäherbezeichnet";"L559"
5074;"PhototoxischeReaktionaufArzneimittel";"L560"
5075;"PhotoallergischeReaktionaufArzneimittel";"L561"
5076;"PhototoxischeKontaktdermatitis,Berloque-Dermatitis";"L562"
5077;"Urticariasolaris";"L563"
5078;"PolymorpheLichtdermatose";"L564"
5079;"SonstigenäherbezeichneteakuteHautveränderungendurchUltraviolettstrahlen";"L568"
5080;"AkuteHautveränderungdurchUltraviolettstrahlen,nichtnäherbezeichnet";"L569"
5082;"AktinischeKeratose,Keratoseo.n.A.,Keratosissenilis,Keratosissolaris";"L570"
5083;"AktinischesRetikuloid";"L571"
5084;"Cutisrhomboidalisnuchae";"L572"
5085;"Poikilodermiareticularis[Civatte]";"L573"
5086;"Cutislaxasenilis,AktinischeElastose,senil,Elastosissenilis";"L574"
5087;"Strahlengranulom";"L575"
5088;"SonstigeHautveränderungendurchchronischeExpositiongegenübernichtionisierenderStrahlung,Landmannshaut,Seemannshaut,SonnendermatitisdurchchronischeLichtexposition";"L578"
5089;"HautveränderungdurchchronischeExpositiongegenübernichtionisierenderStrahlung,nichtnäherbezeichnet";"L579"
5091;"AkuteRadiodermatitis";"L580"
5092;"ChronischeRadiodermatitis";"L581"
5093;"Radiodermatitis,nichtnäherbezeichnet";"L589"
5095;"Erythemaabigne,ChronischerWärmeschaden";"L590"
5096;"SonstigenäherbezeichneteKrankheitenderHautundderUnterhautdurchStrahleneinwirkung";"L598"
5097;"KrankheitderHautundderUnterhautdurchStrahleneinwirkung,nichtnäherbezeichnet";"L599"
5099;"Unguisincarnatus,EingewachsenerNagel";"L600"
5100;"Onycholysis";"L601"
5101;"Onychogryposis[Onychogryphosis]";"L602"
5102;"Nageldystrophie";"L603"
5103;"Beau-Reil-Querfurchen(derNägel)";"L604"
5104;"Yellow-nail-Syndrom[SyndromdergelbenNägel]";"L605"
5105;"SonstigeKrankheitenderNägel";"L608"
5106;"KrankheitderNägel,nichtnäherbezeichnet";"L609"
5108;"PachydermoperiostosemitUhrglasnägeln(M89.4+)";"L620"
5109;"KrankheitenderNägelbeisonstigenanderenortsklassifiziertenKrankheiten";"L628"
5111;"Alopecia(cranialis)totalis";"L630"
5112;"Alopeciauniversalis";"L631"
5113;"Ophiasis";"L632"
5114;"SonstigeAlopeciaareata";"L638"
5115;"Alopeciaareata,nichtnäherbezeichnet";"L639"
5117;"ArzneimittelinduzierteAlopeciaandrogenetica";"L640"
5118;"SonstigeAlopeciaandrogenetica";"L648"
5119;"Alopeciaandrogenetica,nichtnäherbezeichnet";"L649"
5121;"Telogeneffluvium";"L650"
5122;"Anageneffluvium";"L651"
5123;"Alopeciamucinosa[Pinkus]";"L652"
5124;"SonstigernäherbezeichneterHaarausfallohneNarbenbildung";"L658"
5125;"HaarausfallohneNarbenbildung,nichtnäherbezeichnet,Alopeciao.n.A.";"L659"
5127;"PseudopeladeBrocq";"L660"
5128;"Lichenplanopilaris,Lichenruberfollicularis";"L661"
5129;"Folliculitisdecalvans";"L662"
5130;"FolliculitisetPerifolliculitiscapitisabscedensetsuffodiens[Hoffmann]";"L663"
5131;"Atrophodermiavermiculata,Folliculitisulerythematosareticulata,Ulerythemaacneiforme";"L664"
5132;"SonstigenarbigeAlopezie";"L668"
5133;"NarbigeAlopezie,nichtnäherbezeichnet";"L669"
5135;"Trichorrhexisnodosa";"L670"
5136;"VeränderungenderHaarfarbe,Canities,Ergrauen(vorzeitig),HeterochromiederHaare,Poliosis:circumscripta,erworben,o.n.A.";"L671"
5137;"SonstigeAnomalienderHaarfarbeunddesHaarschaftes,Fragilitascrinium";"L678"
5138;"AnomaliederHaarfarbeunddesHaarschaftes,nichtnäherbezeichnet";"L679"
5140;"Hirsutismus";"L680"
5141;"Hypertrichosislanuginosaacquisita";"L681"
5142;"LokalisierteHypertrichose";"L682"
5144;"SonstigeHypertrichose";"L688"
5145;"Hypertrichose,nichtnäherbezeichnet";"L689"
5147;"Acnevulgaris";"L700"
5148;"Acneconglobata";"L701"
5149;"Acnevarioliformis,Acnenecroticansmiliaris";"L702"
5151;"Acneinfantum";"L704"
5152;"Acneexcoriéedesjeunesfilles";"L705"
5153;"SonstigeAkne";"L708"
5154;"Akne,nichtnäherbezeichnet";"L709"
5156;"PerioraleDermatitis";"L710"
5157;"Rhinophym";"L711"
5158;"SonstigeRosazea";"L718"
5159;"Rosazea,nichtnäherbezeichnet";"L719"
5161;"Epidermalzyste";"L720"
5162;"Trichilemmalzyste,Atherom,Pilarzyste";"L721"
5163;"Steatocystomamultiplex";"L722"
5164;"SonstigefollikuläreZystenderHautundderUnterhaut";"L728"
5165;"FollikuläreZystederHautundderUnterhaut,nichtnäherbezeichnet";"L729"
5167;"Aknekeloid[Folliculitissclerotisansnuchae]";"L730"
5168;"Pseudofolliculitisbarbae";"L731"
5169;"Hidradenitissuppurativa";"L732"
5170;"SonstigenäherbezeichneteKrankheitenderHaarfollikel,Folliculitisbarbae";"L738"
5171;"KrankheitderHaarfollikel,nichtnäherbezeichnet";"L739"
5173;"Miliariarubra";"L740"
5174;"Miliariacristallina";"L741"
5175;"Miliariaprofunda,Miliariatropica";"L742"
5176;"Miliaria,nichtnäherbezeichnet";"L743"
5177;"Anhidrosis,Hypohidrosis";"L744"
5178;"SonstigeKrankheitenderekkrinenSchweißdrüsen";"L748"
5179;"KrankheitderekkrinenSchweißdrüsen,nichtnäherbezeichnet,KrankheitderSchweißdrüseno.n.A.";"L749"
5183;"ApokrineMiliaria,Fox-Fordyce-Krankheit";"L752"
5184;"SonstigeKrankheitenderapokrinenSchweißdrüsen";"L758"
5185;"KrankheitderapokrinenSchweißdrüsen,nichtnäherbezeichnet";"L759"
5186;"Vitiligo";"L80"
5188;"PostinflammatorischeHyperpigmentierung";"L810"
5189;"Chloasma[Melasma]";"L811"
5191;"Café-au-lait-Flecken";"L813"
5192;"SonstigeMelanin-Hyperpigmentierung,Lentigo";"L814"
5193;"Leukoderm,anderenortsnichtklassifiziert";"L815"
5194;"SonstigeStörungendurchverminderteMelaninbildung";"L816"
5195;"Pigmentpurpura,Angiomaserpiginosum,EssentielleTeleangiektasie";"L817"
5196;"SonstigenäherbezeichneteStörungenderHautpigmentierung,PigmentierungdurchEisenablagerung,Tätowierung";"L818"
5197;"StörungderHautpigmentierung,nichtnäherbezeichnet";"L819"
5198;"SeborrhoischeKeratose,Dermatosispapulosanigra,Leser-Trélat-Syndrom";"L82"
5199;"Acanthosisnigricans,Papillomatosisconfluensetreticularis[Gougerot-Carteaud]";"L83"
5200;"HühneraugenundHorn-(Haut-)Schwielen,Kallus,Klavus";"L84"
5202;"ErworbeneIchthyosis";"L850"
5203;"ErworbeneKeratosispalmoplantaris[ErworbenesKeratomapalmoplantare]";"L851"
5204;"Keratosispunctata(palmoplantaris)";"L852"
5205;"Xerosiscutis,Xerodermie";"L853"
5206;"SonstigenäherbezeichneteEpidermisverdickungen,Cornucutaneum";"L858"
5207;"Epidermisverdickung,nichtnäherbezeichnet";"L859"
5210;"Hyperkeratosisfollicularisetparafollicularisincutempenetrans[Kyrle],Hyperkeratosisfollicularispenetrans";"L870"
5211;"ReaktiveperforierendeKollagenose";"L871"
5212;"Elastosisperforansserpiginosa";"L872"
5213;"SonstigeStörungendertransepidermalenElimination";"L878"
5214;"StörungdertransepidermalenElimination,nichtnäherbezeichnet";"L879"
5215;"Pyodermagangraenosum,Dermatitisulcerosa,PhagedänischePyodermie";"L88"
14489;"Dekubitus1.GradesundDruckzone";"L890"
14490;"Dekubitus2.Grades";"L891"
14491;"Dekubitus3.Grades";"L892"
14492;"Dekubitus4.Grades";"L893"
14493;"DekubitusundDruckzone,Gradnichtnäherbezeichnet";"L899"
5218;"Lichensclerosusetatrophicus";"L900"
5219;"Anetodermie,TypSchweninger-Buzzi";"L901"
5220;"Anetodermie,TypJadassohn-Pellizzari";"L902"
5221;"Atrophodermiaidiopathica,TypPasini-Pierini";"L903"
5222;"Akrodermatitischronicaatrophicans,Herxheimer-Krankheit";"L904"
5223;"NarbenundFibrosenderHaut,EntstellungdurchNarbe,Hautnarbe,Narbeo.n.A.,Narbenverwachsung(Haut)";"L905"
5224;"Striaecutisatrophicae";"L906"
5225;"SonstigeatrophischeHautkrankheiten";"L908"
5226;"AtrophischeHautkrankheit,nichtnäherbezeichnet";"L909"
5228;"Keloid,HypertropheNarbe,Narbenkeloid";"L910"
5229;"SonstigehypertropheHautkrankheiten";"L918"
5230;"HypertropheHautkrankheit,nichtnäherbezeichnet";"L919"
5232;"Granulomaanulare,Granulomaanulareperforans";"L920"
5233;"Nekrobiosislipoidica,anderenortsnichtklassifiziert";"L921"
5234;"Granulomafaciale[Granulomaeosinophilicumfaciei]";"L922"
5235;"FremdkörpergranulomderHautundderUnterhaut";"L923"
5236;"SonstigegranulomatöseKrankheitenderHautundderUnterhaut";"L928"
5237;"GranulomatöseKrankheitderHautundderUnterhaut,nichtnäherbezeichnet";"L929"
5239;"DiskoiderLupuserythematodes,Lupuserythematodeso.n.A.";"L930"
5240;"SubakuterLupuserythematodescutaneus";"L931"
5241;"SonstigerlokalisierterLupuserythematodes,Lupuserythematodesprofundus,Lupus-Pannikulitis";"L932"
5243;"Sclerodermiacircumscripta[Morphaea],LokalisierteSklerodermie";"L940"
5244;"LineareoderbandförmigeSklerodermie,Sclérodermieencoupdesabre";"L941"
5245;"Calcinosiscutis";"L942"
5246;"Sklerodaktylie";"L943"
5247;"Gottron-Papeln";"L944"
5248;"Poikilodermiaatrophicansvascularis[Jacobi]";"L945"
5249;"Ainhum";"L946"
5250;"SonstigenäherbezeichnetelokalisierteKrankheitendesBindegewebes";"L948"
5251;"LokalisierteKrankheitdesBindegewebes,nichtnäherbezeichnet";"L949"
5253;"Livedo-Vaskulitis,Capillaritisalba";"L950"
5254;"Erythemaelevatumetdiutinum";"L951"
5255;"SonstigeVaskulitis,dieaufdieHautbegrenztist";"L958"
5256;"Vaskulitis,dieaufdieHautbegrenztist,nichtnäherbezeichnet";"L959"
5257;"Ulcuscruris,anderenortsnichtklassifiziert";"L97"
5259;"Granulomapediculatum[Granulomapyogenicum]";"L980"
5260;"Dermatitisfactitia,Artefakte,NeurotischeExkoriation";"L981"
5261;"AkutefebrileneutrophileDermatose[Sweet-Syndrom]";"L982"
5262;"EosinophileZellulitis[Wells-Syndrom]";"L983"
5263;"ChronischesUlkusderHaut,anderenortsnichtklassifiziert,ChronischesUlkusderHauto.n.A.,Ulcustropicumo.n.A.,UlkusderHauto.n.A.";"L984"
5264;"MuzinosederHaut,FokaleMuzinose,Lichenmyxoedematosus";"L985"
5265;"SonstigeinfiltrativeKrankheitenderHautundderUnterhaut";"L986"
14743;"ÜberschüssigeunderschlaffteHautundUnterhaut";"L987"
5266;"SonstigenäherbezeichneteKrankheitenderHautundderUnterhaut";"L988"
5267;"KrankheitderHautundderUnterhaut,nichtnäherbezeichnet";"L989"
5269;"KutaneAmyloidose(E85.-+),Lichenamyloidosus,MakulöseAmyloidose";"L990"
5270;"SonstigenäherbezeichneteKrankheitenderHautundderUnterhautbeianderenortsklassifiziertenKrankheiten,Syphilis:Alopezie(A51.3+),Leukoderm(A51.3+,A52.7+)";"L998"
5272;"ArthritisundPolyarthritisdurchStaphylokokken";"M000"
5273;")ArthritisundPolyarthritisdurchStaphylokokken\MehrereLok.";"M000"
5274;")ArthritisundPolyarthritisdurchStaphylokokken\Schulter";"M000"
5275;")ArthritisundPolyarthritisdurchStaphylokokken\Oberarm";"M000"
5276;")ArthritisundPolyarthritisdurchStaphylokokken\Unterarm";"M000"
5277;")ArthritisundPolyarthritisdurchStaphylokokken\Hand";"M000"
5278;")ArthritisundPolyarthritisdurchStaphylokokken\Becken/Obersch.";"M000"
5279;")ArthritisundPolyarthritisdurchStaphylokokken\Knie/Untersch.";"M000"
5280;")ArthritisundPolyarthritisdurchStaphylokokken\Knöchel/Fuß";"M000"
5281;")ArthritisundPolyarthritisdurchStaphylokokken\sonstigeLok.";"M000"
5282;")ArthritisundPolyarthritisdurchStaphylokokken\NNBLokalis.";"M000"
5283;"ArthritisundPolyarthritisdurchPneumokokken";"M001"
5284;")ArthritisundPolyarthritisdurchPneumokokken\MehrereLok.";"M001"
5285;")ArthritisundPolyarthritisdurchPneumokokken\Schulter";"M001"
5286;")ArthritisundPolyarthritisdurchPneumokokken\Oberarm";"M001"
5287;")ArthritisundPolyarthritisdurchPneumokokken\Unterarm";"M001"
5288;")ArthritisundPolyarthritisdurchPneumokokken\Hand";"M001"
5289;")ArthritisundPolyarthritisdurchPneumokokken\Becken/Obersch.";"M001"
5290;")ArthritisundPolyarthritisdurchPneumokokken\Knie/Untersch.";"M001"
5291;")ArthritisundPolyarthritisdurchPneumokokken\Knöchel/Fuß";"M001"
5292;")ArthritisundPolyarthritisdurchPneumokokken\sonstigeLok.";"M001"
5293;")ArthritisundPolyarthritisdurchPneumokokken\NNBLokalis.";"M001"
5294;"ArthritisundPolyarthritisdurchStreptokokken";"M002"
5295;")ArthritisundPolyarthritisdurchStreptokokken\MehrereLok.";"M002"
5296;")ArthritisundPolyarthritisdurchStreptokokken\Schulter";"M002"
5297;")ArthritisundPolyarthritisdurchStreptokokken\Oberarm";"M002"
5298;")ArthritisundPolyarthritisdurchStreptokokken\Unterarm";"M002"
5299;")ArthritisundPolyarthritisdurchStreptokokken\Hand";"M002"
5300;")ArthritisundPolyarthritisdurchStreptokokken\Becken/Obersch.";"M002"
5301;")ArthritisundPolyarthritisdurchStreptokokken\Knie/Untersch.";"M002"
5302;")ArthritisundPolyarthritisdurchStreptokokken\Knöchel/Fuß";"M002"
5303;")ArthritisundPolyarthritisdurchStreptokokken\sonstigeLok.";"M002"
5304;")ArthritisundPolyarthritisdurchStreptokokken\NNBLokalis.";"M002"
5305;"ArthritisundPolyarthritisdurchsonstigenäherbezeichnetebakterielleErreger";"M008"
5306;")ArthritisundPolyarthritisdurchsonstigenäherbezeichnetebakterielleErreger\MehrereLok.";"M008"
5307;")ArthritisundPolyarthritisdurchsonstigenäherbezeichnetebakterielleErreger\Schulter";"M008"
5308;")ArthritisundPolyarthritisdurchsonstigenäherbezeichnetebakterielleErreger\Oberarm";"M008"
5309;")ArthritisundPolyarthritisdurchsonstigenäherbezeichnetebakterielleErreger\Unterarm";"M008"
5310;")ArthritisundPolyarthritisdurchsonstigenäherbezeichnetebakterielleErreger\Hand";"M008"
5311;")ArthritisundPolyarthritisdurchsonstigenäherbezeichnetebakterielleErreger\Becken/Obersch.";"M008"
5312;")ArthritisundPolyarthritisdurchsonstigenäherbezeichnetebakterielleErreger\Knie/Untersch.";"M008"
5313;")ArthritisundPolyarthritisdurchsonstigenäherbezeichnetebakterielleErreger\Knöchel/Fuß";"M008"
5314;")ArthritisundPolyarthritisdurchsonstigenäherbezeichnetebakterielleErreger\sonstigeLok.";"M008"
5315;")ArthritisundPolyarthritisdurchsonstigenäherbezeichnetebakterielleErreger\NNBLokalis.";"M008"
5316;"EitrigeArthritis,nichtnäherbezeichnet,InfektiöseArthritiso.n.A.";"M009"
5317;")EitrigeArthritis,nichtnäherbezeichnet,InfektiöseArthritiso.n.A.\MehrereLok.";"M009"
5318;")EitrigeArthritis,nichtnäherbezeichnet,InfektiöseArthritiso.n.A.\Schulter";"M009"
5319;")EitrigeArthritis,nichtnäherbezeichnet,InfektiöseArthritiso.n.A.\Oberarm";"M009"
5320;")EitrigeArthritis,nichtnäherbezeichnet,InfektiöseArthritiso.n.A.\Unterarm";"M009"
5321;")EitrigeArthritis,nichtnäherbezeichnet,InfektiöseArthritiso.n.A.\Hand";"M009"
5322;")EitrigeArthritis,nichtnäherbezeichnet,InfektiöseArthritiso.n.A.\Becken/Obersch.";"M009"
5323;")EitrigeArthritis,nichtnäherbezeichnet,InfektiöseArthritiso.n.A.\Knie/Untersch.";"M009"
5324;")EitrigeArthritis,nichtnäherbezeichnet,InfektiöseArthritiso.n.A.\Knöchel/Fuß";"M009"
5325;")EitrigeArthritis,nichtnäherbezeichnet,InfektiöseArthritiso.n.A.\sonstigeLok.";"M009"
5326;")EitrigeArthritis,nichtnäherbezeichnet,InfektiöseArthritiso.n.A.\NNBLokalis.";"M009"
5329;")ArthritisdurchMeningokokken(A39.8+)\MehrereLok.";"M010"
5342;")TuberkulöseArthritis(A18.0+)\Oberarm";"M011"
5343;")TuberkulöseArthritis(A18.0+)\Unterarm";"M011"
5345;")TuberkulöseArthritis(A18.0+)\Becken/Obersch.";"M011"
5346;")TuberkulöseArthritis(A18.0+)\Knie/Untersch.";"M011"
5350;"ArthritisbeiLyme-Krankheit(A69.2+)";"M012"
5351;")ArthritisbeiLyme-Krankheit(A69.2+)\MehrereLok.";"M012"
5352;")ArthritisbeiLyme-Krankheit(A69.2+)\Schulter";"M012"
5355;")ArthritisbeiLyme-Krankheit(A69.2+)\Hand";"M012"
5356;")ArthritisbeiLyme-Krankheit(A69.2+)\Becken/Obersch.";"M012"
5357;")ArthritisbeiLyme-Krankheit(A69.2+)\Knie/Untersch.";"M012"
5358;")ArthritisbeiLyme-Krankheit(A69.2+)\Knöchel/Fuß";"M012"
5359;")ArthritisbeiLyme-Krankheit(A69.2+)\sonstigeLok.";"M012"
5360;")ArthritisbeiLyme-Krankheit(A69.2+)\NNBLokalis.";"M012"
5361;"ArthritisbeisonstigenanderenortsklassifiziertenbakteriellenKrankheiten";"M013"
5363;")ArthritisbeisonstigenanderenortsklassifiziertenbakteriellenKrankheiten\Schulter";"M013"
5364;")ArthritisbeisonstigenanderenortsklassifiziertenbakteriellenKrankheiten\Oberarm";"M013"
5368;")ArthritisbeisonstigenanderenortsklassifiziertenbakteriellenKrankheiten\Knie/Untersch.";"M013"
5369;")ArthritisbeisonstigenanderenortsklassifiziertenbakteriellenKrankheiten\Knöchel/Fuß";"M013"
5380;")ArthritisbeiRöteln(B06.8+)\Knöchel/Fuß";"M014"
5393;")ArthritisbeisonstigenanderenortsklassifiziertenViruskrankheiten\NNBLokalis.";"M015"
5394;"ArthritisbeiMykosen(B35-B49+)";"M016"
5396;")ArthritisbeiMykosen(B35-B49+)\Schulter";"M016"
5399;")ArthritisbeiMykosen(B35-B49+)\Hand";"M016"
5400;")ArthritisbeiMykosen(B35-B49+)\Becken/Obersch.";"M016"
5402;")ArthritisbeiMykosen(B35-B49+)\Knöchel/Fuß";"M016"
5405;"ArthritisbeisonstigenanderenortsklassifizierteninfektiösenundparasitärenKrankheiten";"M018"
5406;")ArthritisbeisonstigenanderenortsklassifizierteninfektiösenundparasitärenKrankheiten\MehrereLok.";"M018"
5408;")ArthritisbeisonstigenanderenortsklassifizierteninfektiösenundparasitärenKrankheiten\Oberarm";"M018"
5410;")ArthritisbeisonstigenanderenortsklassifizierteninfektiösenundparasitärenKrankheiten\Hand";"M018"
5411;")ArthritisbeisonstigenanderenortsklassifizierteninfektiösenundparasitärenKrankheiten\Becken/Obersch.";"M018"
5412;")ArthritisbeisonstigenanderenortsklassifizierteninfektiösenundparasitärenKrankheiten\Knie/Untersch.";"M018"
5413;")ArthritisbeisonstigenanderenortsklassifizierteninfektiösenundparasitärenKrankheiten\Knöchel/Fuß";"M018"
5414;")ArthritisbeisonstigenanderenortsklassifizierteninfektiösenundparasitärenKrankheiten\sonstigeLok.";"M018"
5415;")ArthritisbeisonstigenanderenortsklassifizierteninfektiösenundparasitärenKrankheiten\NNBLokalis.";"M018"
5417;"ArthritisnachintestinalemBypass";"M020"
5418;")ArthritisnachintestinalemBypass\MehrereLok.";"M020"
5419;")ArthritisnachintestinalemBypass\Schulter";"M020"
5423;")ArthritisnachintestinalemBypass\Becken/Obersch.";"M020"
5424;")ArthritisnachintestinalemBypass\Knie/Untersch.";"M020"
5425;")ArthritisnachintestinalemBypass\Knöchel/Fuß";"M020"
5427;")ArthritisnachintestinalemBypass\NNBLokalis.";"M020"
5428;"PostenteritischeArthritis";"M021"
5429;")PostenteritischeArthritis\MehrereLok.";"M021"
5430;")PostenteritischeArthritis\Schulter";"M021"
5431;")PostenteritischeArthritis\Oberarm";"M021"
5432;")PostenteritischeArthritis\Unterarm";"M021"
5433;")PostenteritischeArthritis\Hand";"M021"
5434;")PostenteritischeArthritis\Becken/Obersch.";"M021"
5435;")PostenteritischeArthritis\Knie/Untersch.";"M021"
5436;")PostenteritischeArthritis\Knöchel/Fuß";"M021"
5437;")PostenteritischeArthritis\sonstigeLok.";"M021"
5438;")PostenteritischeArthritis\NNBLokalis.";"M021"
5441;")ArthritisnachImpfung\Schulter";"M022"
5444;")ArthritisnachImpfung\Hand";"M022"
5445;")ArthritisnachImpfung\Becken/Obersch.";"M022"
5446;")ArthritisnachImpfung\Knie/Untersch.";"M022"
5447;")ArthritisnachImpfung\Knöchel/Fuß";"M022"
5448;")ArthritisnachImpfung\sonstigeLok.";"M022"
5450;"Reiter-Krankheit";"M023"
5451;")Reiter-Krankheit\MehrereLok.";"M023"
5452;")Reiter-Krankheit\Schulter";"M023"
5455;")Reiter-Krankheit\Hand";"M023"
5456;")Reiter-Krankheit\Becken/Obersch.";"M023"
5457;")Reiter-Krankheit\Knie/Untersch.";"M023"
5458;")Reiter-Krankheit\Knöchel/Fuß";"M023"
5459;")Reiter-Krankheit\sonstigeLok.";"M023"
5460;")Reiter-Krankheit\NNBLokalis.";"M023"
5461;"SonstigereaktiveArthritiden";"M028"
5462;")SonstigereaktiveArthritiden\MehrereLok.";"M028"
5463;")SonstigereaktiveArthritiden\Schulter";"M028"
5464;")SonstigereaktiveArthritiden\Oberarm";"M028"
5465;")SonstigereaktiveArthritiden\Unterarm";"M028"
5466;")SonstigereaktiveArthritiden\Hand";"M028"
5467;")SonstigereaktiveArthritiden\Becken/Obersch.";"M028"
5468;")SonstigereaktiveArthritiden\Knie/Untersch.";"M028"
5469;")SonstigereaktiveArthritiden\Knöchel/Fuß";"M028"
5470;")SonstigereaktiveArthritiden\sonstigeLok.";"M028"
5471;")SonstigereaktiveArthritiden\NNBLokalis.";"M028"
5472;"ReaktiveArthritis,nichtnäherbezeichnet";"M029"
5473;")ReaktiveArthritis,nichtnäherbezeichnet\MehrereLok.";"M029"
5474;")ReaktiveArthritis,nichtnäherbezeichnet\Schulter";"M029"
5475;")ReaktiveArthritis,nichtnäherbezeichnet\Oberarm";"M029"
5476;")ReaktiveArthritis,nichtnäherbezeichnet\Unterarm";"M029"
5477;")ReaktiveArthritis,nichtnäherbezeichnet\Hand";"M029"
5478;")ReaktiveArthritis,nichtnäherbezeichnet\Becken/Obersch.";"M029"
5479;")ReaktiveArthritis,nichtnäherbezeichnet\Knie/Untersch.";"M029"
5480;")ReaktiveArthritis,nichtnäherbezeichnet\Knöchel/Fuß";"M029"
5481;")ReaktiveArthritis,nichtnäherbezeichnet\sonstigeLok.";"M029"
5482;")ReaktiveArthritis,nichtnäherbezeichnet\NNBLokalis.";"M029"
5484;"ArthritisnachMeningokokkeninfektion(A39.8+)";"M030"
5493;")ArthritisnachMeningokokkeninfektion(A39.8+)\sonstigeLok.";"M030"
5507;")SonstigepostinfektiöseArthritidenbeianderenortsklassifiziertenKrankheiten,Postinfekt.Arthritisbei:EnteritisdurchYersiniaenterocolitica(A04.6+),Virushepatitis(B15-B19+)\MehrereLok.";"M032"
5511;")SonstigepostinfektiöseArthritidenbeianderenortsklassifiziertenKrankheiten,PostinfektiöseArthritisbei:EnteritisdurchYersiniaenterocolitica(A04.6+),Virushepatitis(B15-B19+)\Hand";"M032"
5513;")SonstigepostinfektiöseArthritidenbeianderenortsklassifiziertenKrankheiten,Postinfekt.Arthritisbei:EnteritisdurchYersiniaenterocolitica(A04.6+),Virushepatitis(B15-B19+)\Knie/Untersch.";"M032"
5515;")SonstigepostinfektiöseArthritidenbeianderenortsklassifiziertenKrankheiten,PostinfektiöseArthritisbei:EnteritisdurchYersiniaenterocolitica(A04.6+),Virushepatitis(B15-B19+)\sonst.Lok.";"M032"
5516;")SonstigepostinfektiöseArthritidenbeianderenortsklassifiziertenKrankheiten,Postinfekt.Arthritisbei:EnteritisdurchYersiniaenterocolitica(A04.6+),Virushepatitis(B15-B19+)\NNBLokalis.";"M032"
5517;"ReaktiveArthritisbeisonstigenanderenortsklassifiziertenKrankheiten,ArthritisbeiinfektiöserEndokarditis(I33.0+)";"M036"
5518;")ReaktiveArthritisbeisonstigenanderenortsklassifiziertenKrankheiten,ArthritisbeiinfektiöserEndokarditis(I33.0+)\MehrereLok.";"M036"
5519;")ReaktiveArthritisbeisonstigenanderenortsklassifiziertenKrankheiten,ArthritisbeiinfektiöserEndokarditis(I33.0+)\Schulter";"M036"
5522;")ReaktiveArthritisbeisonstigenanderenortsklassifiziertenKrankheiten,ArthritisbeiinfektiöserEndokarditis(I33.0+)\Hand";"M036"
5523;")ReaktiveArthritisbeisonstigenanderenortsklassifiziertenKrankheiten,ArthritisbeiinfektiöserEndokarditis(I33.0+)\Becken/Obersch.";"M036"
5524;")ReaktiveArthritisbeisonstigenanderenortsklassifiziertenKrankheiten,ArthritisbeiinfektiöserEndokarditis(I33.0+)\Knie/Untersch.";"M036"
5525;")ReaktiveArthritisbeisonstigenanderenortsklassifiziertenKrankheiten,ArthritisbeiinfektiöserEndokarditis(I33.0+)\Knöchel/Fuß";"M036"
5526;")ReaktiveArthritisbeisonstigenanderenortsklassifiziertenKrankheiten,ArthritisbeiinfektiöserEndokarditis(I33.0+)\sonstigeLok.";"M036"
5527;")ReaktiveArthritisbeisonstigenanderenortsklassifiziertenKrankheiten,ArthritisbeiinfektiöserEndokarditis(I33.0+)\NNBLokalis.";"M036"
5529;"Felty-Syndrom,ChronischePolyarthritismitLymphosplenomegalieundLeukopenie";"M050"
5530;")Felty-Syndrom,ChronischePolyarthritismitLymphosplenomegalieundLeukopenie\MehrereLok.";"M050"
5531;")Felty-Syndrom,ChronischePolyarthritismitLymphosplenomegalieundLeukopenie\Schulter";"M050"
5532;")Felty-Syndrom,ChronischePolyarthritismitLymphosplenomegalieundLeukopenie\Oberarm";"M050"
5538;")Felty-Syndrom,ChronischePolyarthritismitLymphosplenomegalieundLeukopenie\sonstigeLok.";"M050"
5539;")Felty-Syndrom,ChronischePolyarthritismitLymphosplenomegalieundLeukopenie\NNBLokalis.";"M050"
5540;"LungenmanifestationderseropositivenchronischenPolyarthritis(J99.0*)";"M051"
5541;")LungenmanifestationderseropositivenchronischenPolyarthritis(J99.0*)\MehrereLok.";"M051"
5545;")LungenmanifestationderseropositivenchronischenPolyarthritis(J99.0*)\Hand";"M051"
5546;")LungenmanifestationderseropositivenchronischenPolyarthritis(J99.0*)\Becken/Obersch.";"M051"
5547;")LungenmanifestationderseropositivenchronischenPolyarthritis(J99.0*)\Knie/Untersch.";"M051"
5548;")LungenmanifestationderseropositivenchronischenPolyarthritis(J99.0*)\Knöchel/Fuß";"M051"
5549;")LungenmanifestationderseropositivenchronischenPolyarthritis(J99.0*)\sonstigeLok.";"M051"
5550;")LungenmanifestationderseropositivenchronischenPolyarthritis(J99.0*)\NNBLokalis.";"M051"
5551;"VaskulitisbeiseropositiverchronischerPolyarthritis";"M052"
5552;")VaskulitisbeiseropositiverchronischerPolyarthritis\MehrereLok.";"M052"
5553;")VaskulitisbeiseropositiverchronischerPolyarthritis\Schulter";"M052"
5556;")VaskulitisbeiseropositiverchronischerPolyarthritis\Hand";"M052"
5557;")VaskulitisbeiseropositiverchronischerPolyarthritis\Becken/Obersch.";"M052"
5558;")VaskulitisbeiseropositiverchronischerPolyarthritis\Knie/Untersch.";"M052"
5559;")VaskulitisbeiseropositiverchronischerPolyarthritis\Knöchel/Fuß";"M052"
5560;")VaskulitisbeiseropositiverchronischerPolyarthritis\sonstigeLok.";"M052"
5561;")VaskulitisbeiseropositiverchronischerPolyarthritis\NNBLokalis.";"M052"
5562;"SeropositivechronischePolyarthritismitBeteiligungsonstigerOrganeundOrgansysteme";"M053"
5563;")SeropositivechronischePolyarthritismitBeteiligungsonstigerOrganeundOrgansysteme\MehrereLok.";"M053"
5564;")SeropositivechronischePolyarthritismitBeteiligungsonstigerOrganeundOrgansysteme\Schulter";"M053"
5565;")SeropositivechronischePolyarthritismitBeteiligungsonstigerOrganeundOrgansysteme\Oberarm";"M053"
5566;")SeropositivechronischePolyarthritismitBeteiligungsonstigerOrganeundOrgansysteme\Unterarm";"M053"
5567;")SeropositivechronischePolyarthritismitBeteiligungsonstigerOrganeundOrgansysteme\Hand";"M053"
5568;")SeropositivechronischePolyarthritismitBeteiligungsonstigerOrganeundOrgansysteme\Becken/Obersch.";"M053"
5569;")SeropositivechronischePolyarthritismitBeteiligungsonstigerOrganeundOrgansysteme\Knie/Untersch.";"M053"
5570;")SeropositivechronischePolyarthritismitBeteiligungsonstigerOrganeundOrgansysteme\Knöchel/Fuß";"M053"
5571;")SeropositivechronischePolyarthritismitBeteiligungsonstigerOrganeundOrgansysteme\sonstigeLok.";"M053"
5572;")SeropositivechronischePolyarthritismitBeteiligungsonstigerOrganeundOrgansysteme\NNBLokalis.";"M053"
5573;"SonstigeseropositivechronischePolyarthritis";"M058"
5574;")SonstigeseropositivechronischePolyarthritis\MehrereLok.";"M058"
5575;")SonstigeseropositivechronischePolyarthritis\Schulter";"M058"
5576;")SonstigeseropositivechronischePolyarthritis\Oberarm";"M058"
5577;")SonstigeseropositivechronischePolyarthritis\Unterarm";"M058"
5578;")SonstigeseropositivechronischePolyarthritis\Hand";"M058"
5579;")SonstigeseropositivechronischePolyarthritis\Becken/Obersch.";"M058"
5580;")SonstigeseropositivechronischePolyarthritis\Knie/Untersch.";"M058"
5581;")SonstigeseropositivechronischePolyarthritis\Knöchel/Fuß";"M058"
5582;")SonstigeseropositivechronischePolyarthritis\sonstigeLok.";"M058"
5583;")SonstigeseropositivechronischePolyarthritis\NNBLokalis.";"M058"
5584;"SeropositivechronischePolyarthritis,nichtnäherbezeichnet";"M059"
5585;")SeropositivechronischePolyarthritis,nichtnäherbezeichnet\MehrereLok.";"M059"
5586;")SeropositivechronischePolyarthritis,nichtnäherbezeichnet\Schulter";"M059"
5587;")SeropositivechronischePolyarthritis,nichtnäherbezeichnet\Oberarm";"M059"
5588;")SeropositivechronischePolyarthritis,nichtnäherbezeichnet\Unterarm";"M059"
5589;")SeropositivechronischePolyarthritis,nichtnäherbezeichnet\Hand";"M059"
5590;")SeropositivechronischePolyarthritis,nichtnäherbezeichnet\Becken/Obersch.";"M059"
5591;")SeropositivechronischePolyarthritis,nichtnäherbezeichnet\Knie/Untersch.";"M059"
5592;")SeropositivechronischePolyarthritis,nichtnäherbezeichnet\Knöchel/Fuß";"M059"
5593;")SeropositivechronischePolyarthritis,nichtnäherbezeichnet\sonstigeLok.";"M059"
5594;")SeropositivechronischePolyarthritis,nichtnäherbezeichnet\NNBLokalis.";"M059"
5596;"SeronegativechronischePolyarthritis";"M060"
5597;")SeronegativechronischePolyarthritis\MehrereLok.";"M060"
5598;")SeronegativechronischePolyarthritis\Schulter";"M060"
5599;")SeronegativechronischePolyarthritis\Oberarm";"M060"
5600;")SeronegativechronischePolyarthritis\Unterarm";"M060"
5601;")SeronegativechronischePolyarthritis\Hand";"M060"
5602;")SeronegativechronischePolyarthritis\Becken/Obersch.";"M060"
5603;")SeronegativechronischePolyarthritis\Knie/Untersch.";"M060"
5604;")SeronegativechronischePolyarthritis\Knöchel/Fuß";"M060"
5605;")SeronegativechronischePolyarthritis\sonstigeLok.";"M060"
5606;")SeronegativechronischePolyarthritis\NNBLokalis.";"M060"
5607;"AdulteFormderStill-Krankheit";"M061"
5608;")AdulteFormderStill-Krankheit\MehrereLok.";"M061"
5609;")AdulteFormderStill-Krankheit\Schulter";"M061"
5612;")AdulteFormderStill-Krankheit\Hand";"M061"
5613;")AdulteFormderStill-Krankheit\Becken/Obersch.";"M061"
5614;")AdulteFormderStill-Krankheit\Knie/Untersch.";"M061"
5615;")AdulteFormderStill-Krankheit\Knöchel/Fuß";"M061"
5616;")AdulteFormderStill-Krankheit\sonstigeLok.";"M061"
5617;")AdulteFormderStill-Krankheit\NNBLokalis.";"M061"
5618;"BursitisbeichronischerPolyarthritis";"M062"
5619;")BursitisbeichronischerPolyarthritis\MehrereLok.";"M062"
5620;")BursitisbeichronischerPolyarthritis\Schulter";"M062"
5621;")BursitisbeichronischerPolyarthritis\Oberarm";"M062"
5622;")BursitisbeichronischerPolyarthritis\Unterarm";"M062"
5623;")BursitisbeichronischerPolyarthritis\Hand";"M062"
5624;")BursitisbeichronischerPolyarthritis\Becken/Obersch.";"M062"
5625;")BursitisbeichronischerPolyarthritis\Knie/Untersch.";"M062"
5626;")BursitisbeichronischerPolyarthritis\Knöchel/Fuß";"M062"
5627;")BursitisbeichronischerPolyarthritis\sonstigeLok.";"M062"
5628;")BursitisbeichronischerPolyarthritis\NNBLokalis.";"M062"
5629;"Rheumaknoten";"M063"
5630;")Rheumaknoten\MehrereLok.";"M063"
5631;")Rheumaknoten\Schulter";"M063"
5632;")Rheumaknoten\Oberarm";"M063"
5633;")Rheumaknoten\Unterarm";"M063"
5634;")Rheumaknoten\Hand";"M063"
5635;")Rheumaknoten\Becken/Obersch.";"M063"
5636;")Rheumaknoten\Knie/Untersch.";"M063"
5637;")Rheumaknoten\Knöchel/Fuß";"M063"
5638;")Rheumaknoten\sonstigeLok.";"M063"
5639;")Rheumaknoten\NNBLokalis.";"M063"
5640;"EntzündlichePolyarthropathie";"M064"
5641;")EntzündlichePolyarthropathie\MehrereLok.";"M064"
5642;")EntzündlichePolyarthropathie\Schulter";"M064"
5643;")EntzündlichePolyarthropathie\Oberarm";"M064"
5644;")EntzündlichePolyarthropathie\Unterarm";"M064"
5645;")EntzündlichePolyarthropathie\Hand";"M064"
5646;")EntzündlichePolyarthropathie\Becken/Obersch.";"M064"
5647;")EntzündlichePolyarthropathie\Knie/Untersch.";"M064"
5648;")EntzündlichePolyarthropathie\Knöchel/Fuß";"M064"
5649;")EntzündlichePolyarthropathie\sonstigeLok.";"M064"
5650;")EntzündlichePolyarthropathie\NNBLokalis.";"M064"
5651;"SonstigenäherbezeichnetechronischePolyarthritis";"M068"
5652;")SonstigenäherbezeichnetechronischePolyarthritis\MehrereLok.";"M068"
5653;")SonstigenäherbezeichnetechronischePolyarthritis\Schulter";"M068"
5654;")SonstigenäherbezeichnetechronischePolyarthritis\Oberarm";"M068"
5655;")SonstigenäherbezeichnetechronischePolyarthritis\Unterarm";"M068"
5656;")SonstigenäherbezeichnetechronischePolyarthritis\Hand";"M068"
5657;")SonstigenäherbezeichnetechronischePolyarthritis\Becken/Obersch.";"M068"
5658;")SonstigenäherbezeichnetechronischePolyarthritis\Knie/Untersch.";"M068"
5659;")SonstigenäherbezeichnetechronischePolyarthritis\Knöchel/Fuß";"M068"
5660;")SonstigenäherbezeichnetechronischePolyarthritis\sonstigeLok.";"M068"
5661;")SonstigenäherbezeichnetechronischePolyarthritis\NNBLokalis.";"M068"
5662;"ChronischePolyarthritis,nichtnäherbezeichnet";"M069"
5663;")ChronischePolyarthritis,nichtnäherbezeichnet\MehrereLok.";"M069"
5664;")ChronischePolyarthritis,nichtnäherbezeichnet\Schulter";"M069"
5665;")ChronischePolyarthritis,nichtnäherbezeichnet\Oberarm";"M069"
5666;")ChronischePolyarthritis,nichtnäherbezeichnet\Unterarm";"M069"
5667;")ChronischePolyarthritis,nichtnäherbezeichnet\Hand";"M069"
5668;")ChronischePolyarthritis,nichtnäherbezeichnet\Becken/Obersch.";"M069"
5669;")ChronischePolyarthritis,nichtnäherbezeichnet\Knie/Untersch.";"M069"
5670;")ChronischePolyarthritis,nichtnäherbezeichnet\Knöchel/Fuß";"M069"
5671;")ChronischePolyarthritis,nichtnäherbezeichnet\sonstigeLok.";"M069"
5672;")ChronischePolyarthritis,nichtnäherbezeichnet\NNBLokalis.";"M069"
5674;"DistaleinterphalangealeArthritispsoriatica(L40.5+)";"M070"
5675;")DistaleinterphalangealeArthritispsoriatica(L40.5+)\MehrereLok.";"M070"
5676;")DistaleinterphalangealeArthritispsoriatica(L40.5+)\Schulter";"M070"
5678;")DistaleinterphalangealeArthritispsoriatica(L40.5+)\Unterarm";"M070"
5679;")DistaleinterphalangealeArthritispsoriatica(L40.5+)\Hand";"M070"
5681;")DistaleinterphalangealeArthritispsoriatica(L40.5+)\Knie/Untersch.";"M070"
5682;")DistaleinterphalangealeArthritispsoriatica(L40.5+)\Knöchel/Fuß";"M070"
5683;")DistaleinterphalangealeArthritispsoriatica(L40.5+)\sonstigeLok.";"M070"
5684;")DistaleinterphalangealeArthritispsoriatica(L40.5+)\NNBLokalis.";"M070"
5685;"Arthritismutilans(L40.5+)";"M071"
5686;")Arthritismutilans(L40.5+)\MehrereLok.";"M071"
5687;")Arthritismutilans(L40.5+)\Schulter";"M071"
5690;")Arthritismutilans(L40.5+)\Hand";"M071"
5695;")Arthritismutilans(L40.5+)\NNBLokalis.";"M071"
5696;"Spondylitispsoriatica(L40.5+)";"M072"
5697;")Spondylitispsoriatica(L40.5+)\MehrereLok.";"M072"
5704;")Spondylitispsoriatica(L40.5+)\Knöchel/Fuß";"M072"
5705;")Spondylitispsoriatica(L40.5+)\sonstigeLok.";"M072"
5706;")Spondylitispsoriatica(L40.5+)\NNBLokalis.";"M072"
5707;"SonstigepsoriatischeArthritiden(L40.5+)";"M073"
5708;")SonstigepsoriatischeArthritiden(L40.5+)\MehrereLok.";"M073"
5709;")SonstigepsoriatischeArthritiden(L40.5+)\Schulter";"M073"
5710;")SonstigepsoriatischeArthritiden(L40.5+)\Oberarm";"M073"
5711;")SonstigepsoriatischeArthritiden(L40.5+)\Unterarm";"M073"
5712;")SonstigepsoriatischeArthritiden(L40.5+)\Hand";"M073"
5713;")SonstigepsoriatischeArthritiden(L40.5+)\Becken/Obersch.";"M073"
5714;")SonstigepsoriatischeArthritiden(L40.5+)\Knie/Untersch.";"M073"
5715;")SonstigepsoriatischeArthritiden(L40.5+)\Knöchel/Fuß";"M073"
5716;")SonstigepsoriatischeArthritiden(L40.5+)\sonstigeLok.";"M073"
5717;")SonstigepsoriatischeArthritiden(L40.5+)\NNBLokalis.";"M073"
5718;"ArthritisbeiCrohn-Krankheit[Enteritisregionalis](K50.-+)";"M074"
5719;")ArthritisbeiCrohn-Krankheit[Enteritisregionalis](K50.-+)\MehrereLok.";"M074"
5720;")ArthritisbeiCrohn-Krankheit[Enteritisregionalis](K50.-+)\Schulter";"M074"
5721;")ArthritisbeiCrohn-Krankheit[Enteritisregionalis](K50.-+)\Oberarm";"M074"
5722;")ArthritisbeiCrohn-Krankheit[Enteritisregionalis](K50.-+)\Unterarm";"M074"
5723;")ArthritisbeiCrohn-Krankheit[Enteritisregionalis](K50.-+)\Hand";"M074"
5724;")ArthritisbeiCrohn-Krankheit[Enteritisregionalis](K50.-+)\Becken/Obersch.";"M074"
5725;")ArthritisbeiCrohn-Krankheit[Enteritisregionalis](K50.-+)\Knie/Untersch.";"M074"
5726;")ArthritisbeiCrohn-Krankheit[Enteritisregionalis](K50.-+)\Knöchel/Fuß";"M074"
5727;")ArthritisbeiCrohn-Krankheit[Enteritisregionalis](K50.-+)\sonstigeLok.";"M074"
5728;")ArthritisbeiCrohn-Krankheit[Enteritisregionalis](K50.-+)\NNBLokalis.";"M074"
5729;"ArthritisbeiColitisulcerosa(K51.-+)";"M075"
5730;")ArthritisbeiColitisulcerosa(K51.-+)\MehrereLok.";"M075"
5731;")ArthritisbeiColitisulcerosa(K51.-+)\Schulter";"M075"
5734;")ArthritisbeiColitisulcerosa(K51.-+)\Hand";"M075"
5735;")ArthritisbeiColitisulcerosa(K51.-+)\Becken/Obersch.";"M075"
5736;")ArthritisbeiColitisulcerosa(K51.-+)\Knie/Untersch.";"M075"
5737;")ArthritisbeiColitisulcerosa(K51.-+)\Knöchel/Fuß";"M075"
5738;")ArthritisbeiColitisulcerosa(K51.-+)\sonstigeLok.";"M075"
5739;")ArthritisbeiColitisulcerosa(K51.-+)\NNBLokalis.";"M075"
5740;"SonstigeArthritidenbeigastrointestinalenGrundkrankheiten";"M076"
5741;")SonstigeArthritidenbeigastrointestinalenGrundkrankheiten\MehrereLok.";"M076"
5745;")SonstigeArthritidenbeigastrointestinalenGrundkrankheiten\Hand";"M076"
5747;")SonstigeArthritidenbeigastrointestinalenGrundkrankheiten\Knie/Untersch.";"M076"
5750;")SonstigeArthritidenbeigastrointestinalenGrundkrankheiten\NNBLokalis.";"M076"
5752;"JuvenilechronischePolyarthritis,adulterTyp,JuvenilechronischePolyarthritisvomErwachsenentypderchronischenPolyarthritis,mitoderohneRheumafaktor-Nachweis";"M080"
5753;")JuvenilechronischePolyarthritis,adulterTyp,JuvenilechronischePolyarthritisvomErwachsenentypderchronischenPolyarthritis,mitoderohneRheumafaktor-Nachweis\MehrereLok.";"M080"
5754;")JuvenilechronischePolyarthritis,adulterTyp,JuvenilechronischePolyarthritisvomErwachsenentypderchronischenPolyarthritis,mitoderohneRheumafaktor-Nachweis\Schulter";"M080"
5755;")JuvenilechronischePolyarthritis,adulterTyp,JuvenilechronischePolyarthritisvomErwachsenentypderchronischenPolyarthritis,mitoderohneRheumafaktor-Nachweis\Oberarm";"M080"
5756;")JuvenilechronischePolyarthritis,adulterTyp,JuvenilechronischePolyarthritisvomErwachsenentypderchronischenPolyarthritis,mitoderohneRheumafaktor-Nachweis\Unterarm";"M080"
5757;")JuvenilechronischePolyarthritis,adulterTyp,JuvenilechronischePolyarthritisvomErwachsenentypderchronischenPolyarthritis,mitoderohneRheumafaktor-Nachweis\Hand";"M080"
5758;")JuvenilechronischePolyarthritis,adulterTyp,JuvenilechronischePolyarthritisvomErwachsenentypderchronischenPolyarthritis,mitoderohneRheumafaktor-Nachweis\Becken/Obersch.";"M080"
5759;")JuvenilechronischePolyarthritis,adulterTyp,JuvenilechronischePolyarthritisvomErwachsenentypderchronischenPolyarthritis,mitoderohneRheumafaktor-Nachweis\Knie/Untersch.";"M080"
5760;")JuvenilechronischePolyarthritis,adulterTyp,JuvenilechronischePolyarthritisvomErwachsenentypderchronischenPolyarthritis,mitoderohneRheumafaktor-Nachweis\Knöchel/Fuß";"M080"
5761;")JuvenilechronischePolyarthritis,adulterTyp,JuvenilechronischePolyarthritisvomErwachsenentypderchronischenPolyarthritis,mitoderohneRheumafaktor-Nachweis\sonstigeLok.";"M080"
5762;")JuvenilechronischePolyarthritis,adulterTyp,JuvenilechronischePolyarthritisvomErwachsenentypderchronischenPolyarthritis,mitoderohneRheumafaktor-Nachweis\NNBLokalis.";"M080"
5763;"JuvenileSpondylitisankylosans";"M081"
5764;")JuvenileSpondylitisankylosans\MehrereLok.";"M081"
5769;")JuvenileSpondylitisankylosans\Becken/Obersch.";"M081"
5772;")JuvenileSpondylitisankylosans\sonstigeLok.";"M081"
5773;")JuvenileSpondylitisankylosans\NNBLokalis.";"M081"
5774;"JuvenilechronischeArthritis,systemischbeginnendeForm,Still-Krankheito.n.A.";"M082"
5775;")JuvenilechronischeArthritis,systemischbeginnendeForm,Still-Krankheito.n.A.\MehrereLok.";"M082"
5776;")JuvenilechronischeArthritis,systemischbeginnendeForm,Still-Krankheito.n.A.\Schulter";"M082"
5777;")JuvenilechronischeArthritis,systemischbeginnendeForm,Still-Krankheito.n.A.\Oberarm";"M082"
5779;")JuvenilechronischeArthritis,systemischbeginnendeForm,Still-Krankheito.n.A.\Hand";"M082"
5780;")JuvenilechronischeArthritis,systemischbeginnendeForm,Still-Krankheito.n.A.\Becken/Obersch.";"M082"
5781;")JuvenilechronischeArthritis,systemischbeginnendeForm,Still-Krankheito.n.A.\Knie/Untersch.";"M082"
5782;")JuvenilechronischeArthritis,systemischbeginnendeForm,Still-Krankheito.n.A.\Knöchel/Fuß";"M082"
5783;")JuvenilechronischeArthritis,systemischbeginnendeForm,Still-Krankheito.n.A.\sonstigeLok.";"M082"
5784;")JuvenilechronischeArthritis,systemischbeginnendeForm,Still-Krankheito.n.A.\NNBLokalis.";"M082"
5785;"JuvenilechronischeArthritis(seronegativ),polyartikulärbeginnendeForm,JuvenilechronischePolyarthritis";"M083"
5786;")JuvenilechronischeArthritis(seronegativ),polyartikulärbeginnendeForm,JuvenilechronischePolyarthritis\MehrereLok.";"M083"
5790;")JuvenilechronischeArthritis(seronegativ),polyartikulärbeginnendeForm,JuvenilechronischePolyarthritis\Hand";"M083"
5792;")JuvenilechronischeArthritis(seronegativ),polyartikulärbeginnendeForm,JuvenilechronischePolyarthritis\Knie/Untersch.";"M083"
5793;")JuvenilechronischeArthritis(seronegativ),polyartikulärbeginnendeForm,JuvenilechronischePolyarthritis\Knöchel/Fuß";"M083"
5794;")JuvenilechronischeArthritis(seronegativ),polyartikulärbeginnendeForm,JuvenilechronischePolyarthritis\sonstigeLok.";"M083"
5795;")JuvenilechronischeArthritis(seronegativ),polyartikulärbeginnendeForm,JuvenilechronischePolyarthritis\NNBLokalis.";"M083"
5796;"JuvenilechronischeArthritis,oligoartikulärbeginnendeForm";"M084"
5797;")JuvenilechronischeArthritis,oligoartikulärbeginnendeForm\MehrereLok.";"M084"
5799;")JuvenilechronischeArthritis,oligoartikulärbeginnendeForm\Oberarm";"M084"
5801;")JuvenilechronischeArthritis,oligoartikulärbeginnendeForm\Hand";"M084"
5802;")JuvenilechronischeArthritis,oligoartikulärbeginnendeForm\Becken/Obersch.";"M084"
5803;")JuvenilechronischeArthritis,oligoartikulärbeginnendeForm\Knie/Untersch.";"M084"
5804;")JuvenilechronischeArthritis,oligoartikulärbeginnendeForm\Knöchel/Fuß";"M084"
5805;")JuvenilechronischeArthritis,oligoartikulärbeginnendeForm\sonstigeLok.";"M084"
5806;")JuvenilechronischeArthritis,oligoartikulärbeginnendeForm\NNBLokalis.";"M084"
5807;"SonstigejuvenileArthritis";"M088"
5808;")SonstigejuvenileArthritis\MehrereLok.";"M088"
5809;")SonstigejuvenileArthritis\Schulter";"M088"
5810;")SonstigejuvenileArthritis\Oberarm";"M088"
5811;")SonstigejuvenileArthritis\Unterarm";"M088"
5812;")SonstigejuvenileArthritis\Hand";"M088"
5813;")SonstigejuvenileArthritis\Becken/Obersch.";"M088"
5814;")SonstigejuvenileArthritis\Knie/Untersch.";"M088"
5815;")SonstigejuvenileArthritis\Knöchel/Fuß";"M088"
5816;")SonstigejuvenileArthritis\sonstigeLok.";"M088"
5817;")SonstigejuvenileArthritis\NNBLokalis.";"M088"
5818;"JuvenileArthritis,nichtnäherbezeichnet";"M089"
5819;")JuvenileArthritis,nichtnäherbezeichnet\MehrereLok.";"M089"
5821;")JuvenileArthritis,nichtnäherbezeichnet\Oberarm";"M089"
5823;")JuvenileArthritis,nichtnäherbezeichnet\Hand";"M089"
5824;")JuvenileArthritis,nichtnäherbezeichnet\Becken/Obersch.";"M089"
5825;")JuvenileArthritis,nichtnäherbezeichnet\Knie/Untersch.";"M089"
5826;")JuvenileArthritis,nichtnäherbezeichnet\Knöchel/Fuß";"M089"
5827;")JuvenileArthritis,nichtnäherbezeichnet\sonstigeLok.";"M089"
5828;")JuvenileArthritis,nichtnäherbezeichnet\NNBLokalis.";"M089"
5830;"JuvenileArthritisbeiPsoriasis(L40.5+)";"M090"
5831;")JuvenileArthritisbeiPsoriasis(L40.5+)\MehrereLok.";"M090"
5832;")JuvenileArthritisbeiPsoriasis(L40.5+)\Schulter";"M090"
5835;")JuvenileArthritisbeiPsoriasis(L40.5+)\Hand";"M090"
5836;")JuvenileArthritisbeiPsoriasis(L40.5+)\Becken/Obersch.";"M090"
5837;")JuvenileArthritisbeiPsoriasis(L40.5+)\Knie/Untersch.";"M090"
5838;")JuvenileArthritisbeiPsoriasis(L40.5+)\Knöchel/Fuß";"M090"
5839;")JuvenileArthritisbeiPsoriasis(L40.5+)\sonstigeLok.";"M090"
5840;")JuvenileArthritisbeiPsoriasis(L40.5+)\NNBLokalis.";"M090"
5841;"JuvenileArthritisbeiCrohn-Krankheit[Enteritisregionalis](K50.-+)";"M091"
5842;")JuvenileArthritisbeiCrohn-Krankheit[Enteritisregionalis](K50.-+)\MehrereLok.";"M091"
5849;")JuvenileArthritisbeiCrohn-Krankheit[Enteritisregionalis](K50.-+)\Knöchel/Fuß";"M091"
5851;")JuvenileArthritisbeiCrohn-Krankheit[Enteritisregionalis](K50.-+)\NNBLokalis.";"M091"
5852;"JuvenileArthritisbeiColitisulcerosa(K51.-+)";"M092"
5863;"JuvenileArthritisbeisonstigenanderenortsklassifiziertenKrankheiten";"M098"
5864;")JuvenileArthritisbeisonstigenanderenortsklassifiziertenKrankheiten\MehrereLok.";"M098"
5868;")JuvenileArthritisbeisonstigenanderenortsklassifiziertenKrankheiten\Hand";"M098"
5870;")JuvenileArthritisbeisonstigenanderenortsklassifiziertenKrankheiten\Knie/Untersch.";"M098"
5871;")JuvenileArthritisbeisonstigenanderenortsklassifiziertenKrankheiten\Knöchel/Fuß";"M098"
5873;")JuvenileArthritisbeisonstigenanderenortsklassifiziertenKrankheiten\NNBLokalis.";"M098"
5875;"IdiopathischeGicht,Gicht-Bursitis,GichttophidesHerzens+(I43.8*),PrimäreGicht";"M100"
5876;")IdiopathischeGicht\MehrereLok.";"M100"
5877;")IdiopathischeGicht\Schulter";"M100"
5878;")IdiopathischeGicht\Oberarm";"M100"
5879;")IdiopathischeGicht\Unterarm";"M100"
5880;")IdiopathischeGicht\Hand";"M100"
5881;")IdiopathischeGicht\Becken/Obersch.";"M100"
5882;")IdiopathischeGicht\Knie/Untersch.";"M100"
5883;")IdiopathischeGicht\Knöchel/Fuß";"M100"
5884;")IdiopathischeGicht\sonstigeLok.";"M100"
5885;")IdiopathischeGicht\NNBLokalis.";"M100"
5886;"Bleigicht";"M101"
5890;")Bleigicht\Unterarm";"M101"
5891;")Bleigicht\Hand";"M101"
5893;")Bleigicht\Knie/Untersch.";"M101"
5894;")Bleigicht\Knöchel/Fuß";"M101"
5895;")Bleigicht\sonstigeLok.";"M101"
5896;")Bleigicht\NNBLokalis.";"M101"
5897;"ArzneimittelinduzierteGicht";"M102"
5898;")ArzneimittelinduzierteGicht\MehrereLok.";"M102"
5899;")ArzneimittelinduzierteGicht\Schulter";"M102"
5900;")ArzneimittelinduzierteGicht\Oberarm";"M102"
5901;")ArzneimittelinduzierteGicht\Unterarm";"M102"
5902;")ArzneimittelinduzierteGicht\Hand";"M102"
5903;")ArzneimittelinduzierteGicht\Becken/Obersch.";"M102"
5904;")ArzneimittelinduzierteGicht\Knie/Untersch.";"M102"
5905;")ArzneimittelinduzierteGicht\Knöchel/Fuß";"M102"
5906;")ArzneimittelinduzierteGicht\sonstigeLok.";"M102"
5907;")ArzneimittelinduzierteGicht\NNBLokalis.";"M102"
5908;"GichtdurchNierenfunktionsstörung";"M103"
5909;")GichtdurchNierenfunktionsstörung\MehrereLok.";"M103"
5910;")GichtdurchNierenfunktionsstörung\Schulter";"M103"
5912;")GichtdurchNierenfunktionsstörung\Unterarm";"M103"
5913;")GichtdurchNierenfunktionsstörung\Hand";"M103"
5914;")GichtdurchNierenfunktionsstörung\Becken/Obersch.";"M103"
5915;")GichtdurchNierenfunktionsstörung\Knie/Untersch.";"M103"
5916;")GichtdurchNierenfunktionsstörung\Knöchel/Fuß";"M103"
5917;")GichtdurchNierenfunktionsstörung\sonstigeLok.";"M103"
5918;")GichtdurchNierenfunktionsstörung\NNBLokalis.";"M103"
5919;"SonstigesekundäreGicht";"M104"
5920;")SonstigesekundäreGicht\MehrereLok.";"M104"
5921;")SonstigesekundäreGicht\Schulter";"M104"
5922;")SonstigesekundäreGicht\Oberarm";"M104"
5923;")SonstigesekundäreGicht\Unterarm";"M104"
5924;")SonstigesekundäreGicht\Hand";"M104"
5925;")SonstigesekundäreGicht\Becken/Obersch.";"M104"
5926;")SonstigesekundäreGicht\Knie/Untersch.";"M104"
5927;")SonstigesekundäreGicht\Knöchel/Fuß";"M104"
5928;")SonstigesekundäreGicht\sonstigeLok.";"M104"
5929;")SonstigesekundäreGicht\NNBLokalis.";"M104"
5930;"Gicht,nichtnäherbezeichnet";"M109"
5931;")Gicht,nichtnäherbezeichnet\MehrereLok.";"M109"
5932;")Gicht,nichtnäherbezeichnet\Schulter";"M109"
5933;")Gicht,nichtnäherbezeichnet\Oberarm";"M109"
5934;")Gicht,nichtnäherbezeichnet\Unterarm";"M109"
5935;")Gicht,nichtnäherbezeichnet\Hand";"M109"
5936;")Gicht,nichtnäherbezeichnet\Becken/Obersch.";"M109"
5937;")Gicht,nichtnäherbezeichnet\Knie/Untersch.";"M109"
5938;")Gicht,nichtnäherbezeichnet\Knöchel/Fuß";"M109"
5939;")Gicht,nichtnäherbezeichnet\sonstigeLok.";"M109"
5940;")Gicht,nichtnäherbezeichnet\NNBLokalis.";"M109"
5942;"Apatitrheumatismus";"M110"
5943;")Apatitrheumatismus\MehrereLok.";"M110"
5944;")Apatitrheumatismus\Schulter";"M110"
5947;")Apatitrheumatismus\Hand";"M110"
5948;")Apatitrheumatismus\Becken/Obersch.";"M110"
5949;")Apatitrheumatismus\Knie/Untersch.";"M110"
5951;")Apatitrheumatismus\sonstigeLok.";"M110"
5953;"FamiliäreChondrokalzinose";"M111"
5954;")FamiliäreChondrokalzinose\MehrereLok.";"M111"
5955;")FamiliäreChondrokalzinose\Schulter";"M111"
5957;")FamiliäreChondrokalzinose\Unterarm";"M111"
5958;")FamiliäreChondrokalzinose\Hand";"M111"
5959;")FamiliäreChondrokalzinose\Becken/Obersch.";"M111"
5960;")FamiliäreChondrokalzinose\Knie/Untersch.";"M111"
5962;")FamiliäreChondrokalzinose\sonstigeLok.";"M111"
5963;")FamiliäreChondrokalzinose\NNBLokalis.";"M111"
5964;"SonstigeChondrokalzinose,Chondrokalzinoseo.n.A.";"M112"
5965;")SonstigeChondrokalzinose,Chondrokalzinoseo.n.A.\MehrereLok.";"M112"
5966;")SonstigeChondrokalzinose,Chondrokalzinoseo.n.A.\Schulter";"M112"
5967;")SonstigeChondrokalzinose,Chondrokalzinoseo.n.A.\Oberarm";"M112"
5968;")SonstigeChondrokalzinose,Chondrokalzinoseo.n.A.\Unterarm";"M112"
5969;")SonstigeChondrokalzinose,Chondrokalzinoseo.n.A.\Hand";"M112"
5970;")SonstigeChondrokalzinose,Chondrokalzinoseo.n.A.\Becken/Obersch.";"M112"
5971;")SonstigeChondrokalzinose,Chondrokalzinoseo.n.A.\Knie/Untersch.";"M112"
5972;")SonstigeChondrokalzinose,Chondrokalzinoseo.n.A.\Knöchel/Fuß";"M112"
5973;")SonstigeChondrokalzinose,Chondrokalzinoseo.n.A.\sonstigeLok.";"M112"
5974;")SonstigeChondrokalzinose,Chondrokalzinoseo.n.A.\NNBLokalis.";"M112"
5975;"SonstigenäherbezeichneteKristall-Arthropathien";"M118"
5976;")SonstigenäherbezeichneteKristall-Arthropathien\MehrereLok.";"M118"
5977;")SonstigenäherbezeichneteKristall-Arthropathien\Schulter";"M118"
5978;")SonstigenäherbezeichneteKristall-Arthropathien\Oberarm";"M118"
5979;")SonstigenäherbezeichneteKristall-Arthropathien\Unterarm";"M118"
5980;")SonstigenäherbezeichneteKristall-Arthropathien\Hand";"M118"
5981;")SonstigenäherbezeichneteKristall-Arthropathien\Becken/Obersch.";"M118"
5982;")SonstigenäherbezeichneteKristall-Arthropathien\Knie/Untersch.";"M118"
5983;")SonstigenäherbezeichneteKristall-Arthropathien\Knöchel/Fuß";"M118"
5984;")SonstigenäherbezeichneteKristall-Arthropathien\sonstigeLok.";"M118"
5985;")SonstigenäherbezeichneteKristall-Arthropathien\NNBLokalis.";"M118"
5986;"Kristall-Arthropathie,nichtnäherbezeichnet";"M119"
5987;")Kristall-Arthropathie,nichtnäherbezeichnet\MehrereLok.";"M119"
5988;")Kristall-Arthropathie,nichtnäherbezeichnet\Schulter";"M119"
5989;")Kristall-Arthropathie,nichtnäherbezeichnet\Oberarm";"M119"
5990;")Kristall-Arthropathie,nichtnäherbezeichnet\Unterarm";"M119"
5991;")Kristall-Arthropathie,nichtnäherbezeichnet\Hand";"M119"
5992;")Kristall-Arthropathie,nichtnäherbezeichnet\Becken/Obersch.";"M119"
5993;")Kristall-Arthropathie,nichtnäherbezeichnet\Knie/Untersch.";"M119"
5994;")Kristall-Arthropathie,nichtnäherbezeichnet\Knöchel/Fuß";"M119"
5995;")Kristall-Arthropathie,nichtnäherbezeichnet\sonstigeLok.";"M119"
5996;")Kristall-Arthropathie,nichtnäherbezeichnet\NNBLokalis.";"M119"
5998;"ChronischepostrheumatischeArthritis[Jaccoud-Arthritis]";"M120"
5999;")ChronischepostrheumatischeArthritis[Jaccoud-Arthritis]\MehrereLok.";"M120"
6000;")ChronischepostrheumatischeArthritis[Jaccoud-Arthritis]\Schulter";"M120"
6001;")ChronischepostrheumatischeArthritis[Jaccoud-Arthritis]\Oberarm";"M120"
6002;")ChronischepostrheumatischeArthritis[Jaccoud-Arthritis]\Unterarm";"M120"
6003;")ChronischepostrheumatischeArthritis[Jaccoud-Arthritis]\Hand";"M120"
6004;")ChronischepostrheumatischeArthritis[Jaccoud-Arthritis]\Becken/Obersch.";"M120"
6005;")ChronischepostrheumatischeArthritis[Jaccoud-Arthritis]\Knie/Untersch.";"M120"
6006;")ChronischepostrheumatischeArthritis[Jaccoud-Arthritis]\Knöchel/Fuß";"M120"
6007;")ChronischepostrheumatischeArthritis[Jaccoud-Arthritis]\sonstigeLok.";"M120"
6008;")ChronischepostrheumatischeArthritis[Jaccoud-Arthritis]\NNBLokalis.";"M120"
6009;"Kaschin-Beck-Krankheit";"M121"
6013;")Kaschin-Beck-Krankheit\Unterarm";"M121"
6016;")Kaschin-Beck-Krankheit\Knie/Untersch.";"M121"
6019;")Kaschin-Beck-Krankheit\NNBLokalis.";"M121"
6020;"VillonoduläreSynovitis(pigmentiert)";"M122"
6021;")VillonoduläreSynovitis(pigmentiert)\MehrereLok.";"M122"
6022;")VillonoduläreSynovitis(pigmentiert)\Schulter";"M122"
6023;")VillonoduläreSynovitis(pigmentiert)\Oberarm";"M122"
6024;")VillonoduläreSynovitis(pigmentiert)\Unterarm";"M122"
6025;")VillonoduläreSynovitis(pigmentiert)\Hand";"M122"
6026;")VillonoduläreSynovitis(pigmentiert)\Becken/Obersch.";"M122"
6027;")VillonoduläreSynovitis(pigmentiert)\Knie/Untersch.";"M122"
6028;")VillonoduläreSynovitis(pigmentiert)\Knöchel/Fuß";"M122"
6029;")VillonoduläreSynovitis(pigmentiert)\sonstigeLok.";"M122"
6030;")VillonoduläreSynovitis(pigmentiert)\NNBLokalis.";"M122"
6031;"PalindromerRheumatismus";"M123"
6032;")PalindromerRheumatismus\MehrereLok.";"M123"
6033;")PalindromerRheumatismus\Schulter";"M123"
6036;")PalindromerRheumatismus\Hand";"M123"
6039;")PalindromerRheumatismus\Knöchel/Fuß";"M123"
6040;")PalindromerRheumatismus\sonstigeLok.";"M123"
6041;")PalindromerRheumatismus\NNBLokalis.";"M123"
6042;"Hydropsintermittens";"M124"
6043;")Hydropsintermittens\MehrereLok.";"M124"
6044;")Hydropsintermittens\Schulter";"M124"
6045;")Hydropsintermittens\Oberarm";"M124"
6046;")Hydropsintermittens\Unterarm";"M124"
6047;")Hydropsintermittens\Hand";"M124"
6048;")Hydropsintermittens\Becken/Obersch.";"M124"
6049;")Hydropsintermittens\Knie/Untersch.";"M124"
6050;")Hydropsintermittens\Knöchel/Fuß";"M124"
6051;")Hydropsintermittens\sonstigeLok.";"M124"
6052;")Hydropsintermittens\NNBLokalis.";"M124"
6053;"TraumatischeArthropathie";"M125"
6054;")TraumatischeArthropathie\MehrereLok.";"M125"
6055;")TraumatischeArthropathie\Schulter";"M125"
6056;")TraumatischeArthropathie\Oberarm";"M125"
6057;")TraumatischeArthropathie\Unterarm";"M125"
6058;")TraumatischeArthropathie\Hand";"M125"
6059;")TraumatischeArthropathie\Becken/Obersch.";"M125"
6060;")TraumatischeArthropathie\Knie/Untersch.";"M125"
6061;")TraumatischeArthropathie\Knöchel/Fuß";"M125"
6062;")TraumatischeArthropathie\sonstigeLok.";"M125"
6063;")TraumatischeArthropathie\NNBLokalis.";"M125"
6064;"SonstigenäherbezeichneteArthropathien,anderenortsnichtklassifiziert,TransitorischeArthropathie";"M128"
6065;")SonstigenäherbezeichneteArthropathien,anderenortsnichtklassifiziert,TransitorischeArthropathie\MehrereLok.";"M128"
6066;")SonstigenäherbezeichneteArthropathien,anderenortsnichtklassifiziert,TransitorischeArthropathie\Schulter";"M128"
6067;")SonstigenäherbezeichneteArthropathien,anderenortsnichtklassifiziert,TransitorischeArthropathie\Oberarm";"M128"
6068;")SonstigenäherbezeichneteArthropathien,anderenortsnichtklassifiziert,TransitorischeArthropathie\Unterarm";"M128"
6069;")SonstigenäherbezeichneteArthropathien,anderenortsnichtklassifiziert,TransitorischeArthropathie\Hand";"M128"
6070;")SonstigenäherbezeichneteArthropathien,anderenortsnichtklassifiziert,TransitorischeArthropathie\Becken/Obersch.";"M128"
6071;")SonstigenäherbezeichneteArthropathien,anderenortsnichtklassifiziert,TransitorischeArthropathie\Knie/Untersch.";"M128"
6072;")SonstigenäherbezeichneteArthropathien,anderenortsnichtklassifiziert,TransitorischeArthropathie\Knöchel/Fuß";"M128"
6073;")SonstigenäherbezeichneteArthropathien,anderenortsnichtklassifiziert,TransitorischeArthropathie\sonstigeLok.";"M128"
6074;")SonstigenäherbezeichneteArthropathien,anderenortsnichtklassifiziert,TransitorischeArthropathie\NNBLokalis.";"M128"
6076;"Polyarthritis,nichtnäherbezeichnet";"M130"
6077;")Polyarthritis,nichtnäherbezeichnet\MehrereLok.";"M130"
6078;")Polyarthritis,nichtnäherbezeichnet\Schulter";"M130"
6079;")Polyarthritis,nichtnäherbezeichnet\Oberarm";"M130"
6080;")Polyarthritis,nichtnäherbezeichnet\Unterarm";"M130"
6081;")Polyarthritis,nichtnäherbezeichnet\Hand";"M130"
6082;")Polyarthritis,nichtnäherbezeichnet\Becken/Obersch.";"M130"
6083;")Polyarthritis,nichtnäherbezeichnet\Knie/Untersch.";"M130"
6084;")Polyarthritis,nichtnäherbezeichnet\Knöchel/Fuß";"M130"
6085;")Polyarthritis,nichtnäherbezeichnet\sonstigeLok.";"M130"
6086;")Polyarthritis,nichtnäherbezeichnet\NNBLokalis.";"M130"
6087;"Monarthritis,anderenortsnichtklassifiziert";"M131"
6088;")Monarthritis,anderenortsnichtklassifiziert\MehrereLok.";"M131"
6089;")Monarthritis,anderenortsnichtklassifiziert\Schulter";"M131"
6090;")Monarthritis,anderenortsnichtklassifiziert\Oberarm";"M131"
6091;")Monarthritis,anderenortsnichtklassifiziert\Unterarm";"M131"
6092;")Monarthritis,anderenortsnichtklassifiziert\Hand";"M131"
6093;")Monarthritis,anderenortsnichtklassifiziert\Becken/Obersch.";"M131"
6094;")Monarthritis,anderenortsnichtklassifiziert\Knie/Untersch.";"M131"
6095;")Monarthritis,anderenortsnichtklassifiziert\Knöchel/Fuß";"M131"
6096;")Monarthritis,anderenortsnichtklassifiziert\sonstigeLok.";"M131"
6097;")Monarthritis,anderenortsnichtklassifiziert\NNBLokalis.";"M131"
6098;"SonstigenäherbezeichneteArthritis,AllergischeArthritis";"M138"
6099;")SonstigenäherbezeichneteArthritis,AllergischeArthritis\MehrereLok.";"M138"
6100;")SonstigenäherbezeichneteArthritis,AllergischeArthritis\Schulter";"M138"
6101;")SonstigenäherbezeichneteArthritis,AllergischeArthritis\Oberarm";"M138"
6102;")SonstigenäherbezeichneteArthritis,AllergischeArthritis\Unterarm";"M138"
6103;")SonstigenäherbezeichneteArthritis,AllergischeArthritis\Hand";"M138"
6104;")SonstigenäherbezeichneteArthritis,AllergischeArthritis\Becken/Obersch.";"M138"
6105;")SonstigenäherbezeichneteArthritis,AllergischeArthritis\Knie/Untersch.";"M138"
6106;")SonstigenäherbezeichneteArthritis,AllergischeArthritis\Knöchel/Fuß";"M138"
6107;")SonstigenäherbezeichneteArthritis,AllergischeArthritis\sonstigeLok.";"M138"
6108;")SonstigenäherbezeichneteArthritis,AllergischeArthritis\NNBLokalis.";"M138"
6109;"Arthritis,nichtnäherbezeichnet,EntzündlicheArthropathieo.n.A.";"M139"
6110;")Arthritis,nichtnäherbezeichnet,EntzündlicheArthropathieo.n.A.\MehrereLok.";"M139"
6111;")Arthritis,nichtnäherbezeichnet,EntzündlicheArthropathieo.n.A.\Schulter";"M139"
6112;")Arthritis,nichtnäherbezeichnet,EntzündlicheArthropathieo.n.A.\Oberarm";"M139"
6113;")Arthritis,nichtnäherbezeichnet,EntzündlicheArthropathieo.n.A.\Unterarm";"M139"
6114;")Arthritis,nichtnäherbezeichnet,EntzündlicheArthropathieo.n.A.\Hand";"M139"
6115;")Arthritis,nichtnäherbezeichnet,EntzündlicheArthropathieo.n.A.\Becken/Obersch.";"M139"
6116;")Arthritis,nichtnäherbezeichnet,EntzündlicheArthropathieo.n.A.\Knie/Untersch.";"M139"
6117;")Arthritis,nichtnäherbezeichnet,EntzündlicheArthropathieo.n.A.\Knöchel/Fuß";"M139"
6118;")Arthritis,nichtnäherbezeichnet,EntzündlicheArthropathieo.n.A.\sonstigeLok.";"M139"
6119;")Arthritis,nichtnäherbezeichnet,EntzündlicheArthropathieo.n.A.\NNBLokalis.";"M139"
6121;"Gicht-ArthropathiedurchEnzymdefekteundsonstigeangeboreneKrankheiten,Gicht-Arthropathiebei:Lesch-Nyhan-Syndrom(E79.1+),Sichelzellenkrankheiten(D57.-+)";"M140"
6122;")Gicht-ArthropathiedurchEnzymdefekteundsonstigeangeboreneKrankheiten,Gicht-Arthropathiebei:Lesch-Nyhan-Syndrom(E79.1+),Sichelzellenkrankheiten(D57.-+)\MehrereLok.";"M140"
6123;")Gicht-ArthropathiedurchEnzymdefekteundsonstigeangeboreneKrankheiten,Gicht-Arthropathiebei:Lesch-Nyhan-Syndrom(E79.1+),Sichelzellenkrankheiten(D57.-+)\Schulter";"M140"
6128;")Gicht-ArthropathiedurchEnzymdefekteundsonstigeangeboreneKrankheiten,Gicht-Arthropathiebei:Lesch-Nyhan-Syndrom(E79.1+),Sichelzellenkrankheiten(D57.-+)\Knie/Untersch.";"M140"
6131;")Gicht-ArthropathiedurchEnzymdefekteundsonstigeangeboreneKrankheiten,Gicht-Arthropathiebei:Lesch-Nyhan-Syndrom(E79.1+),Sichelzellenkrankheiten(D57.-+)\NNBLokalis.";"M140"
6137;")Kristall-ArthropathiebeisonstigenStoffwechselstörungen,Kristall-ArthropathiebeiHyperparathyreoidismus(E21.-+)\Hand";"M141"
6142;")Kristall-ArthropathiebeisonstigenStoffwechselstörungen,Kristall-ArthropathiebeiHyperparathyreoidismus(E21.-+)\NNBLokalis.";"M141"
6143;"DiabetischeArthropathie(E10-E14+,vierteStelle.6)";"M142"
6144;")DiabetischeArthropathie(E10-E14+,vierteStelle.6)\MehrereLok.";"M142"
6145;")DiabetischeArthropathie(E10-E14+,vierteStelle.6)\Schulter";"M142"
6148;")DiabetischeArthropathie(E10-E14+,vierteStelle.6)\Hand";"M142"
6151;")DiabetischeArthropathie(E10-E14+,vierteStelle.6)\Knöchel/Fuß";"M142"
6152;")DiabetischeArthropathie(E10-E14+,vierteStelle.6)\sonstigeLok.";"M142"
6153;")DiabetischeArthropathie(E10-E14+,vierteStelle.6)\NNBLokalis.";"M142"
6154;"MultizentrischeRetikulohistiozytose(E78.8+),Lipoid-Dermatoarthritis";"M143"
6165;"ArthropathiebeiAmyloidose(E85.-+)";"M144"
6176;"Arthropathienbeisonstigenendokrinen,Ernährungs-undStoffwechselkrankheiten";"M145"
6186;")Arthropathienbeisonstigenendokrinen,Ernährungs-undStoffwechselkrankheiten\NNBLokalis.";"M145"
6187;"NeuropathischeArthropathie";"M146"
6188;")NeuropathischeArthropathie\MehrereLok.";"M146"
6189;")NeuropathischeArthropathie\Schulter";"M146"
6195;")NeuropathischeArthropathie\Knöchel/Fuß";"M146"
6197;")NeuropathischeArthropathie\NNBLokalis.";"M146"
6198;"Arthropathienbeisonstigennäherbezeichneten,anderenortsklassifiziertenKrankheiten";"M148"
6199;")Arthropathienbeisonstigennäherbezeichneten,anderenortsklassifiziertenKrankheiten\MehrereLok.";"M148"
6200;")Arthropathienbeisonstigennäherbezeichneten,anderenortsklassifiziertenKrankheiten\Schulter";"M148"
6203;")Arthropathienbeisonstigennäherbezeichneten,anderenortsklassifiziertenKrankheiten\Hand";"M148"
6206;")Arthropathienbeisonstigennäherbezeichneten,anderenortsklassifiziertenKrankheiten\Knöchel/Fuß";"M148"
6207;")Arthropathienbeisonstigennäherbezeichneten,anderenortsklassifiziertenKrankheiten\sonstigeLok.";"M148"
6208;")Arthropathienbeisonstigennäherbezeichneten,anderenortsklassifiziertenKrankheiten\NNBLokalis.";"M148"
6210;"Primäregeneralisierte(Osteo-)Arthrose";"M150"
6211;"Heberden-Knoten(mitArthropathie)";"M151"
6212;"Bouchard-Knoten(mitArthropathie)";"M152"
6213;"SekundäremultipleArthrose,PosttraumatischePolyarthrose";"M153"
6214;"Erosive(Osteo-)Arthrose";"M154"
6215;"SonstigePolyarthrose";"M158"
6216;"Polyarthrose,nichtnäherbezeichnet,Generalisierte(Osteo-)Arthroseo.n.A.";"M159"
6218;"PrimäreKoxarthrose,beidseitig";"M160"
6219;"SonstigeprimäreKoxarthrose,PrimäreKoxarthrose:einseitig,o.n.A.";"M161"
6220;"KoxarthrosealsFolgeeinerDysplasie,beidseitig";"M162"
6221;"SonstigedysplastischeKoxarthrose,DysplastischeKoxarthrose:einseitig,o.n.A.";"M163"
6222;"PosttraumatischeKoxarthrose,beidseitig";"M164"
6223;"SonstigeposttraumatischeKoxarthrose,PosttraumatischeKoxarthrose:einseitig,o.n.A.";"M165"
6224;"SonstigesekundäreKoxarthrose,beidseitig";"M166"
6225;"SonstigesekundäreKoxarthrose,SekundäreKoxarthrose:einseitig,o.n.A.";"M167"
6226;"Koxarthrose,nichtnäherbezeichnet";"M169"
6228;"PrimäreGonarthrose,beidseitig";"M170"
6229;"SonstigeprimäreGonarthrose,PrimäreGonarthrose:einseitig,o.n.A.";"M171"
6230;"PosttraumatischeGonarthrose,beidseitig";"M172"
6231;"SonstigeposttraumatischeGonarthrose,PosttraumatischeGonarthrose:einseitig,o.n.A.";"M173"
6232;"SonstigesekundäreGonarthrose,beidseitig";"M174"
6233;"SonstigesekundäreGonarthrose,SekundäreGonarthrose:einseitig,o.n.A.";"M175"
6234;"Gonarthrose,nichtnäherbezeichnet";"M179"
6236;"PrimäreRhizarthrose,beidseitig";"M180"
6237;"SonstigeprimäreRhizarthrose,PrimäreRhizarthrose:einseitig,o.n.A.";"M181"
6238;"PosttraumatischeRhizarthrose,beidseitig";"M182"
6239;"SonstigeposttraumatischeRhizarthrose,PosttraumatischeRhizarthrose:einseitig,o.n.A.";"M183"
6240;"SonstigesekundäreRhizarthrose,beidseitig";"M184"
6241;"SonstigesekundäreRhizarthrose,SekundäreRhizarthrose:einseitig,o.n.A.";"M185"
6242;"Rhizarthrose,nichtnäherbezeichnet";"M189"
6244;"PrimäreArthrosesonstigerGelenke,PrimäreArthroseo.n.A.";"M190"
6245;")PrimäreArthrosesonstigerGelenke,PrimäreArthroseo.n.A.\MehrereLok.";"M190"
6246;")PrimäreArthrosesonstigerGelenke,PrimäreArthroseo.n.A.\Schulter";"M190"
6247;")PrimäreArthrosesonstigerGelenke,PrimäreArthroseo.n.A.\Oberarm";"M190"
6248;")PrimäreArthrosesonstigerGelenke,PrimäreArthroseo.n.A.\Unterarm";"M190"
6249;")PrimäreArthrosesonstigerGelenke,PrimäreArthroseo.n.A.\Hand";"M190"
6250;")PrimäreArthrosesonstigerGelenke,PrimäreArthroseo.n.A.\Becken/Obersch.";"M190"
6251;")PrimäreArthrosesonstigerGelenke,PrimäreArthroseo.n.A.\Knie/Untersch.";"M190"
6252;")PrimäreArthrosesonstigerGelenke,PrimäreArthroseo.n.A.\Knöchel/Fuß";"M190"
6253;")PrimäreArthrosesonstigerGelenke,PrimäreArthroseo.n.A.\sonstigeLok.";"M190"
6254;")PrimäreArthrosesonstigerGelenke,PrimäreArthroseo.n.A.\NNBLokalis.";"M190"
6255;"PosttraumatischeArthrosesonstigerGelenke,PosttraumatischeArthroseo.n.A.";"M191"
6256;")PosttraumatischeArthrosesonstigerGelenke,PosttraumatischeArthroseo.n.A.\MehrereLok.";"M191"
6257;")PosttraumatischeArthrosesonstigerGelenke,PosttraumatischeArthroseo.n.A.\Schulter";"M191"
6258;")PosttraumatischeArthrosesonstigerGelenke,PosttraumatischeArthroseo.n.A.\Oberarm";"M191"
6259;")PosttraumatischeArthrosesonstigerGelenke,PosttraumatischeArthroseo.n.A.\Unterarm";"M191"
6260;")PosttraumatischeArthrosesonstigerGelenke,PosttraumatischeArthroseo.n.A.\Hand";"M191"
6261;")PosttraumatischeArthrosesonstigerGelenke,PosttraumatischeArthroseo.n.A.\Becken/Obersch.";"M191"
6262;")PosttraumatischeArthrosesonstigerGelenke,PosttraumatischeArthroseo.n.A.\Knie/Untersch.";"M191"
6263;")PosttraumatischeArthrosesonstigerGelenke,PosttraumatischeArthroseo.n.A.\Knöchel/Fuß";"M191"
6264;")PosttraumatischeArthrosesonstigerGelenke,PosttraumatischeArthroseo.n.A.\sonstigeLok.";"M191"
6265;")PosttraumatischeArthrosesonstigerGelenke,PosttraumatischeArthroseo.n.A.\NNBLokalis.";"M191"
6266;"SonstigesekundäreArthrose,SekundäreArthroseo.n.A.";"M192"
6267;")SonstigesekundäreArthrose,SekundäreArthroseo.n.A.\MehrereLok.";"M192"
6268;")SonstigesekundäreArthrose,SekundäreArthroseo.n.A.\Schulter";"M192"
6269;")SonstigesekundäreArthrose,SekundäreArthroseo.n.A.\Oberarm";"M192"
6270;")SonstigesekundäreArthrose,SekundäreArthroseo.n.A.\Unterarm";"M192"
6271;")SonstigesekundäreArthrose,SekundäreArthroseo.n.A.\Hand";"M192"
6272;")SonstigesekundäreArthrose,SekundäreArthroseo.n.A.\Becken/Obersch.";"M192"
6273;")SonstigesekundäreArthrose,SekundäreArthroseo.n.A.\Knie/Untersch.";"M192"
6274;")SonstigesekundäreArthrose,SekundäreArthroseo.n.A.\Knöchel/Fuß";"M192"
6275;")SonstigesekundäreArthrose,SekundäreArthroseo.n.A.\sonstigeLok.";"M192"
6276;")SonstigesekundäreArthrose,SekundäreArthroseo.n.A.\NNBLokalis.";"M192"
6277;"SonstigenäherbezeichneteArthrose";"M198"
6278;")SonstigenäherbezeichneteArthrose\MehrereLok.";"M198"
6279;")SonstigenäherbezeichneteArthrose\Schulter";"M198"
6280;")SonstigenäherbezeichneteArthrose\Oberarm";"M198"
6281;")SonstigenäherbezeichneteArthrose\Unterarm";"M198"
6282;")SonstigenäherbezeichneteArthrose\Hand";"M198"
6283;")SonstigenäherbezeichneteArthrose\Becken/Obersch.";"M198"
6284;")SonstigenäherbezeichneteArthrose\Knie/Untersch.";"M198"
6285;")SonstigenäherbezeichneteArthrose\Knöchel/Fuß";"M198"
6286;")SonstigenäherbezeichneteArthrose\sonstigeLok.";"M198"
6287;")SonstigenäherbezeichneteArthrose\NNBLokalis.";"M198"
6288;"Arthrose,nichtnäherbezeichnet";"M199"
6289;")Arthrose,nichtnäherbezeichnet\MehrereLok.";"M199"
6290;")Arthrose,nichtnäherbezeichnet\Schulter";"M199"
6291;")Arthrose,nichtnäherbezeichnet\Oberarm";"M199"
6292;")Arthrose,nichtnäherbezeichnet\Unterarm";"M199"
6293;")Arthrose,nichtnäherbezeichnet\Hand";"M199"
6294;")Arthrose,nichtnäherbezeichnet\Becken/Obersch.";"M199"
6295;")Arthrose,nichtnäherbezeichnet\Knie/Untersch.";"M199"
6296;")Arthrose,nichtnäherbezeichnet\Knöchel/Fuß";"M199"
6297;")Arthrose,nichtnäherbezeichnet\sonstigeLok.";"M199"
6298;")Arthrose,nichtnäherbezeichnet\NNBLokalis.";"M199"
6300;"DeformitäteinesodermehrererFinger,Knopfloch-undSchwanenhalsdeformität";"M200"
6301;"Halluxvalgus(erworben),Fußballenentzündung";"M201"
6302;"Halluxrigidus";"M202"
6303;"SonstigeDeformitätderGroßzehe(erworben),Halluxvarus";"M203"
6304;"SonstigeHammerzehe(n)(erworben)";"M204"
6305;"SonstigeDeformitätenderZehe(n)(erworben)";"M205"
6306;"ErworbeneDeformitätderZehe(n),nichtnäherbezeichnet";"M206"
6308;"Valgusdeformität,anderenortsnichtklassifiziert";"M210"
6309;")Valgusdeformität,anderenortsnichtklassifiziert\MehrereLok.";"M210"
6311;")Valgusdeformität,anderenortsnichtklassifiziert\Oberarm";"M210"
6312;")Valgusdeformität,anderenortsnichtklassifiziert\Unterarm";"M210"
6313;")Valgusdeformität,anderenortsnichtklassifiziert\Hand";"M210"
6314;")Valgusdeformität,anderenortsnichtklassifiziert\Becken/Obersch.";"M210"
6315;")Valgusdeformität,anderenortsnichtklassifiziert\Knie/Untersch.";"M210"
6316;")Valgusdeformität,anderenortsnichtklassifiziert\Knöchel/Fuß";"M210"
6317;")Valgusdeformität,anderenortsnichtklassifiziert\sonstigeLok.";"M210"
6318;")Valgusdeformität,anderenortsnichtklassifiziert\NNBLokalis.";"M210"
6319;"Varusdeformität,anderenortsnichtklassifiziert";"M211"
6320;")Varusdeformität,anderenortsnichtklassifiziert\MehrereLok.";"M211"
6321;")Varusdeformität,anderenortsnichtklassifiziert\Schulter";"M211"
6322;")Varusdeformität,anderenortsnichtklassifiziert\Oberarm";"M211"
6323;")Varusdeformität,anderenortsnichtklassifiziert\Unterarm";"M211"
6324;")Varusdeformität,anderenortsnichtklassifiziert\Hand";"M211"
6325;")Varusdeformität,anderenortsnichtklassifiziert\Becken/Obersch.";"M211"
6326;")Varusdeformität,anderenortsnichtklassifiziert\Knie/Untersch.";"M211"
6327;")Varusdeformität,anderenortsnichtklassifiziert\Knöchel/Fuß";"M211"
6328;")Varusdeformität,anderenortsnichtklassifiziert\sonstigeLok.";"M211"
6329;")Varusdeformität,anderenortsnichtklassifiziert\NNBLokalis.";"M211"
6330;"Flexionsdeformität";"M212"
6331;")Flexionsdeformität\MehrereLok.";"M212"
6333;")Flexionsdeformität\Oberarm";"M212"
6334;")Flexionsdeformität\Unterarm";"M212"
6335;")Flexionsdeformität\Hand";"M212"
6336;")Flexionsdeformität\Becken/Obersch.";"M212"
6337;")Flexionsdeformität\Knie/Untersch.";"M212"
6338;")Flexionsdeformität\Knöchel/Fuß";"M212"
6339;")Flexionsdeformität\sonstigeLok.";"M212"
6340;")Flexionsdeformität\NNBLokalis.";"M212"
6341;"FallhandoderHängefuß(erworben)";"M213"
6342;")FallhandoderHängefuß(erworben)\MehrereLok.";"M213"
6343;")FallhandoderHängefuß(erworben)\Hand";"M213"
6344;")FallhandoderHängefuß(erworben)\NNBLokalis.";"M213"
6345;"Plattfuß[Pesplanus](erworben)";"M214"
6346;"ErworbeneKlauenhand,Klumphand,erworbenerKlauenfußundKlumpfuß";"M215"
6347;"SonstigeerworbeneDeformitätendesKnöchelsunddesFußes";"M216"
6348;"UnterschiedlicheExtremitätenlänge(erworben)";"M217"
6349;")UnterschiedlicheExtremitätenlänge(erworben)\MehrereLok.";"M217"
6350;")UnterschiedlicheExtremitätenlänge(erworben)\Oberarm";"M217"
6351;")UnterschiedlicheExtremitätenlänge(erworben)\Unterarm";"M217"
6352;")UnterschiedlicheExtremitätenlänge(erworben)\Hand";"M217"
6353;")UnterschiedlicheExtremitätenlänge(erworben)\Becken/Obersch.";"M217"
6354;")UnterschiedlicheExtremitätenlänge(erworben)\Knie/Untersch.";"M217"
6355;")UnterschiedlicheExtremitätenlänge(erworben)\Knöchel/Fuß";"M217"
6356;")UnterschiedlicheExtremitätenlänge(erworben)\sonstigeLok.";"M217"
6357;")UnterschiedlicheExtremitätenlänge(erworben)\NNBLokalis.";"M217"
6358;"SonstigenäherbezeichneteerworbeneDeformitätenderExtremitäten";"M218"
6359;")SonstigenäherbezeichneteerworbeneDeformitätenderExtremitäten\MehrereLok.";"M218"
6360;")SonstigenäherbezeichneteerworbeneDeformitätenderExtremitäten\Schulter";"M218"
6361;")SonstigenäherbezeichneteerworbeneDeformitätenderExtremitäten\Oberarm";"M218"
6362;")SonstigenäherbezeichneteerworbeneDeformitätenderExtremitäten\Unterarm";"M218"
6363;")SonstigenäherbezeichneteerworbeneDeformitätenderExtremitäten\Hand";"M218"
6364;")SonstigenäherbezeichneteerworbeneDeformitätenderExtremitäten\Becken/Obersch.";"M218"
6365;")SonstigenäherbezeichneteerworbeneDeformitätenderExtremitäten\Knie/Untersch.";"M218"
6366;")SonstigenäherbezeichneteerworbeneDeformitätenderExtremitäten\Knöchel/Fuß";"M218"
6367;")SonstigenäherbezeichneteerworbeneDeformitätenderExtremitäten\sonstigeLok.";"M218"
6368;")SonstigenäherbezeichneteerworbeneDeformitätenderExtremitäten\NNBLokalis.";"M218"
6369;"ErworbeneDeformitäteinerExtremität,nichtnäherbezeichnet";"M219"
6370;")ErworbeneDeformitäteinerExtremität,nichtnäherbezeichnet\MehrereLok.";"M219"
6371;")ErworbeneDeformitäteinerExtremität,nichtnäherbezeichnet\Schulter";"M219"
6372;")ErworbeneDeformitäteinerExtremität,nichtnäherbezeichnet\Oberarm";"M219"
6373;")ErworbeneDeformitäteinerExtremität,nichtnäherbezeichnet\Unterarm";"M219"
6374;")ErworbeneDeformitäteinerExtremität,nichtnäherbezeichnet\Hand";"M219"
6375;")ErworbeneDeformitäteinerExtremität,nichtnäherbezeichnet\Becken/Obersch.";"M219"
6376;")ErworbeneDeformitäteinerExtremität,nichtnäherbezeichnet\Knie/Untersch.";"M219"
6377;")ErworbeneDeformitäteinerExtremität,nichtnäherbezeichnet\Knöchel/Fuß";"M219"
6378;")ErworbeneDeformitäteinerExtremität,nichtnäherbezeichnet\sonstigeLok.";"M219"
6379;")ErworbeneDeformitäteinerExtremität,nichtnäherbezeichnet\NNBLokalis.";"M219"
6381;"HabituelleLuxationderPatella";"M220"
6382;"HabituelleSubluxationderPatella";"M221"
6383;"KrankheitenimPatellofemoralbereich";"M222"
6384;"SonstigeSchädigungenderPatella";"M223"
6385;"Chondromalaciapatellae";"M224"
6386;"SonstigeKrankheitenderPatella";"M228"
6387;"KrankheitderPatella,nichtnäherbezeichnet";"M229"
6389;"Meniskusganglion";"M230"
6390;")Meniskusganglion\MehrereLok.";"M230"
6391;")Meniskusganglion\vord.KB,VHInnenm.";"M230"
6392;")Meniskusganglion\hint.KB,HHInnenm.";"M230"
6393;")Meniskusganglion\Innenband/NNBInnenm.";"M230"
6394;")Meniskusganglion\Außenband/VHAußenm.";"M230"
6395;")Meniskusganglion\HHAußenm.";"M230"
6396;")Meniskusganglion\NNBAußenm.";"M230"
6397;")Meniskusganglion\Kapselband";"M230"
6398;")Meniskusganglion\NNBBand/Meniskus";"M230"
6399;"Scheibenmeniskus(angeboren)";"M231"
6400;")Scheibenmeniskus(angeboren)\MehrereLok.";"M231"
6401;")Scheibenmeniskus(angeboren)\vord.KB,VHInnenm.";"M231"
6402;")Scheibenmeniskus(angeboren)\hint.KB,HHInnenm.";"M231"
6403;")Scheibenmeniskus(angeboren)\Innenband/NNBInnenm.";"M231"
6404;")Scheibenmeniskus(angeboren)\Außenband/VHAußenm.";"M231"
6405;")Scheibenmeniskus(angeboren)\HHAußenm.";"M231"
6406;")Scheibenmeniskus(angeboren)\NNBAußenm.";"M231"
6408;")Scheibenmeniskus(angeboren)\NNBBand/Meniskus";"M231"
6409;"MeniskusschädigungdurchaltenRißoderalteVerletzung,AlterKorbhenkelriß";"M232"
6410;")MeniskusschädigungdurchaltenRißoderalteVerletzung,AlterKorbhenkelriß\MehrereLok.";"M232"
6411;")MeniskusschädigungdurchaltenRißoderalteVerletzung,AlterKorbhenkelriß\vord.KB,VHInnenm.";"M232"
6412;")MeniskusschädigungdurchaltenRißoderalteVerletzung,AlterKorbhenkelriß\hint.KB,HHInnenm.";"M232"
6413;")MeniskusschädigungdurchaltenRißoderalteVerletzung,AlterKorbhenkelriß\Innenband/NNBInnenm.";"M232"
6414;")MeniskusschädigungdurchaltenRißoderalteVerletzung,AlterKorbhenkelriß\Außenband/VHAußenm.";"M232"
6415;")MeniskusschädigungdurchaltenRißoderalteVerletzung,AlterKorbhenkelriß\HHAußenm.";"M232"
6416;")MeniskusschädigungdurchaltenRißoderalteVerletzung,AlterKorbhenkelriß\NNBAußenm.";"M232"
6417;")MeniskusschädigungdurchaltenRißoderalteVerletzung,AlterKorbhenkelriß\Kapselband";"M232"
6418;")MeniskusschädigungdurchaltenRißoderalteVerletzung,AlterKorbhenkelriß\NNBBand/Meniskus";"M232"
6419;"SonstigeMeniskusschädigungen,Meniskus:abgerissen,degeneriert,retiniert";"M233"
6420;")SonstigeMeniskusschädigungen,Meniskus:abgerissen,degeneriert,retiniert\MehrereLok.";"M233"
6421;")SonstigeMeniskusschädigungen,Meniskus:abgerissen,degeneriert,retiniert\vord.KB,VHInnenm.";"M233"
6422;")SonstigeMeniskusschädigungen,Meniskus:abgerissen,degeneriert,retiniert\hint.KB,HHInnenm.";"M233"
6423;")SonstigeMeniskusschädigungen,Meniskus:abgerissen,degeneriert,retiniert\Innenband/NNBInnenm.";"M233"
6424;")SonstigeMeniskusschädigungen,Meniskus:abgerissen,degeneriert,retiniert\Außenband/VHAußenm.";"M233"
6425;")SonstigeMeniskusschädigungen,Meniskus:abgerissen,degeneriert,retiniert\HHAußenm.";"M233"
6426;")SonstigeMeniskusschädigungen,Meniskus:abgerissen,degeneriert,retiniert\NNBAußenm.";"M233"
6427;")SonstigeMeniskusschädigungen,Meniskus:abgerissen,degeneriert,retiniert\Kapselband";"M233"
6428;")SonstigeMeniskusschädigungen,Meniskus:abgerissen,degeneriert,retiniert\NNBBand/Meniskus";"M233"
6429;"FreierGelenkkörperimKniegelenk";"M234"
6430;")FreierGelenkkörperimKniegelenk\MehrereLok.";"M234"
6431;")FreierGelenkkörperimKniegelenk\vord.KB,VHInnenm.";"M234"
6432;")FreierGelenkkörperimKniegelenk\hint.KB,HHInnenm.";"M234"
6433;")FreierGelenkkörperimKniegelenk\Innenband/NNBInnenm.";"M234"
6434;")FreierGelenkkörperimKniegelenk\Außenband/VHAußenm.";"M234"
6435;")FreierGelenkkörperimKniegelenk\HHAußenm.";"M234"
6436;")FreierGelenkkörperimKniegelenk\NNBAußenm.";"M234"
6437;")FreierGelenkkörperimKniegelenk\Kapselband";"M234"
6438;")FreierGelenkkörperimKniegelenk\NNBBand/Meniskus";"M234"
6439;"ChronischeInstabilitätdesKniegelenkes";"M235"
6440;")ChronischeInstabilitätdesKniegelenkes\MehrereLok.";"M235"
6441;")ChronischeInstabilitätdesKniegelenkes\vord.KB,VHInnenm.";"M235"
6442;")ChronischeInstabilitätdesKniegelenkes\hint.KB,HHInnenm.";"M235"
6443;")ChronischeInstabilitätdesKniegelenkes\Innenband/NNBInnenm.";"M235"
6444;")ChronischeInstabilitätdesKniegelenkes\Außenband/VHAußenm.";"M235"
6445;")ChronischeInstabilitätdesKniegelenkes\HHAußenm.";"M235"
6446;")ChronischeInstabilitätdesKniegelenkes\NNBAußenm.";"M235"
6447;")ChronischeInstabilitätdesKniegelenkes\Kapselband";"M235"
6448;")ChronischeInstabilitätdesKniegelenkes\NNBBand/Meniskus";"M235"
6449;"SonstigeSpontanruptureinesodermehrererBänderdesKniegelenkes";"M236"
6450;")SonstigeSpontanruptureinesodermehrererBänderdesKniegelenkes\MehrereLok.";"M236"
6451;")SonstigeSpontanruptureinesodermehrererBänderdesKniegelenkes\vord.KB,VHInnenm.";"M236"
6452;")SonstigeSpontanruptureinesodermehrererBänderdesKniegelenkes\hint.KB,HHInnenm.";"M236"
6453;")SonstigeSpontanruptureinesodermehrererBänderdesKniegelenkes\Innenband/NNBInnenm.";"M236"
6454;")SonstigeSpontanruptureinesodermehrererBänderdesKniegelenkes\Außenband/VHAußenm.";"M236"
6455;")SonstigeSpontanruptureinesodermehrererBänderdesKniegelenkes\HHAußenm.";"M236"
6456;")SonstigeSpontanruptureinesodermehrererBänderdesKniegelenkes\NNBAußenm.";"M236"
6457;")SonstigeSpontanruptureinesodermehrererBänderdesKniegelenkes\Kapselband";"M236"
6458;")SonstigeSpontanruptureinesodermehrererBänderdesKniegelenkes\NNBBand/Meniskus";"M236"
6459;"SonstigeBinnenschädigungendesKniegelenkes,BänderschwächedesKniegelenkes,SchnappendesKnie";"M238"
6460;")SonstigeBinnenschädigungendesKniegelenkes,BänderschwächedesKniegelenkes,SchnappendesKnie\MehrereLok.";"M238"
6461;")SonstigeBinnenschädigungendesKniegelenkes,BänderschwächedesKniegelenkes,SchnappendesKnie\vord.KB,VHInnenm.";"M238"
6462;")SonstigeBinnenschädigungendesKniegelenkes,BänderschwächedesKniegelenkes,SchnappendesKnie\hint.KB,HHInnenm.";"M238"
6463;")SonstigeBinnenschädigungendesKniegelenkes,BänderschwächedesKniegelenkes,SchnappendesKnie\Innenband/NNBInnenm.";"M238"
6464;")SonstigeBinnenschädigungendesKniegelenkes,BänderschwächedesKniegelenkes,SchnappendesKnie\Außenband/VHAußenm.";"M238"
6465;")SonstigeBinnenschädigungendesKniegelenkes,BänderschwächedesKniegelenkes,SchnappendesKnie\HHAußenm.";"M238"
6466;")SonstigeBinnenschädigungendesKniegelenkes,BänderschwächedesKniegelenkes,SchnappendesKnie\NNBAußenm.";"M238"
6467;")SonstigeBinnenschädigungendesKniegelenkes,BänderschwächedesKniegelenkes,SchnappendesKnie\Kapselband";"M238"
6468;")SonstigeBinnenschädigungendesKniegelenkes,BänderschwächedesKniegelenkes,SchnappendesKnie\NNBBand/Meniskus";"M238"
6469;"BinnenschädigungdesKniegelenkes,nichtnäherbezeichnet";"M239"
6470;")BinnenschädigungdesKniegelenkes,nichtnäherbezeichnet\MehrereLok.";"M239"
6471;")BinnenschädigungdesKniegelenkes,nichtnäherbezeichnet\vord.KB,VHInnenm.";"M239"
6472;")BinnenschädigungdesKniegelenkes,nichtnäherbezeichnet\hint.KB,HHInnenm.";"M239"
6473;")BinnenschädigungdesKniegelenkes,nichtnäherbezeichnet\Innenband/NNBInnenm.";"M239"
6474;")BinnenschädigungdesKniegelenkes,nichtnäherbezeichnet\Außenband/VHAußenm.";"M239"
6475;")BinnenschädigungdesKniegelenkes,nichtnäherbezeichnet\HHAußenm.";"M239"
6476;")BinnenschädigungdesKniegelenkes,nichtnäherbezeichnet\NNBAußenm.";"M239"
6477;")BinnenschädigungdesKniegelenkes,nichtnäherbezeichnet\Kapselband";"M239"
6478;")BinnenschädigungdesKniegelenkes,nichtnäherbezeichnet\NNBBand/Meniskus";"M239"
6480;"FreierGelenkkörper";"M240"
6481;")FreierGelenkkörper\MehrereLok.";"M240"
6482;")FreierGelenkkörper\Schulter";"M240"
6483;")FreierGelenkkörper\Oberarm";"M240"
6484;")FreierGelenkkörper\Unterarm";"M240"
6485;")FreierGelenkkörper\Hand";"M240"
6486;")FreierGelenkkörper\Becken/Obersch.";"M240"
6487;")FreierGelenkkörper\Knie/Untersch.";"M240"
6488;")FreierGelenkkörper\Knöchel/Fuß";"M240"
6489;")FreierGelenkkörper\sonstigeLok.";"M240"
6490;")FreierGelenkkörper\NNBLokalis.";"M240"
6491;"SonstigeGelenkknorpelschädigungen";"M241"
6492;")SonstigeGelenkknorpelschädigungen\MehrereLok.";"M241"
6493;")SonstigeGelenkknorpelschädigungen\Schulter";"M241"
6494;")SonstigeGelenkknorpelschädigungen\Oberarm";"M241"
6495;")SonstigeGelenkknorpelschädigungen\Unterarm";"M241"
6496;")SonstigeGelenkknorpelschädigungen\Hand";"M241"
6497;")SonstigeGelenkknorpelschädigungen\Becken/Obersch.";"M241"
6498;")SonstigeGelenkknorpelschädigungen\Knie/Untersch.";"M241"
6499;")SonstigeGelenkknorpelschädigungen\Knöchel/Fuß";"M241"
6500;")SonstigeGelenkknorpelschädigungen\sonstigeLok.";"M241"
6501;")SonstigeGelenkknorpelschädigungen\NNBLokalis.";"M241"
6502;"KrankheitenderBänder,Bänderschwächeo.n.A.,InstabilitätnacheineraltenBandverletzung";"M242"
6503;")KrankheitenderBänder,Bänderschwächeo.n.A.,InstabilitätnacheineraltenBandverletzung\MehrereLok.";"M242"
6504;")KrankheitenderBänder,Bänderschwächeo.n.A.,InstabilitätnacheineraltenBandverletzung\Schulter";"M242"
6505;")KrankheitenderBänder,Bänderschwächeo.n.A.,InstabilitätnacheineraltenBandverletzung\Oberarm";"M242"
6506;")KrankheitenderBänder,Bänderschwächeo.n.A.,InstabilitätnacheineraltenBandverletzung\Unterarm";"M242"
6507;")KrankheitenderBänder,Bänderschwächeo.n.A.,InstabilitätnacheineraltenBandverletzung\Hand";"M242"
6508;")KrankheitenderBänder,Bänderschwächeo.n.A.,InstabilitätnacheineraltenBandverletzung\Becken/Obersch.";"M242"
6509;")KrankheitenderBänder,Bänderschwächeo.n.A.,InstabilitätnacheineraltenBandverletzung\Knie/Untersch.";"M242"
6510;")KrankheitenderBänder,Bänderschwächeo.n.A.,InstabilitätnacheineraltenBandverletzung\Knöchel/Fuß";"M242"
6511;")KrankheitenderBänder,Bänderschwächeo.n.A.,InstabilitätnacheineraltenBandverletzung\sonstigeLok.";"M242"
6512;")KrankheitenderBänder,Bänderschwächeo.n.A.,InstabilitätnacheineraltenBandverletzung\NNBLokalis.";"M242"
6513;"PathologischeLuxationundSubluxationeinesGelenkes,anderenortsnichtklassifiziert";"M243"
6514;")PathologischeLuxationundSubluxationeinesGelenkes,anderenortsnichtklassifiziert\MehrereLok.";"M243"
6515;")PathologischeLuxationundSubluxationeinesGelenkes,anderenortsnichtklassifiziert\Schulter";"M243"
6516;")PathologischeLuxationundSubluxationeinesGelenkes,anderenortsnichtklassifiziert\Oberarm";"M243"
6517;")PathologischeLuxationundSubluxationeinesGelenkes,anderenortsnichtklassifiziert\Unterarm";"M243"
6518;")PathologischeLuxationundSubluxationeinesGelenkes,anderenortsnichtklassifiziert\Hand";"M243"
6519;")PathologischeLuxationundSubluxationeinesGelenkes,anderenortsnichtklassifiziert\Becken/Obersch.";"M243"
6520;")PathologischeLuxationundSubluxationeinesGelenkes,anderenortsnichtklassifiziert\Knie/Untersch.";"M243"
6521;")PathologischeLuxationundSubluxationeinesGelenkes,anderenortsnichtklassifiziert\Knöchel/Fuß";"M243"
6522;")PathologischeLuxationundSubluxationeinesGelenkes,anderenortsnichtklassifiziert\sonstigeLok.";"M243"
6523;")PathologischeLuxationundSubluxationeinesGelenkes,anderenortsnichtklassifiziert\NNBLokalis.";"M243"
6524;"HabituelleLuxationundSubluxationeinesGelenkes";"M244"
6525;")HabituelleLuxationundSubluxationeinesGelenkes\MehrereLok.";"M244"
6526;")HabituelleLuxationundSubluxationeinesGelenkes\Schulter";"M244"
6527;")HabituelleLuxationundSubluxationeinesGelenkes\Oberarm";"M244"
6528;")HabituelleLuxationundSubluxationeinesGelenkes\Unterarm";"M244"
6529;")HabituelleLuxationundSubluxationeinesGelenkes\Hand";"M244"
6530;")HabituelleLuxationundSubluxationeinesGelenkes\Becken/Obersch.";"M244"
6531;")HabituelleLuxationundSubluxationeinesGelenkes\Knie/Untersch.";"M244"
6532;")HabituelleLuxationundSubluxationeinesGelenkes\Knöchel/Fuß";"M244"
6533;")HabituelleLuxationundSubluxationeinesGelenkes\sonstigeLok.";"M244"
6534;")HabituelleLuxationundSubluxationeinesGelenkes\NNBLokalis.";"M244"
6535;"Gelenkkontraktur";"M245"
6536;")Gelenkkontraktur\MehrereLok.";"M245"
6537;")Gelenkkontraktur\Schulter";"M245"
6538;")Gelenkkontraktur\Oberarm";"M245"
6539;")Gelenkkontraktur\Unterarm";"M245"
6540;")Gelenkkontraktur\Hand";"M245"
6541;")Gelenkkontraktur\Becken/Obersch.";"M245"
6542;")Gelenkkontraktur\Knie/Untersch.";"M245"
6543;")Gelenkkontraktur\Knöchel/Fuß";"M245"
6544;")Gelenkkontraktur\sonstigeLok.";"M245"
6545;")Gelenkkontraktur\NNBLokalis.";"M245"
6546;"AnkyloseeinesGelenkes";"M246"
6547;")AnkyloseeinesGelenkes\MehrereLok.";"M246"
6548;")AnkyloseeinesGelenkes\Schulter";"M246"
6549;")AnkyloseeinesGelenkes\Oberarm";"M246"
6550;")AnkyloseeinesGelenkes\Unterarm";"M246"
6551;")AnkyloseeinesGelenkes\Hand";"M246"
6552;")AnkyloseeinesGelenkes\Becken/Obersch.";"M246"
6553;")AnkyloseeinesGelenkes\Knie/Untersch.";"M246"
6554;")AnkyloseeinesGelenkes\Knöchel/Fuß";"M246"
6555;")AnkyloseeinesGelenkes\sonstigeLok.";"M246"
6556;")AnkyloseeinesGelenkes\NNBLokalis.";"M246"
6557;"Protrusioacetabuli";"M247"
6563;")Protrusioacetabuli\Becken/Obersch.";"M247"
6566;")Protrusioacetabuli\sonstigeLok.";"M247"
6568;"SonstigenäherbezeichneteGelenkschädigungen,anderenortsnichtklassifiziert,Reizhüfte";"M248"
6569;")SonstigenäherbezeichneteGelenkschädigungen,anderenortsnichtklassifiziert,Reizhüfte\MehrereLok.";"M248"
6570;")SonstigenäherbezeichneteGelenkschädigungen,anderenortsnichtklassifiziert,Reizhüfte\Schulter";"M248"
6571;")SonstigenäherbezeichneteGelenkschädigungen,anderenortsnichtklassifiziert,Reizhüfte\Oberarm";"M248"
6572;")SonstigenäherbezeichneteGelenkschädigungen,anderenortsnichtklassifiziert,Reizhüfte\Unterarm";"M248"
6573;")SonstigenäherbezeichneteGelenkschädigungen,anderenortsnichtklassifiziert,Reizhüfte\Hand";"M248"
6574;")SonstigenäherbezeichneteGelenkschädigungen,anderenortsnichtklassifiziert,Reizhüfte\Becken/Obersch.";"M248"
6575;")SonstigenäherbezeichneteGelenkschädigungen,anderenortsnichtklassifiziert,Reizhüfte\Knie/Untersch.";"M248"
6576;")SonstigenäherbezeichneteGelenkschädigungen,anderenortsnichtklassifiziert,Reizhüfte\Knöchel/Fuß";"M248"
6577;")SonstigenäherbezeichneteGelenkschädigungen,anderenortsnichtklassifiziert,Reizhüfte\sonstigeLok.";"M248"
6578;")SonstigenäherbezeichneteGelenkschädigungen,anderenortsnichtklassifiziert,Reizhüfte\NNBLokalis.";"M248"
6579;"Gelenkschädigung,nichtnäherbezeichnet";"M249"
6580;")Gelenkschädigung,nichtnäherbezeichnet\MehrereLok.";"M249"
6581;")Gelenkschädigung,nichtnäherbezeichnet\Schulter";"M249"
6582;")Gelenkschädigung,nichtnäherbezeichnet\Oberarm";"M249"
6583;")Gelenkschädigung,nichtnäherbezeichnet\Unterarm";"M249"
6584;")Gelenkschädigung,nichtnäherbezeichnet\Hand";"M249"
6585;")Gelenkschädigung,nichtnäherbezeichnet\Becken/Obersch.";"M249"
6586;")Gelenkschädigung,nichtnäherbezeichnet\Knie/Untersch.";"M249"
6587;")Gelenkschädigung,nichtnäherbezeichnet\Knöchel/Fuß";"M249"
6588;")Gelenkschädigung,nichtnäherbezeichnet\sonstigeLok.";"M249"
6589;")Gelenkschädigung,nichtnäherbezeichnet\NNBLokalis.";"M249"
6591;"Hämarthros";"M250"
6592;")Hämarthros\MehrereLok.";"M250"
6593;")Hämarthros\Schulter";"M250"
6594;")Hämarthros\Oberarm";"M250"
6595;")Hämarthros\Unterarm";"M250"
6596;")Hämarthros\Hand";"M250"
6597;")Hämarthros\Becken/Obersch.";"M250"
6598;")Hämarthros\Knie/Untersch.";"M250"
6599;")Hämarthros\Knöchel/Fuß";"M250"
6600;")Hämarthros\sonstigeLok.";"M250"
6601;")Hämarthros\NNBLokalis.";"M250"
6602;"Gelenkfistel";"M251"
6603;")Gelenkfistel\MehrereLok.";"M251"
6604;")Gelenkfistel\Schulter";"M251"
6605;")Gelenkfistel\Oberarm";"M251"
6606;")Gelenkfistel\Unterarm";"M251"
6607;")Gelenkfistel\Hand";"M251"
6608;")Gelenkfistel\Becken/Obersch.";"M251"
6609;")Gelenkfistel\Knie/Untersch.";"M251"
6610;")Gelenkfistel\Knöchel/Fuß";"M251"
6611;")Gelenkfistel\sonstigeLok.";"M251"
6612;")Gelenkfistel\NNBLokalis.";"M251"
6613;"Schlottergelenk";"M252"
6615;")Schlottergelenk\Schulter";"M252"
6616;")Schlottergelenk\Oberarm";"M252"
6617;")Schlottergelenk\Unterarm";"M252"
6618;")Schlottergelenk\Hand";"M252"
6619;")Schlottergelenk\Becken/Obersch.";"M252"
6620;")Schlottergelenk\Knie/Untersch.";"M252"
6621;")Schlottergelenk\Knöchel/Fuß";"M252"
6622;")Schlottergelenk\sonstigeLok.";"M252"
6624;"SonstigeInstabilitäteinesGelenkes";"M253"
6625;")SonstigeInstabilitäteinesGelenkes\MehrereLok.";"M253"
6626;")SonstigeInstabilitäteinesGelenkes\Schulter";"M253"
6627;")SonstigeInstabilitäteinesGelenkes\Oberarm";"M253"
6628;")SonstigeInstabilitäteinesGelenkes\Unterarm";"M253"
6629;")SonstigeInstabilitäteinesGelenkes\Hand";"M253"
6630;")SonstigeInstabilitäteinesGelenkes\Becken/Obersch.";"M253"
6631;")SonstigeInstabilitäteinesGelenkes\Knie/Untersch.";"M253"
6632;")SonstigeInstabilitäteinesGelenkes\Knöchel/Fuß";"M253"
6633;")SonstigeInstabilitäteinesGelenkes\sonstigeLok.";"M253"
6634;")SonstigeInstabilitäteinesGelenkes\NNBLokalis.";"M253"
6635;"Gelenkerguß";"M254"
6636;")Gelenkerguß\MehrereLok.";"M254"
6637;")Gelenkerguß\Schulter";"M254"
6638;")Gelenkerguß\Oberarm";"M254"
6639;")Gelenkerguß\Unterarm";"M254"
6640;")Gelenkerguß\Hand";"M254"
6641;")Gelenkerguß\Becken/Obersch.";"M254"
6642;")Gelenkerguß\Knie/Untersch.";"M254"
6643;")Gelenkerguß\Knöchel/Fuß";"M254"
6644;")Gelenkerguß\sonstigeLok.";"M254"
6645;")Gelenkerguß\NNBLokalis.";"M254"
6646;"Gelenkschmerz";"M255"
6647;")Gelenkschmerz\MehrereLok.";"M255"
6648;")Gelenkschmerz\Schulter";"M255"
6649;")Gelenkschmerz\Oberarm";"M255"
6650;")Gelenkschmerz\Unterarm";"M255"
6651;")Gelenkschmerz\Hand";"M255"
6652;")Gelenkschmerz\Becken/Obersch.";"M255"
6653;")Gelenkschmerz\Knie/Untersch.";"M255"
6654;")Gelenkschmerz\Knöchel/Fuß";"M255"
6655;")Gelenkschmerz\sonstigeLok.";"M255"
6656;")Gelenkschmerz\NNBLokalis.";"M255"
6657;"Gelenksteife,anderenortsnichtklassifiziert";"M256"
6658;")Gelenksteife,anderenortsnichtklassifiziert\MehrereLok.";"M256"
6659;")Gelenksteife,anderenortsnichtklassifiziert\Schulter";"M256"
6660;")Gelenksteife,anderenortsnichtklassifiziert\Oberarm";"M256"
6661;")Gelenksteife,anderenortsnichtklassifiziert\Unterarm";"M256"
6662;")Gelenksteife,anderenortsnichtklassifiziert\Hand";"M256"
6663;")Gelenksteife,anderenortsnichtklassifiziert\Becken/Obersch.";"M256"
6664;")Gelenksteife,anderenortsnichtklassifiziert\Knie/Untersch.";"M256"
6665;")Gelenksteife,anderenortsnichtklassifiziert\Knöchel/Fuß";"M256"
6666;")Gelenksteife,anderenortsnichtklassifiziert\sonstigeLok.";"M256"
6667;")Gelenksteife,anderenortsnichtklassifiziert\NNBLokalis.";"M256"
6668;"Osteophyt";"M257"
6669;")Osteophyt\MehrereLok.";"M257"
6670;")Osteophyt\Schulter";"M257"
6671;")Osteophyt\Oberarm";"M257"
6672;")Osteophyt\Unterarm";"M257"
6673;")Osteophyt\Hand";"M257"
6674;")Osteophyt\Becken/Obersch.";"M257"
6675;")Osteophyt\Knie/Untersch.";"M257"
6676;")Osteophyt\Knöchel/Fuß";"M257"
6677;")Osteophyt\sonstigeLok.";"M257"
6678;")Osteophyt\NNBLokalis.";"M257"
6679;"SonstigenäherbezeichneteGelenkkrankheiten";"M258"
6680;")SonstigenäherbezeichneteGelenkkrankheiten\MehrereLok.";"M258"
6681;")SonstigenäherbezeichneteGelenkkrankheiten\Schulter";"M258"
6682;")SonstigenäherbezeichneteGelenkkrankheiten\Oberarm";"M258"
6683;")SonstigenäherbezeichneteGelenkkrankheiten\Unterarm";"M258"
6684;")SonstigenäherbezeichneteGelenkkrankheiten\Hand";"M258"
6685;")SonstigenäherbezeichneteGelenkkrankheiten\Becken/Obersch.";"M258"
6686;")SonstigenäherbezeichneteGelenkkrankheiten\Knie/Untersch.";"M258"
6687;")SonstigenäherbezeichneteGelenkkrankheiten\Knöchel/Fuß";"M258"
6688;")SonstigenäherbezeichneteGelenkkrankheiten\sonstigeLok.";"M258"
6689;")SonstigenäherbezeichneteGelenkkrankheiten\NNBLokalis.";"M258"
6690;"Gelenkkrankheit,nichtnäherbezeichnet,Arthropathieo.n.A.";"M259"
6691;")Gelenkkrankheit,nichtnäherbezeichnet,Arthropathieo.n.A.\MehrereLok.";"M259"
6692;")Gelenkkrankheit,nichtnäherbezeichnet,Arthropathieo.n.A.\Schulter";"M259"
6693;")Gelenkkrankheit,nichtnäherbezeichnet,Arthropathieo.n.A.\Oberarm";"M259"
6694;")Gelenkkrankheit,nichtnäherbezeichnet,Arthropathieo.n.A.\Unterarm";"M259"
6695;")Gelenkkrankheit,nichtnäherbezeichnet,Arthropathieo.n.A.\Hand";"M259"
6696;")Gelenkkrankheit,nichtnäherbezeichnet,Arthropathieo.n.A.\Becken/Obersch.";"M259"
6697;")Gelenkkrankheit,nichtnäherbezeichnet,Arthropathieo.n.A.\Knie/Untersch.";"M259"
6698;")Gelenkkrankheit,nichtnäherbezeichnet,Arthropathieo.n.A.\Knöchel/Fuß";"M259"
6699;")Gelenkkrankheit,nichtnäherbezeichnet,Arthropathieo.n.A.\sonstigeLok.";"M259"
6700;")Gelenkkrankheit,nichtnäherbezeichnet,Arthropathieo.n.A.\NNBLokalis.";"M259"
6702;"Panarteriitisnodosa";"M300"
6703;"PanarteriitismitLungenbeteiligung,AllergischeGranulomatose[Churg-Strauss-Granulomatose]";"M301"
6704;"JuvenilePanarteriitis";"M302"
6705;"MukokutanesLymphknotensyndrom[Kawasaki-Krankheit]";"M303"
6706;"SonstigemitPanarteriitisnodosaverwandteZustände,Polyangiitis-Overlap-Syndrom";"M308"
6708;"Hypersensitivitätsangiitis,Goodpasture-Syndrom";"M310"
6709;"ThrombotischeMikroangiopathie,ThrombotischethrombozytopenischePurpura[Moschkowitz]";"M311"
6710;"LetalesMittelliniengranulom";"M312"
6711;"Wegener-Granulomatose,NekrotisierendeGranulomatosederAtemwege";"M313"
6712;"Aortenbogen-Syndrom[Takayasu-Syndrom]";"M314"
6713;"RiesenzellarteriitisbeiPolymyalgiarheumatica";"M315"
6714;"SonstigeRiesenzellarteriitis";"M316"
14494;"MikroskopischePolyangiitis";"M317"
6715;"SonstigenäherbezeichnetenekrotisierendeVaskulopathien,Hypokomplementämische(urtikarielle)Vaskulitis";"M318"
6716;"NekrotisierendeVaskulopathie,nichtnäherbezeichnet";"M319"
6718;"ArzneimittelinduziertersystemischerLupuserythematodes";"M320"
6719;"SystemischerLupuserythematodesmitBeteiligungvonOrganenoderOrgansystemenLibman-Sacks-Endokarditis";"M321"
6720;"SonstigeFormendessystemischenLupuserythematodes";"M328"
6721;"SystemischerLupuserythematodes,nichtnäherbezeichnet";"M329"
6723;"JuvenileDermatomyositis";"M330"
6724;"SonstigeDermatomyositis";"M331"
6725;"Polymyositis";"M332"
6726;"Dermatomyositis-Polymyositis,nichtnäherbezeichnet";"M339"
6728;"ProgressivesystemischeSklerose";"M340"
6729;"CR(E)ST-Syndrom,KombinationvonKalzinose,Raynaud-Phänomen,Ösophagusdysfunktion,Sklerodaktylie,Teleangiektasie.";"M341"
6730;"SystemischeSklerose,durchArzneimitteloderchemischeSubstanzeninduziert";"M342"
6731;"SonstigeFormendersystemischenSklerose,SystemischeSklerosemit:Lungenbeteiligung(J99.1*)";"M348"
6732;"SystemischeSklerose,nichtnäherbezeichnet";"M349"
6734;"Sicca-Syndrom[Sjögren-Syndrom],Sjögren-Syndrommit:Keratokonjunktivitis+(H19.3*)";"M350"
6735;"SonstigeOverlap-Syndrome,Mixedconnectivetissuedisease[Sharp-Syndrom]";"M351"
6736;"Behcet-Krankheit";"M352"
6737;"Polymyalgiarheumatica";"M353"
6738;"EosinophileFasziitis";"M354"
6739;"MultifokaleFibrosklerose";"M355"
6740;"RezidivierendePannikulitis[Pfeifer-Weber-Christian-Krankheit]";"M356"
6741;"Hypermobilitäts-Syndrom,FamiliäreBänderschwäche";"M357"
6742;"SonstigenäherbezeichneteKrankheitenmitSystembeteiligungdesBindegewebes";"M358"
6743;"KrankheitmitSystembeteiligungdesBindegewebes,nichtnäherbezeichnet,Autoimmunkrankheit(systemisch)o.n.A.,Kollagen-(Gefäß-)Krankheito.n.A.";"M359"
6745;"Dermatomyositis-PolymyositisbeiNeubildungen(C00-D48+)";"M360"
6746;"ArthropathiebeiNeubildungen(C00-D48+),Arthropathiebei:bösartigerHistiozytose(C96.1+),Leukämie(C91-C95+),Plasmozytom(C90.0+)";"M361"
6748;")ArthropathiebeiNeubildungen(C00-D48+),Arthropathiebei:bösartigerHistiozytose(C96.1+),Leukämie(C91-C95+),Plasmozytom(C90.0+)\Schulter";"M361"
6751;")ArthropathiebeiNeubildungen(C00-D48+),Arthropathiebei:bösartigerHistiozytose(C96.1+),Leukämie(C91-C95+),Plasmozytom(C90.0+)\Hand";"M361"
6752;")ArthropathiebeiNeubildungen(C00-D48+),Arthropathiebei:bösartigerHistiozytose(C96.1+),Leukämie(C91-C95+),Plasmozytom(C90.0+)\Becken/Obersch.";"M361"
6753;")ArthropathiebeiNeubildungen(C00-D48+),Arthropathiebei:bösartigerHistiozytose(C96.1+),Leukämie(C91-C95+),Plasmozytom(C90.0+)\Knie/Untersch.";"M361"
6756;")ArthropathiebeiNeubildungen(C00-D48+),Arthropathiebei:bösartigerHistiozytose(C96.1+),Leukämie(C91-C95+),Plasmozytom(C90.0+)\NNBLokalis.";"M361"
6757;"Arthropathiahaemophilica(D66-D68+)";"M362"
6758;")Arthropathiahaemophilica(D66-D68+)\MehrereLok.";"M362"
6759;")Arthropathiahaemophilica(D66-D68+)\Schulter";"M362"
6763;")Arthropathiahaemophilica(D66-D68+)\Becken/Obersch.";"M362"
6764;")Arthropathiahaemophilica(D66-D68+)\Knie/Untersch.";"M362"
6765;")Arthropathiahaemophilica(D66-D68+)\Knöchel/Fuß";"M362"
6766;")Arthropathiahaemophilica(D66-D68+)\sonstigeLok.";"M362"
6767;")Arthropathiahaemophilica(D66-D68+)\NNBLokalis.";"M362"
6768;"ArthropathiebeisonstigenanderenortsklassifiziertenBlutkrankheiten(D50-D76+)";"M363"
6779;"ArthropathiebeianderenortsklassifiziertenHypersensitivitätsreaktionen,ArthropathiebeiPurpuraSchoenlein-Henoch(D69.0+)";"M364"
6780;")ArthropathiebeianderenortsklassifiziertenHypersensitivitätsreaktionen,ArthropathiebeiPurpuraSchoenlein-Henoch(D69.0+)\MehrereLok.";"M364"
6785;")ArthropathiebeianderenortsklassifiziertenHypersensitivitätsreaktionen,ArthropathiebeiPurpuraSchoenlein-Henoch(D69.0+)\Becken/Obersch.";"M364"
6789;")ArthropathiebeianderenortsklassifiziertenHypersensitivitätsreaktionen,ArthropathiebeiPurpuraSchoenlein-Henoch(D69.0+)\NNBLokalis.";"M364"
6790;"SystemkrankheitendesBindegewebesbeisonstigenanderenortsklassifiziertenKrankheiten,SystemkrankheitendesBindegewebesbei:Hypogammaglobulinämie(D80.-+),Ochronose(E70.2+)";"M368"
6792;"KyphosealsHaltungsstörung";"M400"
6793;")KyphosealsHaltungsstörung\MehrereLok.";"M400"
6794;")KyphosealsHaltungsstörung\Okzip.-Atl-Ax";"M400"
6795;")KyphosealsHaltungsstörung\Zervikal";"M400"
6796;")KyphosealsHaltungsstörung\Zerv.thorak.";"M400"
6797;")KyphosealsHaltungsstörung\Thorakal";"M400"
6798;")KyphosealsHaltungsstörung\Thorakolumb.";"M400"
6799;")KyphosealsHaltungsstörung\Lumbal";"M400"
6800;")KyphosealsHaltungsstörung\Lumbosakr.";"M400"
6802;")KyphosealsHaltungsstörung\NNBLokalis.";"M400"
6803;"SonstigesekundäreKyphose";"M401"
6804;")SonstigesekundäreKyphose\MehrereLok.";"M401"
6805;")SonstigesekundäreKyphose\Okzip.-Atl-Ax";"M401"
6806;")SonstigesekundäreKyphose\Zervikal";"M401"
6807;")SonstigesekundäreKyphose\Zerv.thorak.";"M401"
6808;")SonstigesekundäreKyphose\Thorakal";"M401"
6809;")SonstigesekundäreKyphose\Thorakolumb.";"M401"
6810;")SonstigesekundäreKyphose\Lumbal";"M401"
6811;")SonstigesekundäreKyphose\Lumbosakr.";"M401"
6812;")SonstigesekundäreKyphose\Sakr./Kokz.";"M401"
6813;")SonstigesekundäreKyphose\NNBLokalis.";"M401"
6814;"SonstigeundnichtnäherbezeichneteKyphose";"M402"
6815;")SonstigeundnichtnäherbezeichneteKyphose\MehrereLok.";"M402"
6817;")SonstigeundnichtnäherbezeichneteKyphose\Zervikal";"M402"
6818;")SonstigeundnichtnäherbezeichneteKyphose\Zerv.thorak.";"M402"
6819;")SonstigeundnichtnäherbezeichneteKyphose\Thorakal";"M402"
6820;")SonstigeundnichtnäherbezeichneteKyphose\Thorakolumb.";"M402"
6821;")SonstigeundnichtnäherbezeichneteKyphose\Lumbal";"M402"
6822;")SonstigeundnichtnäherbezeichneteKyphose\Lumbosakr.";"M402"
6824;")SonstigeundnichtnäherbezeichneteKyphose\NNBLokalis.";"M402"
6825;"Flachrücken";"M403"
6826;")Flachrücken\MehrereLok.";"M403"
6828;")Flachrücken\Zervikal";"M403"
6829;")Flachrücken\Zerv.thorak.";"M403"
6830;")Flachrücken\Thorakal";"M403"
6831;")Flachrücken\Thorakolumb.";"M403"
6832;")Flachrücken\Lumbal";"M403"
6833;")Flachrücken\Lumbosakr.";"M403"
6835;")Flachrücken\NNBLokalis.";"M403"
6836;"SonstigeLordose,Lordose:alsHaltungsstörung,erworben";"M404"
6837;")SonstigeLordose,Lordose:alsHaltungsstörung,erworben\MehrereLok.";"M404"
6838;")SonstigeLordose,Lordose:alsHaltungsstörung,erworben\Okzip.-Atl-Ax";"M404"
6839;")SonstigeLordose,Lordose:alsHaltungsstörung,erworben\Zervikal";"M404"
6840;")SonstigeLordose,Lordose:alsHaltungsstörung,erworben\Zerv.thorak.";"M404"
6841;")SonstigeLordose,Lordose:alsHaltungsstörung,erworben\Thorakal";"M404"
6842;")SonstigeLordose,Lordose:alsHaltungsstörung,erworben\Thorakolumb.";"M404"
6843;")SonstigeLordose,Lordose:alsHaltungsstörung,erworben\Lumbal";"M404"
6844;")SonstigeLordose,Lordose:alsHaltungsstörung,erworben\Lumbosakr.";"M404"
6845;")SonstigeLordose,Lordose:alsHaltungsstörung,erworben\Sakr./Kokz.";"M404"
6846;")SonstigeLordose,Lordose:alsHaltungsstörung,erworben\NNBLokalis.";"M404"
6847;"Lordose,nichtnäherbezeichnet";"M405"
6848;")Lordose,nichtnäherbezeichnet\MehrereLok.";"M405"
6850;")Lordose,nichtnäherbezeichnet\Zervikal";"M405"
6853;")Lordose,nichtnäherbezeichnet\Thorakolumb.";"M405"
6854;")Lordose,nichtnäherbezeichnet\Lumbal";"M405"
6855;")Lordose,nichtnäherbezeichnet\Lumbosakr.";"M405"
6857;")Lordose,nichtnäherbezeichnet\NNBLokalis.";"M405"
6859;"IdiopathischeSkoliosebeimKind";"M410"
6860;")IdiopathischeSkoliosebeimKind\MehrereLok.";"M410"
6861;")IdiopathischeSkoliosebeimKind\Okzip.-Atl-Ax";"M410"
6862;")IdiopathischeSkoliosebeimKind\Zervikal";"M410"
6863;")IdiopathischeSkoliosebeimKind\Zerv.thorak.";"M410"
6864;")IdiopathischeSkoliosebeimKind\Thorakal";"M410"
6865;")IdiopathischeSkoliosebeimKind\Thorakolumb.";"M410"
6866;")IdiopathischeSkoliosebeimKind\Lumbal";"M410"
6867;")IdiopathischeSkoliosebeimKind\Lumbosakr.";"M410"
6869;")IdiopathischeSkoliosebeimKind\NNBLokalis.";"M410"
6870;"IdiopathischeSkoliosebeimJugendlichen,Adoleszentenskoliose";"M411"
6871;")IdiopathischeSkoliosebeimJugendlichen,Adoleszentenskoliose\MehrereLok.";"M411"
6872;")IdiopathischeSkoliosebeimJugendlichen,Adoleszentenskoliose\Okzip.-Atl-Ax";"M411"
6873;")IdiopathischeSkoliosebeimJugendlichen,Adoleszentenskoliose\Zervikal";"M411"
6874;")IdiopathischeSkoliosebeimJugendlichen,Adoleszentenskoliose\Zerv.thorak.";"M411"
6875;")IdiopathischeSkoliosebeimJugendlichen,Adoleszentenskoliose\Thorakal";"M411"
6876;")IdiopathischeSkoliosebeimJugendlichen,Adoleszentenskoliose\Thorakolumb.";"M411"
6877;")IdiopathischeSkoliosebeimJugendlichen,Adoleszentenskoliose\Lumbal";"M411"
6878;")IdiopathischeSkoliosebeimJugendlichen,Adoleszentenskoliose\Lumbosakr.";"M411"
6880;")IdiopathischeSkoliosebeimJugendlichen,Adoleszentenskoliose\NNBLokalis.";"M411"
6881;"SonstigeidiopathischeSkoliose";"M412"
6882;")SonstigeidiopathischeSkoliose\MehrereLok.";"M412"
6883;")SonstigeidiopathischeSkoliose\Okzip.-Atl-Ax";"M412"
6884;")SonstigeidiopathischeSkoliose\Zervikal";"M412"
6885;")SonstigeidiopathischeSkoliose\Zerv.thorak.";"M412"
6886;")SonstigeidiopathischeSkoliose\Thorakal";"M412"
6887;")SonstigeidiopathischeSkoliose\Thorakolumb.";"M412"
6888;")SonstigeidiopathischeSkoliose\Lumbal";"M412"
6889;")SonstigeidiopathischeSkoliose\Lumbosakr.";"M412"
6891;")SonstigeidiopathischeSkoliose\NNBLokalis.";"M412"
6892;"ThoraxbedingteSkoliose";"M413"
6893;")ThoraxbedingteSkoliose\MehrereLok.";"M413"
6895;")ThoraxbedingteSkoliose\Zervikal";"M413"
6896;")ThoraxbedingteSkoliose\Zerv.thorak.";"M413"
6897;")ThoraxbedingteSkoliose\Thorakal";"M413"
6898;")ThoraxbedingteSkoliose\Thorakolumb.";"M413"
6899;")ThoraxbedingteSkoliose\Lumbal";"M413"
6900;")ThoraxbedingteSkoliose\Lumbosakr.";"M413"
6902;")ThoraxbedingteSkoliose\NNBLokalis.";"M413"
6903;"NeuromyopathischeSkoliose,SkoliosenachZerebralparese,Friedreich-Ataxie,PoliomyelitisundsonstigenneuromuskulärenKrankheiten.";"M414"
6904;")NeuromyopathischeSkoliose,SkoliosenachZerebralparese,Friedreich-Ataxie,PoliomyelitisundsonstigenneuromuskulärenKrankheiten.\MehrereLok.";"M414"
6905;")NeuromyopathischeSkoliose,SkoliosenachZerebralparese,Friedreich-Ataxie,PoliomyelitisundsonstigenneuromuskulärenKrankheiten.\Okzip.-Atl-Ax";"M414"
6906;")NeuromyopathischeSkoliose,SkoliosenachZerebralparese,Friedreich-Ataxie,PoliomyelitisundsonstigenneuromuskulärenKrankheiten.\Zervikal";"M414"
6907;")NeuromyopathischeSkoliose,SkoliosenachZerebralparese,Friedreich-Ataxie,PoliomyelitisundsonstigenneuromuskulärenKrankheiten.\Zerv.thorak.";"M414"
6908;")NeuromyopathischeSkoliose,SkoliosenachZerebralparese,Friedreich-Ataxie,PoliomyelitisundsonstigenneuromuskulärenKrankheiten.\Thorakal";"M414"
6909;")NeuromyopathischeSkoliose,SkoliosenachZerebralparese,Friedreich-Ataxie,PoliomyelitisundsonstigenneuromuskulärenKrankheiten.\Thorakolumb.";"M414"
6910;")NeuromyopathischeSkoliose,SkoliosenachZerebralparese,Friedreich-Ataxie,PoliomyelitisundsonstigenneuromuskulärenKrankheiten.\Lumbal";"M414"
6911;")NeuromyopathischeSkoliose,SkoliosenachZerebralparese,Friedreich-Ataxie,PoliomyelitisundsonstigenneuromuskulärenKrankheiten.\Lumbosakr.";"M414"
6913;")NeuromyopathischeSkoliose,SkoliosenachZerebralparese,Friedreich-Ataxie,PoliomyelitisundsonstigenneuromuskulärenKrankheiten.\NNBLokalis.";"M414"
6914;"SonstigesekundäreSkoliose";"M415"
6915;")SonstigesekundäreSkoliose\MehrereLok.";"M415"
6917;")SonstigesekundäreSkoliose\Zervikal";"M415"
6918;")SonstigesekundäreSkoliose\Zerv.thorak.";"M415"
6919;")SonstigesekundäreSkoliose\Thorakal";"M415"
6920;")SonstigesekundäreSkoliose\Thorakolumb.";"M415"
6921;")SonstigesekundäreSkoliose\Lumbal";"M415"
6922;")SonstigesekundäreSkoliose\Lumbosakr.";"M415"
6924;")SonstigesekundäreSkoliose\NNBLokalis.";"M415"
6925;"SonstigeFormenderSkoliose";"M418"
6926;")SonstigeFormenderSkoliose\MehrereLok.";"M418"
6928;")SonstigeFormenderSkoliose\Zervikal";"M418"
6929;")SonstigeFormenderSkoliose\Zerv.thorak.";"M418"
6930;")SonstigeFormenderSkoliose\Thorakal";"M418"
6931;")SonstigeFormenderSkoliose\Thorakolumb.";"M418"
6932;")SonstigeFormenderSkoliose\Lumbal";"M418"
6933;")SonstigeFormenderSkoliose\Lumbosakr.";"M418"
6934;")SonstigeFormenderSkoliose\Sakr./Kokz.";"M418"
6935;")SonstigeFormenderSkoliose\NNBLokalis.";"M418"
6936;"Skoliose,nichtnäherbezeichnet";"M419"
6937;")Skoliose,nichtnäherbezeichnet\MehrereLok.";"M419"
6938;")Skoliose,nichtnäherbezeichnet\Okzip.-Atl-Ax";"M419"
6939;")Skoliose,nichtnäherbezeichnet\Zervikal";"M419"
6940;")Skoliose,nichtnäherbezeichnet\Zerv.thorak.";"M419"
6941;")Skoliose,nichtnäherbezeichnet\Thorakal";"M419"
6942;")Skoliose,nichtnäherbezeichnet\Thorakolumb.";"M419"
6943;")Skoliose,nichtnäherbezeichnet\Lumbal";"M419"
6944;")Skoliose,nichtnäherbezeichnet\Lumbosakr.";"M419"
6945;")Skoliose,nichtnäherbezeichnet\Sakr./Kokz.";"M419"
6946;")Skoliose,nichtnäherbezeichnet\NNBLokalis.";"M419"
6948;"JuvenileOsteochondrosederWirbelsäule,Scheuermann-Krankheit,Vertebraplana[Calvé-Krankheit]";"M420"
6949;")JuvenileOsteochondrosederWirbelsäule,Scheuermann-Krankheit,Vertebraplana[Calvé-Krankheit]\MehrereLok.";"M420"
6950;")JuvenileOsteochondrosederWirbelsäule,Scheuermann-Krankheit,Vertebraplana[Calvé-Krankheit]\Okzip.-Atl-Ax";"M420"
6951;")JuvenileOsteochondrosederWirbelsäule,Scheuermann-Krankheit,Vertebraplana[Calvé-Krankheit]\Zervikal";"M420"
6952;")JuvenileOsteochondrosederWirbelsäule,Scheuermann-Krankheit,Vertebraplana[Calvé-Krankheit]\Zerv.thorak.";"M420"
6953;")JuvenileOsteochondrosederWirbelsäule,Scheuermann-Krankheit,Vertebraplana[Calvé-Krankheit]\Thorakal";"M420"
6954;")JuvenileOsteochondrosederWirbelsäule,Scheuermann-Krankheit,Vertebraplana[Calvé-Krankheit]\Thorakolumb.";"M420"
6955;")JuvenileOsteochondrosederWirbelsäule,Scheuermann-Krankheit,Vertebraplana[Calvé-Krankheit]\Lumbal";"M420"
6956;")JuvenileOsteochondrosederWirbelsäule,Scheuermann-Krankheit,Vertebraplana[Calvé-Krankheit]\Lumbosakr.";"M420"
6957;")JuvenileOsteochondrosederWirbelsäule,Scheuermann-Krankheit,Vertebraplana[Calvé-Krankheit]\Sakr./Kokz.";"M420"
6958;")JuvenileOsteochondrosederWirbelsäule,Scheuermann-Krankheit,Vertebraplana[Calvé-Krankheit]\NNBLokalis.";"M420"
6959;"OsteochondrosederWirbelsäulebeimErwachsenen";"M421"
6960;")OsteochondrosederWirbelsäulebeimErwachsenen\MehrereLok.";"M421"
6961;")OsteochondrosederWirbelsäulebeimErwachsenen\Okzip.-Atl-Ax";"M421"
6962;")OsteochondrosederWirbelsäulebeimErwachsenen\Zervikal";"M421"
6963;")OsteochondrosederWirbelsäulebeimErwachsenen\Zerv.thorak.";"M421"
6964;")OsteochondrosederWirbelsäulebeimErwachsenen\Thorakal";"M421"
6965;")OsteochondrosederWirbelsäulebeimErwachsenen\Thorakolumb.";"M421"
6966;")OsteochondrosederWirbelsäulebeimErwachsenen\Lumbal";"M421"
6967;")OsteochondrosederWirbelsäulebeimErwachsenen\Lumbosakr.";"M421"
6968;")OsteochondrosederWirbelsäulebeimErwachsenen\Sakr./Kokz.";"M421"
6969;")OsteochondrosederWirbelsäulebeimErwachsenen\NNBLokalis.";"M421"
6970;"OsteochondrosederWirbelsäule,nichtnäherbezeichnet";"M429"
6971;")OsteochondrosederWirbelsäule,nichtnäherbezeichnet\MehrereLok.";"M429"
6972;")OsteochondrosederWirbelsäule,nichtnäherbezeichnet\Okzip.-Atl-Ax";"M429"
6973;")OsteochondrosederWirbelsäule,nichtnäherbezeichnet\Zervikal";"M429"
6974;")OsteochondrosederWirbelsäule,nichtnäherbezeichnet\Zerv.thorak.";"M429"
6975;")OsteochondrosederWirbelsäule,nichtnäherbezeichnet\Thorakal";"M429"
6976;")OsteochondrosederWirbelsäule,nichtnäherbezeichnet\Thorakolumb.";"M429"
6977;")OsteochondrosederWirbelsäule,nichtnäherbezeichnet\Lumbal";"M429"
6978;")OsteochondrosederWirbelsäule,nichtnäherbezeichnet\Lumbosakr.";"M429"
6979;")OsteochondrosederWirbelsäule,nichtnäherbezeichnet\Sakr./Kokz.";"M429"
6980;")OsteochondrosederWirbelsäule,nichtnäherbezeichnet\NNBLokalis.";"M429"
6982;"Spondylolyse";"M430"
6983;")Spondylolyse\MehrereLok.";"M430"
6984;")Spondylolyse\Okzip.-Atl-Ax";"M430"
6985;")Spondylolyse\Zervikal";"M430"
6986;")Spondylolyse\Zerv.thorak.";"M430"
6987;")Spondylolyse\Thorakal";"M430"
6988;")Spondylolyse\Thorakolumb.";"M430"
6989;")Spondylolyse\Lumbal";"M430"
6990;")Spondylolyse\Lumbosakr.";"M430"
6991;")Spondylolyse\Sakr./Kokz.";"M430"
6992;")Spondylolyse\NNBLokalis.";"M430"
6993;"Spondylolisthesis";"M431"
6994;")Spondylolisthesis\MehrereLok.";"M431"
6995;")Spondylolisthesis\Okzip.-Atl-Ax";"M431"
6996;")Spondylolisthesis\Zervikal";"M431"
6997;")Spondylolisthesis\Zerv.thorak.";"M431"
6998;")Spondylolisthesis\Thorakal";"M431"
6999;")Spondylolisthesis\Thorakolumb.";"M431"
7000;")Spondylolisthesis\Lumbal";"M431"
7001;")Spondylolisthesis\Lumbosakr.";"M431"
7002;")Spondylolisthesis\Sakr./Kokz.";"M431"
7003;")Spondylolisthesis\NNBLokalis.";"M431"
7004;"SonstigeWirbelfusion,AnkyloseeinesWirbelgelenkes";"M432"
7005;")SonstigeWirbelfusion,AnkyloseeinesWirbelgelenkes\MehrereLok.";"M432"
7006;")SonstigeWirbelfusion,AnkyloseeinesWirbelgelenkes\Okzip.-Atl-Ax";"M432"
7007;")SonstigeWirbelfusion,AnkyloseeinesWirbelgelenkes\Zervikal";"M432"
7009;")SonstigeWirbelfusion,AnkyloseeinesWirbelgelenkes\Thorakal";"M432"
7010;")SonstigeWirbelfusion,AnkyloseeinesWirbelgelenkes\Thorakolumb.";"M432"
7011;")SonstigeWirbelfusion,AnkyloseeinesWirbelgelenkes\Lumbal";"M432"
7012;")SonstigeWirbelfusion,AnkyloseeinesWirbelgelenkes\Lumbosakr.";"M432"
7013;")SonstigeWirbelfusion,AnkyloseeinesWirbelgelenkes\Sakr./Kokz.";"M432"
7014;")SonstigeWirbelfusion,AnkyloseeinesWirbelgelenkes\NNBLokalis.";"M432"
7015;"Habituelleatlanto-axialeSubluxationmitMyelopathie";"M433"
7017;")Habituelleatlanto-axialeSubluxationmitMyelopathie\Okzip.-Atl-Ax";"M433"
7018;")Habituelleatlanto-axialeSubluxationmitMyelopathie\Zervikal";"M433"
7020;")Habituelleatlanto-axialeSubluxationmitMyelopathie\Thorakal";"M433"
7022;")Habituelleatlanto-axialeSubluxationmitMyelopathie\Lumbal";"M433"
7026;"Sonstigehabituelleatlanto-axialeSubluxation";"M434"
7028;")Sonstigehabituelleatlanto-axialeSubluxation\Okzip.-Atl-Ax";"M434"
7029;")Sonstigehabituelleatlanto-axialeSubluxation\Zervikal";"M434"
7037;"SonstigehabituelleWirbelsubluxation";"M435"
7039;")SonstigehabituelleWirbelsubluxation\Okzip.-Atl-Ax";"M435"
7040;")SonstigehabituelleWirbelsubluxation\Zervikal";"M435"
7041;")SonstigehabituelleWirbelsubluxation\Zerv.thorak.";"M435"
7044;")SonstigehabituelleWirbelsubluxation\Lumbal";"M435"
7045;")SonstigehabituelleWirbelsubluxation\Lumbosakr.";"M435"
7047;")SonstigehabituelleWirbelsubluxation\NNBLokalis.";"M435"
7048;"Tortikollis";"M436"
7049;")Tortikollis\MehrereLok.";"M436"
7050;")Tortikollis\Okzip.-Atl-Ax";"M436"
7051;")Tortikollis\Zervikal";"M436"
7052;")Tortikollis\Zerv.thorak.";"M436"
7053;")Tortikollis\Thorakal";"M436"
7058;")Tortikollis\NNBLokalis.";"M436"
7059;"SonstigenäherbezeichneteDeformitätenderWirbelsäuleunddesRückens";"M438"
7060;")SonstigenäherbezeichneteDeformitätenderWirbelsäuleunddesRückens\MehrereLok.";"M438"
7061;")SonstigenäherbezeichneteDeformitätenderWirbelsäuleunddesRückens\Okzip.-Atl-Ax";"M438"
7062;")SonstigenäherbezeichneteDeformitätenderWirbelsäuleunddesRückens\Zervikal";"M438"
7063;")SonstigenäherbezeichneteDeformitätenderWirbelsäuleunddesRückens\Zerv.thorak.";"M438"
7064;")SonstigenäherbezeichneteDeformitätenderWirbelsäuleunddesRückens\Thorakal";"M438"
7065;")SonstigenäherbezeichneteDeformitätenderWirbelsäuleunddesRückens\Thorakolumb.";"M438"
7066;")SonstigenäherbezeichneteDeformitätenderWirbelsäuleunddesRückens\Lumbal";"M438"
7067;")SonstigenäherbezeichneteDeformitätenderWirbelsäuleunddesRückens\Lumbosakr.";"M438"
7068;")SonstigenäherbezeichneteDeformitätenderWirbelsäuleunddesRückens\Sakr./Kokz.";"M438"
7069;")SonstigenäherbezeichneteDeformitätenderWirbelsäuleunddesRückens\NNBLokalis.";"M438"
7070;"DeformitätderWirbelsäuleunddesRückens,nichtnäherbezeichnet,Wirbelsäulenverkrümmungo.n.A.";"M439"
7071;")DeformitätderWirbelsäuleunddesRückens,nichtnäherbezeichnet,Wirbelsäulenverkrümmungo.n.A.\MehrereLok.";"M439"
7072;")DeformitätderWirbelsäuleunddesRückens,nichtnäherbezeichnet,Wirbelsäulenverkrümmungo.n.A.\Okzip.-Atl-Ax";"M439"
7073;")DeformitätderWirbelsäuleunddesRückens,nichtnäherbezeichnet,Wirbelsäulenverkrümmungo.n.A.\Zervikal";"M439"
7074;")DeformitätderWirbelsäuleunddesRückens,nichtnäherbezeichnet,Wirbelsäulenverkrümmungo.n.A.\Zerv.thorak.";"M439"
7075;")DeformitätderWirbelsäuleunddesRückens,nichtnäherbezeichnet,Wirbelsäulenverkrümmungo.n.A.\Thorakal";"M439"
7076;")DeformitätderWirbelsäuleunddesRückens,nichtnäherbezeichnet,Wirbelsäulenverkrümmungo.n.A.\Thorakolumb.";"M439"
7077;")DeformitätderWirbelsäuleunddesRückens,nichtnäherbezeichnet,Wirbelsäulenverkrümmungo.n.A.\Lumbal";"M439"
7078;")DeformitätderWirbelsäuleunddesRückens,nichtnäherbezeichnet,Wirbelsäulenverkrümmungo.n.A.\Lumbosakr.";"M439"
7079;")DeformitätderWirbelsäuleunddesRückens,nichtnäherbezeichnet,Wirbelsäulenverkrümmungo.n.A.\Sakr./Kokz.";"M439"
7080;")DeformitätderWirbelsäuleunddesRückens,nichtnäherbezeichnet,Wirbelsäulenverkrümmungo.n.A.\NNBLokalis.";"M439"
7081;"Spondylitisankylosans[5.StelleSchlüsselnummerderLokalisationsieheamAnfangderKrankheitsgruppeM40-M54],ChronischePolyarthritisderWirbelsäule";"M45"
7083;")Spondylitisankylosans,ChronischePolyarthritisderWirbelsäule\MehrereLok.";"M45x"
7084;")Spondylitisankylosans,ChronischePolyarthritisderWirbelsäule\Okzip.-Atl-Ax";"M45x"
7085;")Spondylitisankylosans,ChronischePolyarthritisderWirbelsäule\Zervikal";"M45x"
7086;")Spondylitisankylosans,ChronischePolyarthritisderWirbelsäule\Zerv.thorak.";"M45x"
7087;")Spondylitisankylosans,ChronischePolyarthritisderWirbelsäule\Thorakal";"M45x"
7088;")Spondylitisankylosans,ChronischePolyarthritisderWirbelsäule\Thorakolumb.";"M45x"
7089;")Spondylitisankylosans,ChronischePolyarthritisderWirbelsäule\Lumbal";"M45x"
7090;")Spondylitisankylosans,ChronischePolyarthritisderWirbelsäule\Lumbosakr.";"M45x"
7091;")Spondylitisankylosans,ChronischePolyarthritisderWirbelsäule\Sakr./Kokz.";"M45x"
7092;")Spondylitisankylosans,ChronischePolyarthritisderWirbelsäule\NNBLokalis.";"M45x"
7094;"SpinaleEnthesopathie,LäsionandenInsertionsstellenvonBändernoderMuskelnanderWirbelsäule";"M460"
7095;")SpinaleEnthesopathie,LäsionandenInsertionsstellenvonBändernoderMuskelnanderWirbelsäule\MehrereLok.";"M460"
7097;")SpinaleEnthesopathie,LäsionandenInsertionsstellenvonBändernoderMuskelnanderWirbelsäule\Zervikal";"M460"
7098;")SpinaleEnthesopathie,LäsionandenInsertionsstellenvonBändernoderMuskelnanderWirbelsäule\Zerv.thorak.";"M460"
7099;")SpinaleEnthesopathie,LäsionandenInsertionsstellenvonBändernoderMuskelnanderWirbelsäule\Thorakal";"M460"
7100;")SpinaleEnthesopathie,LäsionandenInsertionsstellenvonBändernoderMuskelnanderWirbelsäule\Thorakolumb.";"M460"
7101;")SpinaleEnthesopathie,LäsionandenInsertionsstellenvonBändernoderMuskelnanderWirbelsäule\Lumbal";"M460"
7102;")SpinaleEnthesopathie,LäsionandenInsertionsstellenvonBändernoderMuskelnanderWirbelsäule\Lumbosakr.";"M460"
7103;")SpinaleEnthesopathie,LäsionandenInsertionsstellenvonBändernoderMuskelnanderWirbelsäule\Sakr./Kokz.";"M460"
7104;")SpinaleEnthesopathie,LäsionandenInsertionsstellenvonBändernoderMuskelnanderWirbelsäule\NNBLokalis.";"M460"
7105;"Sakroiliitis,anderenortsnichtklassifiziert";"M461"
7106;"Wirbelosteomyelitis";"M462"
7107;")Wirbelosteomyelitis\MehrereLok.";"M462"
7108;")Wirbelosteomyelitis\Okzip.-Atl-Ax";"M462"
7109;")Wirbelosteomyelitis\Zervikal";"M462"
7110;")Wirbelosteomyelitis\Zerv.thorak.";"M462"
7111;")Wirbelosteomyelitis\Thorakal";"M462"
7112;")Wirbelosteomyelitis\Thorakolumb.";"M462"
7113;")Wirbelosteomyelitis\Lumbal";"M462"
7114;")Wirbelosteomyelitis\Lumbosakr.";"M462"
7115;")Wirbelosteomyelitis\Sakr./Kokz.";"M462"
7116;")Wirbelosteomyelitis\NNBLokalis.";"M462"
7117;"Bandscheibeninfektion(pyogen)";"M463"
7118;")Bandscheibeninfektion(pyogen)\MehrereLok.";"M463"
7120;")Bandscheibeninfektion(pyogen)\Zervikal";"M463"
7122;")Bandscheibeninfektion(pyogen)\Thorakal";"M463"
7123;")Bandscheibeninfektion(pyogen)\Thorakolumb.";"M463"
7124;")Bandscheibeninfektion(pyogen)\Lumbal";"M463"
7125;")Bandscheibeninfektion(pyogen)\Lumbosakr.";"M463"
7126;")Bandscheibeninfektion(pyogen)\Sakr./Kokz.";"M463"
7127;")Bandscheibeninfektion(pyogen)\NNBLokalis.";"M463"
7128;"Diszitis,nichtnäherbezeichnet";"M464"
7129;")Diszitis,nichtnäherbezeichnet\MehrereLok.";"M464"
7130;")Diszitis,nichtnäherbezeichnet\Okzip.-Atl-Ax";"M464"
7131;")Diszitis,nichtnäherbezeichnet\Zervikal";"M464"
7132;")Diszitis,nichtnäherbezeichnet\Zerv.thorak.";"M464"
7133;")Diszitis,nichtnäherbezeichnet\Thorakal";"M464"
7134;")Diszitis,nichtnäherbezeichnet\Thorakolumb.";"M464"
7135;")Diszitis,nichtnäherbezeichnet\Lumbal";"M464"
7136;")Diszitis,nichtnäherbezeichnet\Lumbosakr.";"M464"
7137;")Diszitis,nichtnäherbezeichnet\Sakr./Kokz.";"M464"
7138;")Diszitis,nichtnäherbezeichnet\NNBLokalis.";"M464"
7139;"SonstigeinfektiöseSpondylopathien";"M465"
7140;")SonstigeinfektiöseSpondylopathien\MehrereLok.";"M465"
7141;")SonstigeinfektiöseSpondylopathien\Okzip.-Atl-Ax";"M465"
7142;")SonstigeinfektiöseSpondylopathien\Zervikal";"M465"
7143;")SonstigeinfektiöseSpondylopathien\Zerv.thorak.";"M465"
7144;")SonstigeinfektiöseSpondylopathien\Thorakal";"M465"
7145;")SonstigeinfektiöseSpondylopathien\Thorakolumb.";"M465"
7146;")SonstigeinfektiöseSpondylopathien\Lumbal";"M465"
7147;")SonstigeinfektiöseSpondylopathien\Lumbosakr.";"M465"
7148;")SonstigeinfektiöseSpondylopathien\Sakr./Kokz.";"M465"
7149;")SonstigeinfektiöseSpondylopathien\NNBLokalis.";"M465"
7150;"SonstigenäherbezeichneteentzündlicheSpondylopathien";"M468"
7151;")SonstigenäherbezeichneteentzündlicheSpondylopathien\MehrereLok.";"M468"
7152;")SonstigenäherbezeichneteentzündlicheSpondylopathien\Okzip.-Atl-Ax";"M468"
7153;")SonstigenäherbezeichneteentzündlicheSpondylopathien\Zervikal";"M468"
7154;")SonstigenäherbezeichneteentzündlicheSpondylopathien\Zerv.thorak.";"M468"
7155;")SonstigenäherbezeichneteentzündlicheSpondylopathien\Thorakal";"M468"
7156;")SonstigenäherbezeichneteentzündlicheSpondylopathien\Thorakolumb.";"M468"
7157;")SonstigenäherbezeichneteentzündlicheSpondylopathien\Lumbal";"M468"
7158;")SonstigenäherbezeichneteentzündlicheSpondylopathien\Lumbosakr.";"M468"
7159;")SonstigenäherbezeichneteentzündlicheSpondylopathien\Sakr./Kokz.";"M468"
7160;")SonstigenäherbezeichneteentzündlicheSpondylopathien\NNBLokalis.";"M468"
7161;"EntzündlicheSpondylopathie,nichtnäherbezeichnet";"M469"
7162;")EntzündlicheSpondylopathie,nichtnäherbezeichnet\MehrereLok.";"M469"
7163;")EntzündlicheSpondylopathie,nichtnäherbezeichnet\Okzip.-Atl-Ax";"M469"
7164;")EntzündlicheSpondylopathie,nichtnäherbezeichnet\Zervikal";"M469"
7165;")EntzündlicheSpondylopathie,nichtnäherbezeichnet\Zerv.thorak.";"M469"
7166;")EntzündlicheSpondylopathie,nichtnäherbezeichnet\Thorakal";"M469"
7167;")EntzündlicheSpondylopathie,nichtnäherbezeichnet\Thorakolumb.";"M469"
7168;")EntzündlicheSpondylopathie,nichtnäherbezeichnet\Lumbal";"M469"
7169;")EntzündlicheSpondylopathie,nichtnäherbezeichnet\Lumbosakr.";"M469"
7170;")EntzündlicheSpondylopathie,nichtnäherbezeichnet\Sakr./Kokz.";"M469"
7171;")EntzündlicheSpondylopathie,nichtnäherbezeichnet\NNBLokalis.";"M469"
7173;"Arteria-spinalis-anterior-KompressionssyndromundArteria-vertebralis-Kompressionssyndrom(G99.2*)";"M470"
7174;")Arteria-spinalis-anterior-KompressionssyndromundArteria-vertebralis-Kompressionssyndrom(G99.2*)\MehrereLok.";"M470"
7175;")Arteria-spinalis-anterior-KompressionssyndromundArteria-vertebralis-Kompressionssyndrom(G99.2*)\Okzip.-Atl-Ax";"M470"
7176;")Arteria-spinalis-anterior-KompressionssyndromundArteria-vertebralis-Kompressionssyndrom(G99.2*)\Zervikal";"M470"
7177;")Arteria-spinalis-anterior-KompressionssyndromundArteria-vertebralis-Kompressionssyndrom(G99.2*)\Zerv.thorak.";"M470"
7178;")Arteria-spinalis-anterior-KompressionssyndromundArteria-vertebralis-Kompressionssyndrom(G99.2*)\Thorakal";"M470"
7179;")Arteria-spinalis-anterior-KompressionssyndromundArteria-vertebralis-Kompressionssyndrom(G99.2*)\Thorakolumb.";"M470"
7180;")Arteria-spinalis-anterior-KompressionssyndromundArteria-vertebralis-Kompressionssyndrom(G99.2*)\Lumbal";"M470"
7181;")Arteria-spinalis-anterior-KompressionssyndromundArteria-vertebralis-Kompressionssyndrom(G99.2*)\Lumbosakr.";"M470"
7182;")Arteria-spinalis-anterior-KompressionssyndromundArteria-vertebralis-Kompressionssyndrom(G99.2*)\Sakr./Kokz.";"M470"
7183;")Arteria-spinalis-anterior-KompressionssyndromundArteria-vertebralis-Kompressionssyndrom(G99.2*)\NNBLokalis.";"M470"
7184;"SonstigeSpondylosemitMyelopathie,SpondylogeneKompressiondesRückenmarkes+(G99.2*)";"M471"
7185;")SonstigeSpondylosemitMyelopathie,SpondylogeneKompressiondesRückenmarkes+(G99.2*)\MehrereLok.";"M471"
7186;")SonstigeSpondylosemitMyelopathie,SpondylogeneKompressiondesRückenmarkes+(G99.2*)\Okzip.-Atl-Ax";"M471"
7187;")SonstigeSpondylosemitMyelopathie,SpondylogeneKompressiondesRückenmarkes+(G99.2*)\Zervikal";"M471"
7188;")SonstigeSpondylosemitMyelopathie,SpondylogeneKompressiondesRückenmarkes+(G99.2*)\Zerv.thorak.";"M471"
7189;")SonstigeSpondylosemitMyelopathie,SpondylogeneKompressiondesRückenmarkes+(G99.2*)\Thorakal";"M471"
7190;")SonstigeSpondylosemitMyelopathie,SpondylogeneKompressiondesRückenmarkes+(G99.2*)\Thorakolumb.";"M471"
7191;")SonstigeSpondylosemitMyelopathie,SpondylogeneKompressiondesRückenmarkes+(G99.2*)\Lumbal";"M471"
7192;")SonstigeSpondylosemitMyelopathie,SpondylogeneKompressiondesRückenmarkes+(G99.2*)\Lumbosakr.";"M471"
7193;")SonstigeSpondylosemitMyelopathie,SpondylogeneKompressiondesRückenmarkes+(G99.2*)\Sakr./Kokz.";"M471"
7194;")SonstigeSpondylosemitMyelopathie,SpondylogeneKompressiondesRückenmarkes+(G99.2*)\NNBLokalis.";"M471"
7195;"SonstigeSpondylosemitRadikulopathie";"M472"
7196;")SonstigeSpondylosemitRadikulopathie\MehrereLok.";"M472"
7197;")SonstigeSpondylosemitRadikulopathie\Okzip.-Atl-Ax";"M472"
7198;")SonstigeSpondylosemitRadikulopathie\Zervikal";"M472"
7199;")SonstigeSpondylosemitRadikulopathie\Zerv.thorak.";"M472"
7200;")SonstigeSpondylosemitRadikulopathie\Thorakal";"M472"
7201;")SonstigeSpondylosemitRadikulopathie\Thorakolumb.";"M472"
7202;")SonstigeSpondylosemitRadikulopathie\Lumbal";"M472"
7203;")SonstigeSpondylosemitRadikulopathie\Lumbosakr.";"M472"
7204;")SonstigeSpondylosemitRadikulopathie\Sakr./Kokz.";"M472"
7205;")SonstigeSpondylosemitRadikulopathie\NNBLokalis.";"M472"
7206;"SonstigeSpondylose,LumbosakraleSpondylose,ThorakaleSpondylose,ZervikaleSpondylose,ohneMyelopathieoderRadikulopathie";"M478"
7207;")SonstigeSpondylose,LumbosakraleSpondylose,ThorakaleSpondylose,ZervikaleSpondylose,ohneMyelopathieoderRadikulopathie\MehrereLok.";"M478"
7208;")SonstigeSpondylose,LumbosakraleSpondylose,ThorakaleSpondylose,ZervikaleSpondylose,ohneMyelopathieoderRadikulopathie\Okzip.-Atl-Ax";"M478"
7209;")SonstigeSpondylose,LumbosakraleSpondylose,ThorakaleSpondylose,ZervikaleSpondylose,ohneMyelopathieoderRadikulopathie\Zervikal";"M478"
7210;")SonstigeSpondylose,LumbosakraleSpondylose,ThorakaleSpondylose,ZervikaleSpondylose,ohneMyelopathieoderRadikulopathie\Zerv.thorak.";"M478"
7211;")SonstigeSpondylose,LumbosakraleSpondylose,ThorakaleSpondylose,ZervikaleSpondylose,ohneMyelopathieoderRadikulopathie\Thorakal";"M478"
7212;")SonstigeSpondylose,LumbosakraleSpondylose,ThorakaleSpondylose,ZervikaleSpondylose,ohneMyelopathieoderRadikulopathie\Thorakolumb.";"M478"
7213;")SonstigeSpondylose,LumbosakraleSpondylose,ThorakaleSpondylose,ZervikaleSpondylose,ohneMyelopathieoderRadikulopathie\Lumbal";"M478"
7214;")SonstigeSpondylose,LumbosakraleSpondylose,ThorakaleSpondylose,ZervikaleSpondylose,ohneMyelopathieoderRadikulopathie\Lumbosakr.";"M478"
7215;")SonstigeSpondylose,LumbosakraleSpondylose,ThorakaleSpondylose,ZervikaleSpondylose,ohneMyelopathieoderRadikulopathie\Sakr./Kokz.";"M478"
7216;")SonstigeSpondylose,LumbosakraleSpondylose,ThorakaleSpondylose,ZervikaleSpondylose,ohneMyelopathieoderRadikulopathie\NNBLokalis.";"M478"
7217;"Spondylose,nichtnäherbezeichnet";"M479"
7218;")Spondylose,nichtnäherbezeichnet\MehrereLok.";"M479"
7219;")Spondylose,nichtnäherbezeichnet\Okzip.-Atl-Ax";"M479"
7220;")Spondylose,nichtnäherbezeichnet\Zervikal";"M479"
7221;")Spondylose,nichtnäherbezeichnet\Zerv.thorak.";"M479"
7222;")Spondylose,nichtnäherbezeichnet\Thorakal";"M479"
7223;")Spondylose,nichtnäherbezeichnet\Thorakolumb.";"M479"
7224;")Spondylose,nichtnäherbezeichnet\Lumbal";"M479"
7225;")Spondylose,nichtnäherbezeichnet\Lumbosakr.";"M479"
7226;")Spondylose,nichtnäherbezeichnet\Sakr./Kokz.";"M479"
7227;")Spondylose,nichtnäherbezeichnet\NNBLokalis.";"M479"
7229;"Spinalstenose,LumbaleSpinalstenose";"M480"
7230;")Spinalstenose,LumbaleSpinalstenose\MehrereLok.";"M480"
7231;")Spinalstenose,LumbaleSpinalstenose\Okzip.-Atl-Ax";"M480"
7232;")Spinalstenose,LumbaleSpinalstenose\Zervikal";"M480"
7233;")Spinalstenose,LumbaleSpinalstenose\Zerv.thorak.";"M480"
7234;")Spinalstenose,LumbaleSpinalstenose\Thorakal";"M480"
7235;")Spinalstenose,LumbaleSpinalstenose\Thorakolumb.";"M480"
7236;")Spinalstenose,LumbaleSpinalstenose\Lumbal";"M480"
7237;")Spinalstenose,LumbaleSpinalstenose\Lumbosakr.";"M480"
7238;")Spinalstenose,LumbaleSpinalstenose\Sakr./Kokz.";"M480"
7239;")Spinalstenose,LumbaleSpinalstenose\NNBLokalis.";"M480"
7240;"Spondylitishyperostotica[Forestier-Ott],DiffuseidiopathischeSkeletthyperostose[DISH]";"M481"
7241;")Spondylitishyperostotica[Forestier-Ott],DiffuseidiopathischeSkeletthyperostose[DISH]\MehrereLok.";"M481"
7242;")Spondylitishyperostotica[Forestier-Ott],DiffuseidiopathischeSkeletthyperostose[DISH]\Okzip.-Atl-Ax";"M481"
7243;")Spondylitishyperostotica[Forestier-Ott],DiffuseidiopathischeSkeletthyperostose[DISH]\Zervikal";"M481"
7244;")Spondylitishyperostotica[Forestier-Ott],DiffuseidiopathischeSkeletthyperostose[DISH]\Zerv.thorak.";"M481"
7245;")Spondylitishyperostotica[Forestier-Ott],DiffuseidiopathischeSkeletthyperostose[DISH]\Thorakal";"M481"
7246;")Spondylitishyperostotica[Forestier-Ott],DiffuseidiopathischeSkeletthyperostose[DISH]\Thorakolumb.";"M481"
7247;")Spondylitishyperostotica[Forestier-Ott],DiffuseidiopathischeSkeletthyperostose[DISH]\Lumbal";"M481"
7248;")Spondylitishyperostotica[Forestier-Ott],DiffuseidiopathischeSkeletthyperostose[DISH]\Lumbosakr.";"M481"
7249;")Spondylitishyperostotica[Forestier-Ott],DiffuseidiopathischeSkeletthyperostose[DISH]\Sakr./Kokz.";"M481"
7250;")Spondylitishyperostotica[Forestier-Ott],DiffuseidiopathischeSkeletthyperostose[DISH]\NNBLokalis.";"M481"
7251;"Baastrup-Syndrom";"M482"
7252;"TraumatischeSpondylopathie";"M483"
7253;")TraumatischeSpondylopathie\MehrereLok.";"M483"
7254;")TraumatischeSpondylopathie\Okzip.-Atl-Ax";"M483"
7255;")TraumatischeSpondylopathie\Zervikal";"M483"
7256;")TraumatischeSpondylopathie\Zerv.thorak.";"M483"
7257;")TraumatischeSpondylopathie\Thorakal";"M483"
7258;")TraumatischeSpondylopathie\Thorakolumb.";"M483"
7259;")TraumatischeSpondylopathie\Lumbal";"M483"
7260;")TraumatischeSpondylopathie\Lumbosakr.";"M483"
7262;")TraumatischeSpondylopathie\NNBLokalis.";"M483"
7263;"ErmüdungsbrucheinesWirbels,StreßfraktureinesWirbels";"M484"
7264;")ErmüdungsbrucheinesWirbels,StreßfraktureinesWirbels\MehrereLok.";"M484"
7265;")ErmüdungsbrucheinesWirbels,StreßfraktureinesWirbels\Okzip.-Atl-Ax";"M484"
7266;")ErmüdungsbrucheinesWirbels,StreßfraktureinesWirbels\Zervikal";"M484"
7267;")ErmüdungsbrucheinesWirbels,StreßfraktureinesWirbels\Zerv.thorak.";"M484"
7268;")ErmüdungsbrucheinesWirbels,StreßfraktureinesWirbels\Thorakal";"M484"
7269;")ErmüdungsbrucheinesWirbels,StreßfraktureinesWirbels\Thorakolumb.";"M484"
7270;")ErmüdungsbrucheinesWirbels,StreßfraktureinesWirbels\Lumbal";"M484"
7271;")ErmüdungsbrucheinesWirbels,StreßfraktureinesWirbels\Lumbosakr.";"M484"
7272;")ErmüdungsbrucheinesWirbels,StreßfraktureinesWirbels\Sakr./Kokz.";"M484"
7273;")ErmüdungsbrucheinesWirbels,StreßfraktureinesWirbels\NNBLokalis.";"M484"
7274;"Wirbelkörperkompression,anderenortsnichtklassifiziert,Keilwirbelo.n.A.,Wirbelkörperkompressiono.n.A.";"M485"
7275;")Wirbelkörperkompression,anderenortsnichtklassifiziert,Keilwirbelo.n.A.,Wirbelkörperkompressiono.n.A.\MehrereLok.";"M485"
7276;")Wirbelkörperkompression,anderenortsnichtklassifiziert,Keilwirbelo.n.A.,Wirbelkörperkompressiono.n.A.\Okzip.-Atl-Ax";"M485"
7277;")Wirbelkörperkompression,anderenortsnichtklassifiziert,Keilwirbelo.n.A.,Wirbelkörperkompressiono.n.A.\Zervikal";"M485"
7278;")Wirbelkörperkompression,anderenortsnichtklassifiziert,Keilwirbelo.n.A.,Wirbelkörperkompressiono.n.A.\Zerv.thorak.";"M485"
7279;")Wirbelkörperkompression,anderenortsnichtklassifiziert,Keilwirbelo.n.A.,Wirbelkörperkompressiono.n.A.\Thorakal";"M485"
7280;")Wirbelkörperkompression,anderenortsnichtklassifiziert,Keilwirbelo.n.A.,Wirbelkörperkompressiono.n.A.\Thorakolumb.";"M485"
7281;")Wirbelkörperkompression,anderenortsnichtklassifiziert,Keilwirbelo.n.A.,Wirbelkörperkompressiono.n.A.\Lumbal";"M485"
7282;")Wirbelkörperkompression,anderenortsnichtklassifiziert,Keilwirbelo.n.A.,Wirbelkörperkompressiono.n.A.\Lumbosakr.";"M485"
7283;")Wirbelkörperkompression,anderenortsnichtklassifiziert,Keilwirbelo.n.A.,Wirbelkörperkompressiono.n.A.\Sakr./Kokz.";"M485"
7284;")Wirbelkörperkompression,anderenortsnichtklassifiziert,Keilwirbelo.n.A.,Wirbelkörperkompressiono.n.A.\NNBLokalis.";"M485"
7285;"SonstigenäherbezeichneteSpondylopathien,OssifikationdesLig.longitudinaleposterius[OPLL-Syndrom]";"M488"
7286;")SonstigenäherbezeichneteSpondylopathien,OssifikationdesLig.longitudinaleposterius[OPLL-Syndrom]\MehrereLok.";"M488"
7287;")SonstigenäherbezeichneteSpondylopathien,OssifikationdesLig.longitudinaleposterius[OPLL-Syndrom]\Okzip.-Atl-Ax";"M488"
7288;")SonstigenäherbezeichneteSpondylopathien,OssifikationdesLig.longitudinaleposterius[OPLL-Syndrom]\Zervikal";"M488"
7289;")SonstigenäherbezeichneteSpondylopathien,OssifikationdesLig.longitudinaleposterius[OPLL-Syndrom]\Zerv.thorak.";"M488"
7290;")SonstigenäherbezeichneteSpondylopathien,OssifikationdesLig.longitudinaleposterius[OPLL-Syndrom]\Thorakal";"M488"
7291;")SonstigenäherbezeichneteSpondylopathien,OssifikationdesLig.longitudinaleposterius[OPLL-Syndrom]\Thorakolumb.";"M488"
7292;")SonstigenäherbezeichneteSpondylopathien,OssifikationdesLig.longitudinaleposterius[OPLL-Syndrom]\Lumbal";"M488"
7293;")SonstigenäherbezeichneteSpondylopathien,OssifikationdesLig.longitudinaleposterius[OPLL-Syndrom]\Lumbosakr.";"M488"
7294;")SonstigenäherbezeichneteSpondylopathien,OssifikationdesLig.longitudinaleposterius[OPLL-Syndrom]\Sakr./Kokz.";"M488"
7295;")SonstigenäherbezeichneteSpondylopathien,OssifikationdesLig.longitudinaleposterius[OPLL-Syndrom]\NNBLokalis.";"M488"
7296;"Spondylopathie,nichtnäherbezeichnet";"M489"
7297;")Spondylopathie,nichtnäherbezeichnet\MehrereLok.";"M489"
7299;")Spondylopathie,nichtnäherbezeichnet\Zervikal";"M489"
7300;")Spondylopathie,nichtnäherbezeichnet\Zerv.thorak.";"M489"
7301;")Spondylopathie,nichtnäherbezeichnet\Thorakal";"M489"
7302;")Spondylopathie,nichtnäherbezeichnet\Thorakolumb.";"M489"
7303;")Spondylopathie,nichtnäherbezeichnet\Lumbal";"M489"
7304;")Spondylopathie,nichtnäherbezeichnet\Lumbosakr.";"M489"
7305;")Spondylopathie,nichtnäherbezeichnet\Sakr./Kokz.";"M489"
7306;")Spondylopathie,nichtnäherbezeichnet\NNBLokalis.";"M489"
7308;"TuberkulosederWirbelsäule(A18.0+),Pott-Gibbus";"M490"
7309;")TuberkulosederWirbelsäule(A18.0+),Pott-Gibbus\MehrereLok.";"M490"
7313;")TuberkulosederWirbelsäule(A18.0+),Pott-Gibbus\Thorakal";"M490"
7314;")TuberkulosederWirbelsäule(A18.0+),Pott-Gibbus\Thorakolumb.";"M490"
7315;")TuberkulosederWirbelsäule(A18.0+),Pott-Gibbus\Lumbal";"M490"
7318;")TuberkulosederWirbelsäule(A18.0+),Pott-Gibbus\NNBLokalis.";"M490"
7324;")Spondylitisbrucellosa(A23.-+)\Thorakal";"M491"
7325;")Spondylitisbrucellosa(A23.-+)\Thorakolumb.";"M491"
7331;")SpondylitisdurchEnterobakterien(A01-A04+)\MehrereLok.";"M492"
7335;")SpondylitisdurchEnterobakterien(A01-A04+)\Thorakal";"M492"
7336;")SpondylitisdurchEnterobakterien(A01-A04+)\Thorakolumb.";"M492"
7337;")SpondylitisdurchEnterobakterien(A01-A04+)\Lumbal";"M492"
7341;"SpondylopathiebeisonstigenanderenortsklassifizierteninfektiösenundparasitärenKrankheiten";"M493"
7349;")SpondylopathiebeisonstigenanderenortsklassifizierteninfektiösenundparasitärenKrankheiten\Lumbosakr.";"M493"
7351;")SpondylopathiebeisonstigenanderenortsklassifizierteninfektiösenundparasitärenKrankheiten\NNBLokalis.";"M493"
7352;"NeuropathischeSpondylopathie,NeuropathischeSpondylopathiebei:SyringomyelieundSyringobulbie(G95.0+),Tabesdorsalis(A52.1+)";"M494"
7353;")NeuropathischeSpondylopathie,NeuropathischeSpondylopathiebei:SyringomyelieundSyringobulbie(G95.0+),Tabesdorsalis(A52.1+)\MehrereLok.";"M494"
7354;")NeuropathischeSpondylopathie,NeuropathischeSpondylopathiebei:SyringomyelieundSyringobulbie(G95.0+),Tabesdorsalis(A52.1+)\Okzip.-Atl-Ax";"M494"
7355;")NeuropathischeSpondylopathie,NeuropathischeSpondylopathiebei:SyringomyelieundSyringobulbie(G95.0+),Tabesdorsalis(A52.1+)\Zervikal";"M494"
7356;")NeuropathischeSpondylopathie,NeuropathischeSpondylopathiebei:SyringomyelieundSyringobulbie(G95.0+),Tabesdorsalis(A52.1+)\Zerv.thorak.";"M494"
7357;")NeuropathischeSpondylopathie,NeuropathischeSpondylopathiebei:SyringomyelieundSyringobulbie(G95.0+),Tabesdorsalis(A52.1+)\Thorakal";"M494"
7359;")NeuropathischeSpondylopathie,NeuropathischeSpondylopathiebei:SyringomyelieundSyringobulbie(G95.0+),Tabesdorsalis(A52.1+)\Lumbal";"M494"
7361;")NeuropathischeSpondylopathie,NeuropathischeSpondylopathiebei:SyringomyelieundSyringobulbie(G95.0+),Tabesdorsalis(A52.1+)\Sakr./Kokz.";"M494"
7362;")NeuropathischeSpondylopathie,NeuropathischeSpondylopathiebei:SyringomyelieundSyringobulbie(G95.0+),Tabesdorsalis(A52.1+)\NNBLokalis.";"M494"
7363;"WirbelkörperkompressionbeianderenortsklassifiziertenKrankheiten,WirbelfrakturinfolgevonMetastasen(C79.5+)";"M495"
7364;")WirbelkörperkompressionbeianderenortsklassifiziertenKrankheiten,WirbelfrakturinfolgevonMetastasen(C79.5+)\MehrereLok.";"M495"
7365;")WirbelkörperkompressionbeianderenortsklassifiziertenKrankheiten,WirbelfrakturinfolgevonMetastasen(C79.5+)\Okzip.-Atl-Ax";"M495"
7366;")WirbelkörperkompressionbeianderenortsklassifiziertenKrankheiten,WirbelfrakturinfolgevonMetastasen(C79.5+)\Zervikal";"M495"
7367;")WirbelkörperkompressionbeianderenortsklassifiziertenKrankheiten,WirbelfrakturinfolgevonMetastasen(C79.5+)\Zerv.thorak.";"M495"
7368;")WirbelkörperkompressionbeianderenortsklassifiziertenKrankheiten,WirbelfrakturinfolgevonMetastasen(C79.5+)\Thorakal";"M495"
7369;")WirbelkörperkompressionbeianderenortsklassifiziertenKrankheiten,WirbelfrakturinfolgevonMetastasen(C79.5+)\Thorakolumb.";"M495"
7370;")WirbelkörperkompressionbeianderenortsklassifiziertenKrankheiten,WirbelfrakturinfolgevonMetastasen(C79.5+)\Lumbal";"M495"
7371;")WirbelkörperkompressionbeianderenortsklassifiziertenKrankheiten,WirbelfrakturinfolgevonMetastasen(C79.5+)\Lumbosakr.";"M495"
7372;")WirbelkörperkompressionbeianderenortsklassifiziertenKrankheiten,WirbelfrakturinfolgevonMetastasen(C79.5+)\Sakr./Kokz.";"M495"
7373;")WirbelkörperkompressionbeianderenortsklassifiziertenKrankheiten,WirbelfrakturinfolgevonMetastasen(C79.5+)\NNBLokalis.";"M495"
7374;"SpondylopathiebeisonstigenanderenortsklassifiziertenKrankheiten";"M498"
7375;")SpondylopathiebeisonstigenanderenortsklassifiziertenKrankheiten\MehrereLok.";"M498"
7377;")SpondylopathiebeisonstigenanderenortsklassifiziertenKrankheiten\Zervikal";"M498"
7378;")SpondylopathiebeisonstigenanderenortsklassifiziertenKrankheiten\Zerv.thorak.";"M498"
7379;")SpondylopathiebeisonstigenanderenortsklassifiziertenKrankheiten\Thorakal";"M498"
7380;")SpondylopathiebeisonstigenanderenortsklassifiziertenKrankheiten\Thorakolumb.";"M498"
7381;")SpondylopathiebeisonstigenanderenortsklassifiziertenKrankheiten\Lumbal";"M498"
7382;")SpondylopathiebeisonstigenanderenortsklassifiziertenKrankheiten\Lumbosakr.";"M498"
7384;")SpondylopathiebeisonstigenanderenortsklassifiziertenKrankheiten\NNBLokalis.";"M498"
7386;"ZervikalerBandscheibenschadenmitMyelopathie(G99.2*)";"M500"
7387;")ZervikalerBandscheibenschadenmitMyelopathie(G99.2*)\MehrereLok.";"M500"
7388;")ZervikalerBandscheibenschadenmitMyelopathie(G99.2*)\Okzip.-Atl-Ax";"M500"
7389;")ZervikalerBandscheibenschadenmitMyelopathie(G99.2*)\Zervikal";"M500"
7390;")ZervikalerBandscheibenschadenmitMyelopathie(G99.2*)\Zerv.thorak.";"M500"
7391;")ZervikalerBandscheibenschadenmitMyelopathie(G99.2*)\NNBLokalis.";"M500"
7392;"ZervikalerBandscheibenschadenmitRadikulopathie";"M501"
7393;")ZervikalerBandscheibenschadenmitRadikulopathie\MehrereLok.";"M501"
7394;")ZervikalerBandscheibenschadenmitRadikulopathie\Okzip.-Atl-Ax";"M501"
7395;")ZervikalerBandscheibenschadenmitRadikulopathie\Zervikal";"M501"
7396;")ZervikalerBandscheibenschadenmitRadikulopathie\Zerv.thorak.";"M501"
7397;")ZervikalerBandscheibenschadenmitRadikulopathie\NNBLokalis.";"M501"
7398;"SonstigezervikaleBandscheibenverlagerung";"M502"
7399;")SonstigezervikaleBandscheibenverlagerung\MehrereLok.";"M502"
7401;")SonstigezervikaleBandscheibenverlagerung\Zervikal";"M502"
7402;")SonstigezervikaleBandscheibenverlagerung\Zerv.thorak.";"M502"
7403;")SonstigezervikaleBandscheibenverlagerung\NNBLokalis.";"M502"
7404;"SonstigezervikaleBandscheibendegeneration";"M503"
7405;")SonstigezervikaleBandscheibendegeneration\MehrereLok.";"M503"
7407;")SonstigezervikaleBandscheibendegeneration\Zervikal";"M503"
7408;")SonstigezervikaleBandscheibendegeneration\Zerv.thorak.";"M503"
7409;")SonstigezervikaleBandscheibendegeneration\NNBLokalis.";"M503"
7410;"SonstigezervikaleBandscheibenschäden";"M508"
7411;")SonstigezervikaleBandscheibenschäden\MehrereLok.";"M508"
7413;")SonstigezervikaleBandscheibenschäden\Zervikal";"M508"
7414;")SonstigezervikaleBandscheibenschäden\Zerv.thorak.";"M508"
7415;")SonstigezervikaleBandscheibenschäden\NNBLokalis.";"M508"
7416;"ZervikalerBandscheibenschaden,nichtnäherbezeichnet";"M509"
7417;")ZervikalerBandscheibenschaden,nichtnäherbezeichnet\MehrereLok.";"M509"
7419;")ZervikalerBandscheibenschaden,nichtnäherbezeichnet\Zervikal";"M509"
7420;")ZervikalerBandscheibenschaden,nichtnäherbezeichnet\Zerv.thorak.";"M509"
7421;")ZervikalerBandscheibenschaden,nichtnäherbezeichnet\NNBLokalis.";"M509"
7423;"LumbaleundsonstigeBandscheibenschädenmitMyelopathie(G99.2*)";"M510"
7424;")LumbaleundsonstigeBandscheibenschädenmitMyelopathie(G99.2*)\MehrereLok.";"M510"
7425;")LumbaleundsonstigeBandscheibenschädenmitMyelopathie(G99.2*)\Okzip.-Atl-Ax";"M510"
7426;")LumbaleundsonstigeBandscheibenschädenmitMyelopathie(G99.2*)\Zervikal";"M510"
7427;")LumbaleundsonstigeBandscheibenschädenmitMyelopathie(G99.2*)\Zerv.thorak.";"M510"
7428;")LumbaleundsonstigeBandscheibenschädenmitMyelopathie(G99.2*)\Thorakal";"M510"
7429;")LumbaleundsonstigeBandscheibenschädenmitMyelopathie(G99.2*)\Thorakolumb.";"M510"
7430;")LumbaleundsonstigeBandscheibenschädenmitMyelopathie(G99.2*)\Lumbal";"M510"
7431;")LumbaleundsonstigeBandscheibenschädenmitMyelopathie(G99.2*)\Lumbosakr.";"M510"
7432;")LumbaleundsonstigeBandscheibenschädenmitMyelopathie(G99.2*)\Sakr./Kokz.";"M510"
7433;")LumbaleundsonstigeBandscheibenschädenmitMyelopathie(G99.2*)\NNBLokalis.";"M510"
7434;"LumbaleundsonstigeBandscheibenschädenmitRadikulopathie,IschialgiedurchBandscheibenschaden";"M511"
7435;")LumbaleundsonstigeBandscheibenschädenmitRadikulopathie,IschialgiedurchBandscheibenschaden\MehrereLok.";"M511"
7436;")LumbaleundsonstigeBandscheibenschädenmitRadikulopathie,IschialgiedurchBandscheibenschaden\Okzip.-Atl-Ax";"M511"
7437;")LumbaleundsonstigeBandscheibenschädenmitRadikulopathie,IschialgiedurchBandscheibenschaden\Zervikal";"M511"
7438;")LumbaleundsonstigeBandscheibenschädenmitRadikulopathie,IschialgiedurchBandscheibenschaden\Zerv.thorak.";"M511"
7439;")LumbaleundsonstigeBandscheibenschädenmitRadikulopathie,IschialgiedurchBandscheibenschaden\Thorakal";"M511"
7440;")LumbaleundsonstigeBandscheibenschädenmitRadikulopathie,IschialgiedurchBandscheibenschaden\Thorakolumb.";"M511"
7441;")LumbaleundsonstigeBandscheibenschädenmitRadikulopathie,IschialgiedurchBandscheibenschaden\Lumbal";"M511"
7442;")LumbaleundsonstigeBandscheibenschädenmitRadikulopathie,IschialgiedurchBandscheibenschaden\Lumbosakr.";"M511"
7443;")LumbaleundsonstigeBandscheibenschädenmitRadikulopathie,IschialgiedurchBandscheibenschaden\Sakr./Kokz.";"M511"
7444;")LumbaleundsonstigeBandscheibenschädenmitRadikulopathie,IschialgiedurchBandscheibenschaden\NNBLokalis.";"M511"
7445;"SonstigenäherbezeichneteBandscheibenverlagerung,LumbagodurchBandscheibenverlagerung";"M512"
7446;")SonstigenäherbezeichneteBandscheibenverlagerung,LumbagodurchBandscheibenverlagerung\MehrereLok.";"M512"
7447;")SonstigenäherbezeichneteBandscheibenverlagerung,LumbagodurchBandscheibenverlagerung\Okzip.-Atl-Ax";"M512"
7448;")SonstigenäherbezeichneteBandscheibenverlagerung,LumbagodurchBandscheibenverlagerung\Zervikal";"M512"
7449;")SonstigenäherbezeichneteBandscheibenverlagerung,LumbagodurchBandscheibenverlagerung\Zerv.thorak.";"M512"
7450;")SonstigenäherbezeichneteBandscheibenverlagerung,LumbagodurchBandscheibenverlagerung\Thorakal";"M512"
7451;")SonstigenäherbezeichneteBandscheibenverlagerung,LumbagodurchBandscheibenverlagerung\Thorakolumb.";"M512"
7452;")SonstigenäherbezeichneteBandscheibenverlagerung,LumbagodurchBandscheibenverlagerung\Lumbal";"M512"
7453;")SonstigenäherbezeichneteBandscheibenverlagerung,LumbagodurchBandscheibenverlagerung\Lumbosakr.";"M512"
7454;")SonstigenäherbezeichneteBandscheibenverlagerung,LumbagodurchBandscheibenverlagerung\Sakr./Kokz.";"M512"
7455;")SonstigenäherbezeichneteBandscheibenverlagerung,LumbagodurchBandscheibenverlagerung\NNBLokalis.";"M512"
7456;"SonstigenäherbezeichneteBandscheibendegeneration";"M513"
7457;")SonstigenäherbezeichneteBandscheibendegeneration\MehrereLok.";"M513"
7458;")SonstigenäherbezeichneteBandscheibendegeneration\Okzip.-Atl-Ax";"M513"
7459;")SonstigenäherbezeichneteBandscheibendegeneration\Zervikal";"M513"
7460;")SonstigenäherbezeichneteBandscheibendegeneration\Zerv.thorak.";"M513"
7461;")SonstigenäherbezeichneteBandscheibendegeneration\Thorakal";"M513"
7462;")SonstigenäherbezeichneteBandscheibendegeneration\Thorakolumb.";"M513"
7463;")SonstigenäherbezeichneteBandscheibendegeneration\Lumbal";"M513"
7464;")SonstigenäherbezeichneteBandscheibendegeneration\Lumbosakr.";"M513"
7465;")SonstigenäherbezeichneteBandscheibendegeneration\Sakr./Kokz.";"M513"
7466;")SonstigenäherbezeichneteBandscheibendegeneration\NNBLokalis.";"M513"
7467;"Schmorl-Knötchen";"M514"
7468;")Schmorl-Knötchen\MehrereLok.";"M514"
7472;")Schmorl-Knötchen\Thorakal";"M514"
7473;")Schmorl-Knötchen\Thorakolumb.";"M514"
7474;")Schmorl-Knötchen\Lumbal";"M514"
7475;")Schmorl-Knötchen\Lumbosakr.";"M514"
7476;")Schmorl-Knötchen\Sakr./Kokz.";"M514"
7477;")Schmorl-Knötchen\NNBLokalis.";"M514"
7478;"SonstigenäherbezeichneteBandscheibenschäden";"M518"
7479;")SonstigenäherbezeichneteBandscheibenschäden\MehrereLok.";"M518"
7481;")SonstigenäherbezeichneteBandscheibenschäden\Zervikal";"M518"
7482;")SonstigenäherbezeichneteBandscheibenschäden\Zerv.thorak.";"M518"
7483;")SonstigenäherbezeichneteBandscheibenschäden\Thorakal";"M518"
7484;")SonstigenäherbezeichneteBandscheibenschäden\Thorakolumb.";"M518"
7485;")SonstigenäherbezeichneteBandscheibenschäden\Lumbal";"M518"
7486;")SonstigenäherbezeichneteBandscheibenschäden\Lumbosakr.";"M518"
7487;")SonstigenäherbezeichneteBandscheibenschäden\Sakr./Kokz.";"M518"
7488;")SonstigenäherbezeichneteBandscheibenschäden\NNBLokalis.";"M518"
7489;"Bandscheibenschaden,nichtnäherbezeichnet";"M519"
7490;")Bandscheibenschaden,nichtnäherbezeichnet\MehrereLok.";"M519"
7491;")Bandscheibenschaden,nichtnäherbezeichnet\Okzip.-Atl-Ax";"M519"
7492;")Bandscheibenschaden,nichtnäherbezeichnet\Zervikal";"M519"
7493;")Bandscheibenschaden,nichtnäherbezeichnet\Zerv.thorak.";"M519"
7494;")Bandscheibenschaden,nichtnäherbezeichnet\Thorakal";"M519"
7495;")Bandscheibenschaden,nichtnäherbezeichnet\Thorakolumb.";"M519"
7496;")Bandscheibenschaden,nichtnäherbezeichnet\Lumbal";"M519"
7497;")Bandscheibenschaden,nichtnäherbezeichnet\Lumbosakr.";"M519"
7498;")Bandscheibenschaden,nichtnäherbezeichnet\Sakr./Kokz.";"M519"
7499;")Bandscheibenschaden,nichtnäherbezeichnet\NNBLokalis.";"M519"
7501;"ZervikozephalesSyndrom,SympathischeshinteresZervikal-Syndrom";"M530"
7502;"Zervikobrachial-Syndrom";"M531"
7503;"InstabilitätderWirbelsäule";"M532"
7504;")InstabilitätderWirbelsäule\MehrereLok.";"M532"
7505;")InstabilitätderWirbelsäule\Okzip.-Atl-Ax";"M532"
7506;")InstabilitätderWirbelsäule\Zervikal";"M532"
7507;")InstabilitätderWirbelsäule\Zerv.thorak.";"M532"
7508;")InstabilitätderWirbelsäule\Thorakal";"M532"
7509;")InstabilitätderWirbelsäule\Thorakolumb.";"M532"
7510;")InstabilitätderWirbelsäule\Lumbal";"M532"
7511;")InstabilitätderWirbelsäule\Lumbosakr.";"M532"
7512;")InstabilitätderWirbelsäule\Sakr./Kokz.";"M532"
7513;")InstabilitätderWirbelsäule\NNBLokalis.";"M532"
7514;"KrankheitenderSakrokokzygealregion,anderenortsnichtklassifiziert,Kokzygodynie";"M533"
7515;"SonstigenäherbezeichneteKrankheitenderWirbelsäuleunddesRückens";"M538"
7516;")SonstigenäherbezeichneteKrankheitenderWirbelsäuleunddesRückens\MehrereLok.";"M538"
7517;")SonstigenäherbezeichneteKrankheitenderWirbelsäuleunddesRückens\Okzip.-Atl-Ax";"M538"
7518;")SonstigenäherbezeichneteKrankheitenderWirbelsäuleunddesRückens\Zervikal";"M538"
7519;")SonstigenäherbezeichneteKrankheitenderWirbelsäuleunddesRückens\Zerv.thorak.";"M538"
7520;")SonstigenäherbezeichneteKrankheitenderWirbelsäuleunddesRückens\Thorakal";"M538"
7521;")SonstigenäherbezeichneteKrankheitenderWirbelsäuleunddesRückens\Thorakolumb.";"M538"
7522;")SonstigenäherbezeichneteKrankheitenderWirbelsäuleunddesRückens\Lumbal";"M538"
7523;")SonstigenäherbezeichneteKrankheitenderWirbelsäuleunddesRückens\Lumbosakr.";"M538"
7524;")SonstigenäherbezeichneteKrankheitenderWirbelsäuleunddesRückens\Sakr./Kokz.";"M538"
7525;")SonstigenäherbezeichneteKrankheitenderWirbelsäuleunddesRückens\NNBLokalis.";"M538"
7526;"KrankheitderWirbelsäuleunddesRückens,nichtnäherbezeichnet";"M539"
7527;")KrankheitderWirbelsäuleunddesRückens,nichtnäherbezeichnet\MehrereLok.";"M539"
7528;")KrankheitderWirbelsäuleunddesRückens,nichtnäherbezeichnet\Okzip.-Atl-Ax";"M539"
7529;")KrankheitderWirbelsäuleunddesRückens,nichtnäherbezeichnet\Zervikal";"M539"
7530;")KrankheitderWirbelsäuleunddesRückens,nichtnäherbezeichnet\Zerv.thorak.";"M539"
7531;")KrankheitderWirbelsäuleunddesRückens,nichtnäherbezeichnet\Thorakal";"M539"
7532;")KrankheitderWirbelsäuleunddesRückens,nichtnäherbezeichnet\Thorakolumb.";"M539"
7533;")KrankheitderWirbelsäuleunddesRückens,nichtnäherbezeichnet\Lumbal";"M539"
7534;")KrankheitderWirbelsäuleunddesRückens,nichtnäherbezeichnet\Lumbosakr.";"M539"
7535;")KrankheitderWirbelsäuleunddesRückens,nichtnäherbezeichnet\Sakr./Kokz.";"M539"
7536;")KrankheitderWirbelsäuleunddesRückens,nichtnäherbezeichnet\NNBLokalis.";"M539"
7538;"PannikulitisinderNacken-undRückenregion";"M540"
7539;")PannikulitisinderNacken-undRückenregion\MehrereLok.";"M540"
7540;")PannikulitisinderNacken-undRückenregion\Okzip.-Atl-Ax";"M540"
7541;")PannikulitisinderNacken-undRückenregion\Zervikal";"M540"
7542;")PannikulitisinderNacken-undRückenregion\Zerv.thorak.";"M540"
7543;")PannikulitisinderNacken-undRückenregion\Thorakal";"M540"
7544;")PannikulitisinderNacken-undRückenregion\Thorakolumb.";"M540"
7545;")PannikulitisinderNacken-undRückenregion\Lumbal";"M540"
7546;")PannikulitisinderNacken-undRückenregion\Lumbosakr.";"M540"
7547;")PannikulitisinderNacken-undRückenregion\Sakr./Kokz.";"M540"
7548;")PannikulitisinderNacken-undRückenregion\NNBLokalis.";"M540"
7549;"Radikulopathie,NeuritisoderRadikulitis:brachial,lumbal,lumbosakral,thorakal,o.n.A.,Radikulitiso.n.A.";"M541"
7550;")Radikulopathie,NeuritisoderRadikulitis:brachial,lumbal,lumbosakral,thorakal,o.n.A.,Radikulitiso.n.A.\MehrereLok.";"M541"
7551;")Radikulopathie,NeuritisoderRadikulitis:brachial,lumbal,lumbosakral,thorakal,o.n.A.,Radikulitiso.n.A.\Okzip.-Atl-Ax";"M541"
7552;")Radikulopathie,NeuritisoderRadikulitis:brachial,lumbal,lumbosakral,thorakal,o.n.A.,Radikulitiso.n.A.\Zervikal";"M541"
7553;")Radikulopathie,NeuritisoderRadikulitis:brachial,lumbal,lumbosakral,thorakal,o.n.A.,Radikulitiso.n.A.\Zerv.thorak.";"M541"
7554;")Radikulopathie,NeuritisoderRadikulitis:brachial,lumbal,lumbosakral,thorakal,o.n.A.,Radikulitiso.n.A.\Thorakal";"M541"
7555;")Radikulopathie,NeuritisoderRadikulitis:brachial,lumbal,lumbosakral,thorakal,o.n.A.,Radikulitiso.n.A.\Thorakolumb.";"M541"
7556;")Radikulopathie,NeuritisoderRadikulitis:brachial,lumbal,lumbosakral,thorakal,o.n.A.,Radikulitiso.n.A.\Lumbal";"M541"
7557;")Radikulopathie,NeuritisoderRadikulitis:brachial,lumbal,lumbosakral,thorakal,o.n.A.,Radikulitiso.n.A.\Lumbosakr.";"M541"
7558;")Radikulopathie,NeuritisoderRadikulitis:brachial,lumbal,lumbosakral,thorakal,o.n.A.,Radikulitiso.n.A.\Sakr./Kokz.";"M541"
7559;")Radikulopathie,NeuritisoderRadikulitis:brachial,lumbal,lumbosakral,thorakal,o.n.A.,Radikulitiso.n.A.\NNBLokalis.";"M541"
7560;"Zervikalneuralgie";"M542"
7561;"Ischialgie";"M543"
7562;"Lumboischialgie";"M544"
7563;"Kreuzschmerz,Lendenschmerz,Lumbagoo.n.A.,ÜberlastunginderKreuzbeingegend";"M545"
7564;"SchmerzenimBereichderBrustwirbelsäule";"M546"
7565;"SonstigeRückenschmerzen";"M548"
7566;")SonstigeRückenschmerzen\MehrereLok.";"M548"
7567;")SonstigeRückenschmerzen\Okzip.-Atl-Ax";"M548"
7568;")SonstigeRückenschmerzen\Zervikal";"M548"
7569;")SonstigeRückenschmerzen\Zerv.thorak.";"M548"
7570;")SonstigeRückenschmerzen\Thorakal";"M548"
7571;")SonstigeRückenschmerzen\Thorakolumb.";"M548"
7572;")SonstigeRückenschmerzen\Lumbal";"M548"
7573;")SonstigeRückenschmerzen\Lumbosakr.";"M548"
7574;")SonstigeRückenschmerzen\Sakr./Kokz.";"M548"
7575;")SonstigeRückenschmerzen\NNBLokalis.";"M548"
7576;"Rückenschmerzen,nichtnäherbezeichnet,Rückenschmerzeno.n.A.";"M549"
7577;")Rückenschmerzen,nichtnäherbezeichnet,Rückenschmerzeno.n.A.\MehrereLok.";"M549"
7578;")Rückenschmerzen,nichtnäherbezeichnet,Rückenschmerzeno.n.A.\Okzip.-Atl-Ax";"M549"
7579;")Rückenschmerzen,nichtnäherbezeichnet,Rückenschmerzeno.n.A.\Zervikal";"M549"
7580;")Rückenschmerzen,nichtnäherbezeichnet,Rückenschmerzeno.n.A.\Zerv.thorak.";"M549"
7581;")Rückenschmerzen,nichtnäherbezeichnet,Rückenschmerzeno.n.A.\Thorakal";"M549"
7582;")Rückenschmerzen,nichtnäherbezeichnet,Rückenschmerzeno.n.A.\Thorakolumb.";"M549"
7583;")Rückenschmerzen,nichtnäherbezeichnet,Rückenschmerzeno.n.A.\Lumbal";"M549"
7584;")Rückenschmerzen,nichtnäherbezeichnet,Rückenschmerzeno.n.A.\Lumbosakr.";"M549"
7585;")Rückenschmerzen,nichtnäherbezeichnet,Rückenschmerzeno.n.A.\Sakr./Kokz.";"M549"
7586;")Rückenschmerzen,nichtnäherbezeichnet,Rückenschmerzeno.n.A.\NNBLokalis.";"M549"
7588;"InfektiöseMyositis,TropischePyomyositis";"M600"
7589;")InfektiöseMyositis,TropischePyomyositis\MehrereLok.";"M600"
7590;")InfektiöseMyositis,TropischePyomyositis\Schulter";"M600"
7591;")InfektiöseMyositis,TropischePyomyositis\Oberarm";"M600"
7592;")InfektiöseMyositis,TropischePyomyositis\Unterarm";"M600"
7593;")InfektiöseMyositis,TropischePyomyositis\Hand";"M600"
7594;")InfektiöseMyositis,TropischePyomyositis\Becken/Obersch.";"M600"
7595;")InfektiöseMyositis,TropischePyomyositis\Knie/Untersch.";"M600"
7596;")InfektiöseMyositis,TropischePyomyositis\Knöchel/Fuß";"M600"
7597;")InfektiöseMyositis,TropischePyomyositis\sonstigeLok.";"M600"
7598;")InfektiöseMyositis,TropischePyomyositis\NNBLok.";"M600"
7599;"InterstitielleMyositis";"M601"
7600;")InterstitielleMyositis\MehrereLok.";"M601"
7601;")InterstitielleMyositis\Schulter";"M601"
7602;")InterstitielleMyositis\Oberarm";"M601"
7605;")InterstitielleMyositis\Becken/Obersch.";"M601"
7606;")InterstitielleMyositis\Knie/Untersch.";"M601"
7607;")InterstitielleMyositis\Knöchel/Fuß";"M601"
7608;")InterstitielleMyositis\sonstigeLok.";"M601"
7609;")InterstitielleMyositis\NNBLok.";"M601"
7610;"FremdkörpergranulomimWeichteilgewebe,anderenortsnichtklassifiziert";"M602"
7611;")FremdkörpergranulomimWeichteilgewebe,anderenortsnichtklassifiziert\MehrereLok.";"M602"
7612;")FremdkörpergranulomimWeichteilgewebe,anderenortsnichtklassifiziert\Schulter";"M602"
7613;")FremdkörpergranulomimWeichteilgewebe,anderenortsnichtklassifiziert\Oberarm";"M602"
7614;")FremdkörpergranulomimWeichteilgewebe,anderenortsnichtklassifiziert\Unterarm";"M602"
7615;")FremdkörpergranulomimWeichteilgewebe,anderenortsnichtklassifiziert\Hand";"M602"
7616;")FremdkörpergranulomimWeichteilgewebe,anderenortsnichtklassifiziert\Becken/Obersch.";"M602"
7617;")FremdkörpergranulomimWeichteilgewebe,anderenortsnichtklassifiziert\Knie/Untersch.";"M602"
7618;")FremdkörpergranulomimWeichteilgewebe,anderenortsnichtklassifiziert\Knöchel/Fuß";"M602"
7619;")FremdkörpergranulomimWeichteilgewebe,anderenortsnichtklassifiziert\sonstigeLok.";"M602"
7620;")FremdkörpergranulomimWeichteilgewebe,anderenortsnichtklassifiziert\NNBLok.";"M602"
7621;"SonstigeMyositis";"M608"
7622;")SonstigeMyositis\MehrereLok.";"M608"
7623;")SonstigeMyositis\Schulter";"M608"
7624;")SonstigeMyositis\Oberarm";"M608"
7625;")SonstigeMyositis\Unterarm";"M608"
7626;")SonstigeMyositis\Hand";"M608"
7627;")SonstigeMyositis\Becken/Obersch.";"M608"
7628;")SonstigeMyositis\Knie/Untersch.";"M608"
7629;")SonstigeMyositis\Knöchel/Fuß";"M608"
7630;")SonstigeMyositis\sonstigeLok.";"M608"
7631;")SonstigeMyositis\NNBLok.";"M608"
7632;"Myositis,nichtnäherbezeichnet";"M609"
7633;")Myositis,nichtnäherbezeichnet\MehrereLok.";"M609"
7634;")Myositis,nichtnäherbezeichnet\Schulter";"M609"
7635;")Myositis,nichtnäherbezeichnet\Oberarm";"M609"
7637;")Myositis,nichtnäherbezeichnet\Hand";"M609"
7638;")Myositis,nichtnäherbezeichnet\Becken/Obersch.";"M609"
7639;")Myositis,nichtnäherbezeichnet\Knie/Untersch.";"M609"
7640;")Myositis,nichtnäherbezeichnet\Knöchel/Fuß";"M609"
7641;")Myositis,nichtnäherbezeichnet\sonstigeLok.";"M609"
7642;")Myositis,nichtnäherbezeichnet\NNBLok.";"M609"
7644;"TraumatischeMyositisossificans";"M610"
7645;")TraumatischeMyositisossificans\MehrereLok.";"M610"
7646;")TraumatischeMyositisossificans\Schulter";"M610"
7647;")TraumatischeMyositisossificans\Oberarm";"M610"
7649;")TraumatischeMyositisossificans\Hand";"M610"
7650;")TraumatischeMyositisossificans\Becken/Obersch.";"M610"
7651;")TraumatischeMyositisossificans\Knie/Untersch.";"M610"
7652;")TraumatischeMyositisossificans\Knöchel/Fuß";"M610"
7653;")TraumatischeMyositisossificans\sonstigeLok.";"M610"
7654;")TraumatischeMyositisossificans\NNBLok.";"M610"
7655;"Myositisossificansprogressiva,Fibrodysplasiaossificansprogressiva";"M611"
7656;")Myositisossificansprogressiva,Fibrodysplasiaossificansprogressiva\MehrereLok.";"M611"
7657;")Myositisossificansprogressiva,Fibrodysplasiaossificansprogressiva\Schulter";"M611"
7659;")Myositisossificansprogressiva,Fibrodysplasiaossificansprogressiva\Unterarm";"M611"
7661;")Myositisossificansprogressiva,Fibrodysplasiaossificansprogressiva\Becken/Obersch.";"M611"
7662;")Myositisossificansprogressiva,Fibrodysplasiaossificansprogressiva\Knie/Untersch.";"M611"
7663;")Myositisossificansprogressiva,Fibrodysplasiaossificansprogressiva\Knöchel/Fuß";"M611"
7664;")Myositisossificansprogressiva,Fibrodysplasiaossificansprogressiva\sonstigeLok.";"M611"
7665;")Myositisossificansprogressiva,Fibrodysplasiaossificansprogressiva\NNBLok.";"M611"
7666;"KalzifikationundOssifikationvonMuskelnbeiLähmungen,MyositisossificansbeiTetraplegieoderParaplegie";"M612"
7667;")KalzifikationundOssifikationvonMuskelnbeiLähmungen,MyositisossificansbeiTetraplegieoderParaplegie\MehrereLok.";"M612"
7669;")KalzifikationundOssifikationvonMuskelnbeiLähmungen,MyositisossificansbeiTetraplegieoderParaplegie\Oberarm";"M612"
7670;")KalzifikationundOssifikationvonMuskelnbeiLähmungen,MyositisossificansbeiTetraplegieoderParaplegie\Unterarm";"M612"
7672;")KalzifikationundOssifikationvonMuskelnbeiLähmungen,MyositisossificansbeiTetraplegieoderParaplegie\Becken/Obersch.";"M612"
7673;")KalzifikationundOssifikationvonMuskelnbeiLähmungen,MyositisossificansbeiTetraplegieoderParaplegie\Knie/Untersch.";"M612"
7676;")KalzifikationundOssifikationvonMuskelnbeiLähmungen,MyositisossificansbeiTetraplegieoderParaplegie\NNBLok.";"M612"
7677;"KalzifikationundOssifikationvonMuskelnbeiVerbrennungen,MyositisossificansbeiVerbrennungen";"M613"
7678;")KalzifikationundOssifikationvonMuskelnbeiVerbrennungen,MyositisossificansbeiVerbrennungen\MehrereLok.";"M613"
7680;")KalzifikationundOssifikationvonMuskelnbeiVerbrennungen,MyositisossificansbeiVerbrennungen\Oberarm";"M613"
7681;")KalzifikationundOssifikationvonMuskelnbeiVerbrennungen,MyositisossificansbeiVerbrennungen\Unterarm";"M613"
7682;")KalzifikationundOssifikationvonMuskelnbeiVerbrennungen,MyositisossificansbeiVerbrennungen\Hand";"M613"
7683;")KalzifikationundOssifikationvonMuskelnbeiVerbrennungen,MyositisossificansbeiVerbrennungen\Becken/Obersch.";"M613"
7684;")KalzifikationundOssifikationvonMuskelnbeiVerbrennungen,MyositisossificansbeiVerbrennungen\Knie/Untersch.";"M613"
7685;")KalzifikationundOssifikationvonMuskelnbeiVerbrennungen,MyositisossificansbeiVerbrennungen\Knöchel/Fuß";"M613"
7687;")KalzifikationundOssifikationvonMuskelnbeiVerbrennungen,MyositisossificansbeiVerbrennungen\NNBLok.";"M613"
7688;"SonstigeKalzifikationvonMuskeln";"M614"
7689;")SonstigeKalzifikationvonMuskeln\MehrereLok.";"M614"
7690;")SonstigeKalzifikationvonMuskeln\Schulter";"M614"
7691;")SonstigeKalzifikationvonMuskeln\Oberarm";"M614"
7692;")SonstigeKalzifikationvonMuskeln\Unterarm";"M614"
7693;")SonstigeKalzifikationvonMuskeln\Hand";"M614"
7694;")SonstigeKalzifikationvonMuskeln\Becken/Obersch.";"M614"
7695;")SonstigeKalzifikationvonMuskeln\Knie/Untersch.";"M614"
7696;")SonstigeKalzifikationvonMuskeln\Knöchel/Fuß";"M614"
7697;")SonstigeKalzifikationvonMuskeln\sonstigeLok.";"M614"
7698;")SonstigeKalzifikationvonMuskeln\NNBLok.";"M614"
7699;"SonstigeOssifikationvonMuskeln";"M615"
7700;")SonstigeOssifikationvonMuskeln\MehrereLok.";"M615"
7701;")SonstigeOssifikationvonMuskeln\Schulter";"M615"
7702;")SonstigeOssifikationvonMuskeln\Oberarm";"M615"
7703;")SonstigeOssifikationvonMuskeln\Unterarm";"M615"
7704;")SonstigeOssifikationvonMuskeln\Hand";"M615"
7705;")SonstigeOssifikationvonMuskeln\Becken/Obersch.";"M615"
7706;")SonstigeOssifikationvonMuskeln\Knie/Untersch.";"M615"
7707;")SonstigeOssifikationvonMuskeln\Knöchel/Fuß";"M615"
7708;")SonstigeOssifikationvonMuskeln\sonstigeLok.";"M615"
7709;")SonstigeOssifikationvonMuskeln\NNBLok.";"M615"
7710;"KalzifikationundOssifikationvonMuskeln,nichtnäherbezeichnet";"M619"
7712;")KalzifikationundOssifikationvonMuskeln,nichtnäherbezeichnet\Schulter";"M619"
7713;")KalzifikationundOssifikationvonMuskeln,nichtnäherbezeichnet\Oberarm";"M619"
7714;")KalzifikationundOssifikationvonMuskeln,nichtnäherbezeichnet\Unterarm";"M619"
7715;")KalzifikationundOssifikationvonMuskeln,nichtnäherbezeichnet\Hand";"M619"
7716;")KalzifikationundOssifikationvonMuskeln,nichtnäherbezeichnet\Becken/Obersch.";"M619"
7717;")KalzifikationundOssifikationvonMuskeln,nichtnäherbezeichnet\Knie/Untersch.";"M619"
7718;")KalzifikationundOssifikationvonMuskeln,nichtnäherbezeichnet\Knöchel/Fuß";"M619"
7719;")KalzifikationundOssifikationvonMuskeln,nichtnäherbezeichnet\sonstigeLok.";"M619"
7720;")KalzifikationundOssifikationvonMuskeln,nichtnäherbezeichnet\NNBLok.";"M619"
7722;"Muskeldiastase";"M620"
7723;"SonstigerMuskelriß(nichttraumatisch)";"M621"
7724;")SonstigerMuskelriß(nichttraumatisch)\MehrereLok.";"M621"
7725;")SonstigerMuskelriß(nichttraumatisch)\Schulter";"M621"
7726;")SonstigerMuskelriß(nichttraumatisch)\Oberarm";"M621"
7727;")SonstigerMuskelriß(nichttraumatisch)\Unterarm";"M621"
7728;")SonstigerMuskelriß(nichttraumatisch)\Hand";"M621"
7729;")SonstigerMuskelriß(nichttraumatisch)\Becken/Obersch.";"M621"
7730;")SonstigerMuskelriß(nichttraumatisch)\Knie/Untersch.";"M621"
7731;")SonstigerMuskelriß(nichttraumatisch)\Knöchel/Fuß";"M621"
7732;")SonstigerMuskelriß(nichttraumatisch)\sonstigeLok.";"M621"
7733;")SonstigerMuskelriß(nichttraumatisch)\NNBLok.";"M621"
7734;"IschämischerMuskelinfarkt";"M622"
7735;")IschämischerMuskelinfarkt\MehrereLok.";"M622"
7736;")IschämischerMuskelinfarkt\Schulter";"M622"
7737;")IschämischerMuskelinfarkt\Oberarm";"M622"
7738;")IschämischerMuskelinfarkt\Unterarm";"M622"
7739;")IschämischerMuskelinfarkt\Hand";"M622"
7740;")IschämischerMuskelinfarkt\Becken/Obersch.";"M622"
7741;")IschämischerMuskelinfarkt\Knie/Untersch.";"M622"
7742;")IschämischerMuskelinfarkt\Knöchel/Fuß";"M622"
7743;")IschämischerMuskelinfarkt\sonstigeLok.";"M622"
7744;")IschämischerMuskelinfarkt\NNBLok.";"M622"
7745;"Immobilitätssyndrom(paraplegisch)";"M623"
7746;")Immobilitätssyndrom(paraplegisch)\MehrereLok.";"M623"
7748;")Immobilitätssyndrom(paraplegisch)\Oberarm";"M623"
7749;")Immobilitätssyndrom(paraplegisch)\Unterarm";"M623"
7750;")Immobilitätssyndrom(paraplegisch)\Hand";"M623"
7751;")Immobilitätssyndrom(paraplegisch)\Becken/Obersch.";"M623"
7752;")Immobilitätssyndrom(paraplegisch)\Knie/Untersch.";"M623"
7753;")Immobilitätssyndrom(paraplegisch)\Knöchel/Fuß";"M623"
7754;")Immobilitätssyndrom(paraplegisch)\sonstigeLok.";"M623"
7755;")Immobilitätssyndrom(paraplegisch)\NNBLok.";"M623"
7756;"Muskelkontraktur";"M624"
7757;")Muskelkontraktur\MehrereLok.";"M624"
7758;")Muskelkontraktur\Schulter";"M624"
7759;")Muskelkontraktur\Oberarm";"M624"
7760;")Muskelkontraktur\Unterarm";"M624"
7761;")Muskelkontraktur\Hand";"M624"
7762;")Muskelkontraktur\Becken/Obersch.";"M624"
7763;")Muskelkontraktur\Knie/Untersch.";"M624"
7764;")Muskelkontraktur\Knöchel/Fuß";"M624"
7765;")Muskelkontraktur\sonstigeLok.";"M624"
7766;")Muskelkontraktur\NNBLok.";"M624"
7767;"Muskelschwundund-atrophie,anderenortsnichtklassifiziert,Inaktivitätsatrophie,anderenortsnichtklassifiziert";"M625"
7768;")Muskelschwundund-atrophie,anderenortsnichtklassifiziert,Inaktivitätsatrophie,anderenortsnichtklassifiziert\MehrereLok.";"M625"
7769;")Muskelschwundund-atrophie,anderenortsnichtklassifiziert,Inaktivitätsatrophie,anderenortsnichtklassifiziert\Schulter";"M625"
7770;")Muskelschwundund-atrophie,anderenortsnichtklassifiziert,Inaktivitätsatrophie,anderenortsnichtklassifiziert\Oberarm";"M625"
7771;")Muskelschwundund-atrophie,anderenortsnichtklassifiziert,Inaktivitätsatrophie,anderenortsnichtklassifiziert\Unterarm";"M625"
7772;")Muskelschwundund-atrophie,anderenortsnichtklassifiziert,Inaktivitätsatrophie,anderenortsnichtklassifiziert\Hand";"M625"
7773;")Muskelschwundund-atrophie,anderenortsnichtklassifiziert,Inaktivitätsatrophie,anderenortsnichtklassifiziert\Becken/Obersch.";"M625"
7774;")Muskelschwundund-atrophie,anderenortsnichtklassifiziert,Inaktivitätsatrophie,anderenortsnichtklassifiziert\Knie/Untersch.";"M625"
7775;")Muskelschwundund-atrophie,anderenortsnichtklassifiziert,Inaktivitätsatrophie,anderenortsnichtklassifiziert\Knöchel/Fuß";"M625"
7776;")Muskelschwundund-atrophie,anderenortsnichtklassifiziert,Inaktivitätsatrophie,anderenortsnichtklassifiziert\sonstigeLok.";"M625"
7777;")Muskelschwundund-atrophie,anderenortsnichtklassifiziert,Inaktivitätsatrophie,anderenortsnichtklassifiziert\NNBLok.";"M625"
7778;"Muskelzerrung";"M626"
7779;")Muskelzerrung\MehrereLok.";"M626"
7780;")Muskelzerrung\Schulter";"M626"
7781;")Muskelzerrung\Oberarm";"M626"
7782;")Muskelzerrung\Unterarm";"M626"
7784;")Muskelzerrung\Becken/Obersch.";"M626"
7785;")Muskelzerrung\Knie/Untersch.";"M626"
7786;")Muskelzerrung\Knöchel/Fuß";"M626"
7787;")Muskelzerrung\sonstigeLok.";"M626"
7788;")Muskelzerrung\NNBLok.";"M626"
7789;"SonstigenäherbezeichneteMuskelkrankheiten,Muskel-(Scheiden-)Hernie";"M628"
7790;")SonstigenäherbezeichneteMuskelkrankheiten,Muskel-(Scheiden-)Hernie\MehrereLok.";"M628"
7791;")SonstigenäherbezeichneteMuskelkrankheiten,Muskel-(Scheiden-)Hernie\Schulter";"M628"
7792;")SonstigenäherbezeichneteMuskelkrankheiten,Muskel-(Scheiden-)Hernie\Oberarm";"M628"
7793;")SonstigenäherbezeichneteMuskelkrankheiten,Muskel-(Scheiden-)Hernie\Unterarm";"M628"
7794;")SonstigenäherbezeichneteMuskelkrankheiten,Muskel-(Scheiden-)Hernie\Hand";"M628"
7795;")SonstigenäherbezeichneteMuskelkrankheiten,Muskel-(Scheiden-)Hernie\Becken/Obersch.";"M628"
7796;")SonstigenäherbezeichneteMuskelkrankheiten,Muskel-(Scheiden-)Hernie\Knie/Untersch.";"M628"
7797;")SonstigenäherbezeichneteMuskelkrankheiten,Muskel-(Scheiden-)Hernie\Knöchel/Fuß";"M628"
7798;")SonstigenäherbezeichneteMuskelkrankheiten,Muskel-(Scheiden-)Hernie\sonstigeLok.";"M628"
7799;")SonstigenäherbezeichneteMuskelkrankheiten,Muskel-(Scheiden-)Hernie\NNBLok.";"M628"
7800;"Muskelkrankheit,nichtnäherbezeichnet";"M629"
7801;")Muskelkrankheit,nichtnäherbezeichnet\MehrereLok.";"M629"
7802;")Muskelkrankheit,nichtnäherbezeichnet\Schulter";"M629"
7803;")Muskelkrankheit,nichtnäherbezeichnet\Oberarm";"M629"
7804;")Muskelkrankheit,nichtnäherbezeichnet\Unterarm";"M629"
7805;")Muskelkrankheit,nichtnäherbezeichnet\Hand";"M629"
7806;")Muskelkrankheit,nichtnäherbezeichnet\Becken/Obersch.";"M629"
7807;")Muskelkrankheit,nichtnäherbezeichnet\Knie/Untersch.";"M629"
7808;")Muskelkrankheit,nichtnäherbezeichnet\Knöchel/Fuß";"M629"
7809;")Muskelkrankheit,nichtnäherbezeichnet\sonstigeLok.";"M629"
7810;")Muskelkrankheit,nichtnäherbezeichnet\NNBLok.";"M629"
7812;"MyositisbeianderenortsklassifiziertenbakteriellenKrankheiten,Myositisbei:Lepra[Aussatz](A30.-+),Syphilis(A51.4+,A52.7+)";"M630"
7834;"MyositisbeisonstigenanderenortsklassifiziertenInfektionskrankheiten,MyositisbeiMykosen(B35-B49+)";"M632"
7837;")MyositisbeisonstigenanderenortsklassifiziertenInfektionskrankheiten,MyositisbeiMykosen(B35-B49+)\Oberarm";"M632"
7838;")MyositisbeisonstigenanderenortsklassifiziertenInfektionskrankheiten,MyositisbeiMykosen(B35-B49+)\Unterarm";"M632"
7846;")MyositisbeiSarkoidose(D86.8+)\MehrereLok.";"M633"
7853;")MyositisbeiSarkoidose(D86.8+)\Knöchel/Fuß";"M633"
7854;")MyositisbeiSarkoidose(D86.8+)\sonstigeLok.";"M633"
7855;")MyositisbeiSarkoidose(D86.8+)\NNBLok.";"M633"
7856;"SonstigeMuskelkrankheitenbeianderenortsklassifiziertenKrankheiten";"M638"
7857;")SonstigeMuskelkrankheitenbeianderenortsklassifiziertenKrankheiten\MehrereLok.";"M638"
7858;")SonstigeMuskelkrankheitenbeianderenortsklassifiziertenKrankheiten\Schulter";"M638"
7859;")SonstigeMuskelkrankheitenbeianderenortsklassifiziertenKrankheiten\Oberarm";"M638"
7861;")SonstigeMuskelkrankheitenbeianderenortsklassifiziertenKrankheiten\Hand";"M638"
7863;")SonstigeMuskelkrankheitenbeianderenortsklassifiziertenKrankheiten\Knie/Untersch.";"M638"
7864;")SonstigeMuskelkrankheitenbeianderenortsklassifiziertenKrankheiten\Knöchel/Fuß";"M638"
7865;")SonstigeMuskelkrankheitenbeianderenortsklassifiziertenKrankheiten\sonstigeLok.";"M638"
7866;")SonstigeMuskelkrankheitenbeianderenortsklassifiziertenKrankheiten\NNBLok.";"M638"
7868;"Sehnenscheidenabszeß";"M650"
7869;")Sehnenscheidenabszeß\MehrereLok.";"M650"
7870;")Sehnenscheidenabszeß\Schulter";"M650"
7871;")Sehnenscheidenabszeß\Oberarm";"M650"
7872;")Sehnenscheidenabszeß\Unterarm";"M650"
7873;")Sehnenscheidenabszeß\Hand";"M650"
7874;")Sehnenscheidenabszeß\Becken/Obersch.";"M650"
7875;")Sehnenscheidenabszeß\Knie/Untersch.";"M650"
7876;")Sehnenscheidenabszeß\Knöchel/Fuß";"M650"
7877;")Sehnenscheidenabszeß\sonstigeLok.";"M650"
7878;")Sehnenscheidenabszeß\NNBLok.";"M650"
7879;"Sonstigeinfektiöse(Teno-)Synovitis";"M651"
7880;")Sonstigeinfektiöse(Teno-)Synovitis\MehrereLok.";"M651"
7881;")Sonstigeinfektiöse(Teno-)Synovitis\Schulter";"M651"
7882;")Sonstigeinfektiöse(Teno-)Synovitis\Oberarm";"M651"
7883;")Sonstigeinfektiöse(Teno-)Synovitis\Unterarm";"M651"
7884;")Sonstigeinfektiöse(Teno-)Synovitis\Hand";"M651"
7885;")Sonstigeinfektiöse(Teno-)Synovitis\Becken/Obersch.";"M651"
7886;")Sonstigeinfektiöse(Teno-)Synovitis\Knie/Untersch.";"M651"
7887;")Sonstigeinfektiöse(Teno-)Synovitis\Knöchel/Fuß";"M651"
7888;")Sonstigeinfektiöse(Teno-)Synovitis\sonstigeLok.";"M651"
7889;")Sonstigeinfektiöse(Teno-)Synovitis\NNBLok.";"M651"
7890;"Tendinitiscalcarea";"M652"
7891;")Tendinitiscalcarea\MehrereLok.";"M652"
7892;")Tendinitiscalcarea\Oberarm";"M652"
7893;")Tendinitiscalcarea\Unterarm";"M652"
7894;")Tendinitiscalcarea\Hand";"M652"
7895;")Tendinitiscalcarea\Becken/Obersch.";"M652"
7896;")Tendinitiscalcarea\Knie/Untersch.";"M652"
7897;")Tendinitiscalcarea\Knöchel/Fuß";"M652"
7898;")Tendinitiscalcarea\sonstigeLok.";"M652"
7899;")Tendinitiscalcarea\NNBLok.";"M652"
7900;"SchnellenderFinger,Tendopathianodosa";"M653"
7901;"Tendovaginitisstenosans[deQuervain]";"M654"
7902;"SonstigeSynovitisundTenosynovitis";"M658"
7903;")SonstigeSynovitisundTenosynovitis\MehrereLok.";"M658"
7904;")SonstigeSynovitisundTenosynovitis\Schulter";"M658"
7905;")SonstigeSynovitisundTenosynovitis\Oberarm";"M658"
7906;")SonstigeSynovitisundTenosynovitis\Unterarm";"M658"
7907;")SonstigeSynovitisundTenosynovitis\Hand";"M658"
7908;")SonstigeSynovitisundTenosynovitis\Becken/Obersch.";"M658"
7909;")SonstigeSynovitisundTenosynovitis\Knie/Untersch.";"M658"
7910;")SonstigeSynovitisundTenosynovitis\Knöchel/Fuß";"M658"
7911;")SonstigeSynovitisundTenosynovitis\sonstigeLok.";"M658"
7912;")SonstigeSynovitisundTenosynovitis\NNBLok.";"M658"
7913;"SynovitisundTenosynovitis,nichtnäherbezeichnet";"M659"
7914;")SynovitisundTenosynovitis,nichtnäherbezeichnet\MehrereLok.";"M659"
7915;")SynovitisundTenosynovitis,nichtnäherbezeichnet\Schulter";"M659"
7916;")SynovitisundTenosynovitis,nichtnäherbezeichnet\Oberarm";"M659"
7917;")SynovitisundTenosynovitis,nichtnäherbezeichnet\Unterarm";"M659"
7918;")SynovitisundTenosynovitis,nichtnäherbezeichnet\Hand";"M659"
7919;")SynovitisundTenosynovitis,nichtnäherbezeichnet\Becken/Obersch.";"M659"
7920;")SynovitisundTenosynovitis,nichtnäherbezeichnet\Knie/Untersch.";"M659"
7921;")SynovitisundTenosynovitis,nichtnäherbezeichnet\Knöchel/Fuß";"M659"
7922;")SynovitisundTenosynovitis,nichtnäherbezeichnet\sonstigeLok.";"M659"
7923;")SynovitisundTenosynovitis,nichtnäherbezeichnet\NNBLok.";"M659"
7925;"RuptureinerPoplitealzyste";"M660"
7926;"RupturderSynovialis,RuptureinerSynovialzyste";"M661"
7928;")RupturderSynovialis,RuptureinerSynovialzyste\Schulter";"M661"
7929;")RupturderSynovialis,RuptureinerSynovialzyste\Oberarm";"M661"
7930;")RupturderSynovialis,RuptureinerSynovialzyste\Unterarm";"M661"
7931;")RupturderSynovialis,RuptureinerSynovialzyste\Hand";"M661"
7932;")RupturderSynovialis,RuptureinerSynovialzyste\Becken/Obersch.";"M661"
7933;")RupturderSynovialis,RuptureinerSynovialzyste\Knie/Untersch.";"M661"
7934;")RupturderSynovialis,RuptureinerSynovialzyste\Knöchel/Fuß";"M661"
7935;")RupturderSynovialis,RuptureinerSynovialzyste\sonstigeLok.";"M661"
7936;")RupturderSynovialis,RuptureinerSynovialzyste\NNBLok.";"M661"
7937;"SpontanrupturvonStrecksehnen";"M662"
7938;")SpontanrupturvonStrecksehnen\MehrereLok.";"M662"
7939;")SpontanrupturvonStrecksehnen\Schulter";"M662"
7940;")SpontanrupturvonStrecksehnen\Oberarm";"M662"
7941;")SpontanrupturvonStrecksehnen\Unterarm";"M662"
7942;")SpontanrupturvonStrecksehnen\Hand";"M662"
7943;")SpontanrupturvonStrecksehnen\Becken/Obersch.";"M662"
7944;")SpontanrupturvonStrecksehnen\Knie/Untersch.";"M662"
7945;")SpontanrupturvonStrecksehnen\Knöchel/Fuß";"M662"
7946;")SpontanrupturvonStrecksehnen\sonstigeLok.";"M662"
7947;")SpontanrupturvonStrecksehnen\NNBLok.";"M662"
7948;"SpontanrupturvonBeugesehnen";"M663"
7949;")SpontanrupturvonBeugesehnen\MehrereLok.";"M663"
7950;")SpontanrupturvonBeugesehnen\Schulter";"M663"
7951;")SpontanrupturvonBeugesehnen\Oberarm";"M663"
7952;")SpontanrupturvonBeugesehnen\Unterarm";"M663"
7953;")SpontanrupturvonBeugesehnen\Hand";"M663"
7954;")SpontanrupturvonBeugesehnen\Becken/Obersch.";"M663"
7955;")SpontanrupturvonBeugesehnen\Knie/Untersch.";"M663"
7956;")SpontanrupturvonBeugesehnen\Knöchel/Fuß";"M663"
7957;")SpontanrupturvonBeugesehnen\sonstigeLok.";"M663"
7959;"SpontanruptursonstigerSehnen";"M664"
7960;")SpontanruptursonstigerSehnen\MehrereLok.";"M664"
7961;")SpontanruptursonstigerSehnen\Schulter";"M664"
7962;")SpontanruptursonstigerSehnen\Oberarm";"M664"
7963;")SpontanruptursonstigerSehnen\Unterarm";"M664"
7964;")SpontanruptursonstigerSehnen\Hand";"M664"
7965;")SpontanruptursonstigerSehnen\Becken/Obersch.";"M664"
7966;")SpontanruptursonstigerSehnen\Knie/Untersch.";"M664"
7967;")SpontanruptursonstigerSehnen\Knöchel/Fuß";"M664"
7968;")SpontanruptursonstigerSehnen\sonstigeLok.";"M664"
7969;")SpontanruptursonstigerSehnen\NNBLok.";"M664"
7970;"SpontanrupturvonnichtnäherbezeichnetenSehnen,RupturderMuskel-Sehnen-Verbindung,nichttraumatisch";"M665"
7971;")SpontanrupturvonnichtnäherbezeichnetenSehnen,RupturderMuskel-Sehnen-Verbindung,nichttraumatisch\MehrereLok.";"M665"
7972;")SpontanrupturvonnichtnäherbezeichnetenSehnen,RupturderMuskel-Sehnen-Verbindung,nichttraumatisch\Schulter";"M665"
7973;")SpontanrupturvonnichtnäherbezeichnetenSehnen,RupturderMuskel-Sehnen-Verbindung,nichttraumatisch\Oberarm";"M665"
7974;")SpontanrupturvonnichtnäherbezeichnetenSehnen,RupturderMuskel-Sehnen-Verbindung,nichttraumatisch\Unterarm";"M665"
7975;")SpontanrupturvonnichtnäherbezeichnetenSehnen,RupturderMuskel-Sehnen-Verbindung,nichttraumatisch\Hand";"M665"
7976;")SpontanrupturvonnichtnäherbezeichnetenSehnen,RupturderMuskel-Sehnen-Verbindung,nichttraumatisch\Becken/Obersch.";"M665"
7977;")SpontanrupturvonnichtnäherbezeichnetenSehnen,RupturderMuskel-Sehnen-Verbindung,nichttraumatisch\Knie/Untersch.";"M665"
7978;")SpontanrupturvonnichtnäherbezeichnetenSehnen,RupturderMuskel-Sehnen-Verbindung,nichttraumatisch\Knöchel/Fuß";"M665"
7979;")SpontanrupturvonnichtnäherbezeichnetenSehnen,RupturderMuskel-Sehnen-Verbindung,nichttraumatisch\sonstigeLok.";"M665"
7980;")SpontanrupturvonnichtnäherbezeichnetenSehnen,RupturderMuskel-Sehnen-Verbindung,nichttraumatisch\NNBLok.";"M665"
7982;"Achillessehnenverkürzung(erworben)";"M670"
7983;"SonstigeSehnen-(Scheiden-)Kontraktur";"M671"
7984;")SonstigeSehnen-(Scheiden-)Kontraktur\MehrereLok.";"M671"
7985;")SonstigeSehnen-(Scheiden-)Kontraktur\Schulter";"M671"
7986;")SonstigeSehnen-(Scheiden-)Kontraktur\Oberarm";"M671"
7987;")SonstigeSehnen-(Scheiden-)Kontraktur\Unterarm";"M671"
7988;")SonstigeSehnen-(Scheiden-)Kontraktur\Hand";"M671"
7989;")SonstigeSehnen-(Scheiden-)Kontraktur\Becken/Obersch.";"M671"
7990;")SonstigeSehnen-(Scheiden-)Kontraktur\Knie/Untersch.";"M671"
7991;")SonstigeSehnen-(Scheiden-)Kontraktur\Knöchel/Fuß";"M671"
7992;")SonstigeSehnen-(Scheiden-)Kontraktur\sonstigeLok.";"M671"
7993;")SonstigeSehnen-(Scheiden-)Kontraktur\NNBLok.";"M671"
7994;"HypertrophiederSynovialis,anderenortsnichtklassifiziert";"M672"
7995;")HypertrophiederSynovialis,anderenortsnichtklassifiziert\MehrereLok.";"M672"
7996;")HypertrophiederSynovialis,anderenortsnichtklassifiziert\Schulter";"M672"
7997;")HypertrophiederSynovialis,anderenortsnichtklassifiziert\Oberarm";"M672"
7998;")HypertrophiederSynovialis,anderenortsnichtklassifiziert\Unterarm";"M672"
7999;")HypertrophiederSynovialis,anderenortsnichtklassifiziert\Hand";"M672"
8000;")HypertrophiederSynovialis,anderenortsnichtklassifiziert\Becken/Obersch.";"M672"
8001;")HypertrophiederSynovialis,anderenortsnichtklassifiziert\Knie/Untersch.";"M672"
8002;")HypertrophiederSynovialis,anderenortsnichtklassifiziert\Knöchel/Fuß";"M672"
8003;")HypertrophiederSynovialis,anderenortsnichtklassifiziert\sonstigeLok.";"M672"
8004;")HypertrophiederSynovialis,anderenortsnichtklassifiziert\NNBLok.";"M672"
8005;"TransitorischeSynovitis,ToxischeSynovitis";"M673"
8006;")TransitorischeSynovitis,ToxischeSynovitis\MehrereLok.";"M673"
8007;")TransitorischeSynovitis,ToxischeSynovitis\Schulter";"M673"
8008;")TransitorischeSynovitis,ToxischeSynovitis\Oberarm";"M673"
8009;")TransitorischeSynovitis,ToxischeSynovitis\Unterarm";"M673"
8010;")TransitorischeSynovitis,ToxischeSynovitis\Hand";"M673"
8011;")TransitorischeSynovitis,ToxischeSynovitis\Becken/Obersch.";"M673"
8012;")TransitorischeSynovitis,ToxischeSynovitis\Knie/Untersch.";"M673"
8013;")TransitorischeSynovitis,ToxischeSynovitis\Knöchel/Fuß";"M673"
8014;")TransitorischeSynovitis,ToxischeSynovitis\sonstigeLok.";"M673"
8015;")TransitorischeSynovitis,ToxischeSynovitis\NNBLok.";"M673"
8016;"Ganglion,GanglioneinesGelenkesodereinerSehne(n)-(Scheide)";"M674"
8017;")Ganglion,GanglioneinesGelenkesodereinerSehne(n)-(Scheide)\MehrereLok.";"M674"
8018;")Ganglion,GanglioneinesGelenkesodereinerSehne(n)-(Scheide)\Schulter";"M674"
8019;")Ganglion,GanglioneinesGelenkesodereinerSehne(n)-(Scheide)\Oberarm";"M674"
8020;")Ganglion,GanglioneinesGelenkesodereinerSehne(n)-(Scheide)\Unterarm";"M674"
8021;")Ganglion,GanglioneinesGelenkesodereinerSehne(n)-(Scheide)\Hand";"M674"
8022;")Ganglion,GanglioneinesGelenkesodereinerSehne(n)-(Scheide)\Becken/Obersch.";"M674"
8023;")Ganglion,GanglioneinesGelenkesodereinerSehne(n)-(Scheide)\Knie/Untersch.";"M674"
8024;")Ganglion,GanglioneinesGelenkesodereinerSehne(n)-(Scheide)\Knöchel/Fuß";"M674"
8025;")Ganglion,GanglioneinesGelenkesodereinerSehne(n)-(Scheide)\sonstigeLok.";"M674"
8026;")Ganglion,GanglioneinesGelenkesodereinerSehne(n)-(Scheide)\NNBLok.";"M674"
8027;"SonstigenäherbezeichneteKrankheitenderSynovialisundderSehnen";"M678"
8028;")SonstigenäherbezeichneteKrankheitenderSynovialisundderSehnen\MehrereLok.";"M678"
8029;")SonstigenäherbezeichneteKrankheitenderSynovialisundderSehnen\Schulter";"M678"
8030;")SonstigenäherbezeichneteKrankheitenderSynovialisundderSehnen\Oberarm";"M678"
8031;")SonstigenäherbezeichneteKrankheitenderSynovialisundderSehnen\Unterarm";"M678"
8032;")SonstigenäherbezeichneteKrankheitenderSynovialisundderSehnen\Hand";"M678"
8033;")SonstigenäherbezeichneteKrankheitenderSynovialisundderSehnen\Becken/Obersch.";"M678"
8034;")SonstigenäherbezeichneteKrankheitenderSynovialisundderSehnen\Knie/Untersch.";"M678"
8035;")SonstigenäherbezeichneteKrankheitenderSynovialisundderSehnen\Knöchel/Fuß";"M678"
8036;")SonstigenäherbezeichneteKrankheitenderSynovialisundderSehnen\sonstigeLok.";"M678"
8037;")SonstigenäherbezeichneteKrankheitenderSynovialisundderSehnen\NNBLok.";"M678"
8038;"KrankheitderSynovialisundderSehnen,nichtnäherbezeichnet";"M679"
8039;")KrankheitderSynovialisundderSehnen,nichtnäherbezeichnet\MehrereLok.";"M679"
8040;")KrankheitderSynovialisundderSehnen,nichtnäherbezeichnet\Schulter";"M679"
8041;")KrankheitderSynovialisundderSehnen,nichtnäherbezeichnet\Oberarm";"M679"
8042;")KrankheitderSynovialisundderSehnen,nichtnäherbezeichnet\Unterarm";"M679"
8043;")KrankheitderSynovialisundderSehnen,nichtnäherbezeichnet\Hand";"M679"
8044;")KrankheitderSynovialisundderSehnen,nichtnäherbezeichnet\Becken/Obersch.";"M679"
8045;")KrankheitderSynovialisundderSehnen,nichtnäherbezeichnet\Knie/Untersch.";"M679"
8046;")KrankheitderSynovialisundderSehnen,nichtnäherbezeichnet\Knöchel/Fuß";"M679"
8047;")KrankheitderSynovialisundderSehnen,nichtnäherbezeichnet\sonstigeLok.";"M679"
8048;")KrankheitderSynovialisundderSehnen,nichtnäherbezeichnet\NNBLok.";"M679"
8050;"SynovitisundTenosynovitisbeianderenortsklassifiziertenbakteriellenKrankheiten,SynovitisoderTenosynovitisbei:Gonorrhoe(A54.4+),Syphilis(A52.7+),Tuberkulose(A18.0+)";"M680"
8051;")SynovitisundTenosynovitisbeianderenortsklassifiziertenbakteriellenKrankheiten,SynovitisoderTenosynovitisbei:Gonorrhoe(A54.4+),Syphilis(A52.7+),Tuberkulose(A18.0+)\MehrereLok.";"M680"
8054;")SynovitisundTenosynovitisbeianderenortsklassifiziertenbakteriellenKrankheiten,SynovitisoderTenosynovitisbei:Gonorrhoe(A54.4+),Syphilis(A52.7+),Tuberkulose(A18.0+)\Unterarm";"M680"
8056;")SynovitisundTenosynovitisbeianderenortsklassifiziertenbakteriellenKrankheiten,SynovitisoderTenosynovitisbei:Gonorrhoe(A54.4+),Syphilis(A52.7+),Tuberkulose(A18.0+)\Becken/Obersch.";"M680"
8057;")SynovitisundTenosynovitisbeianderenortsklassifiziertenbakteriellenKrankheiten,SynovitisoderTenosynovitisbei:Gonorrhoe(A54.4+),Syphilis(A52.7+),Tuberkulose(A18.0+)\Knie/Untersch.";"M680"
8058;")SynovitisundTenosynovitisbeianderenortsklassifiziertenbakteriellenKrankheiten,SynovitisoderTenosynovitisbei:Gonorrhoe(A54.4+),Syphilis(A52.7+),Tuberkulose(A18.0+)\Knöchel/Fuß";"M680"
8061;"SonstigeKrankheitenderSynovialisundderSehnenbeianderenortsklassifiziertenKrankheiten";"M688"
8063;")SonstigeKrankheitenderSynovialisundderSehnenbeianderenortsklassifiziertenKrankheiten\Schulter";"M688"
8064;")SonstigeKrankheitenderSynovialisundderSehnenbeianderenortsklassifiziertenKrankheiten\Oberarm";"M688"
8065;")SonstigeKrankheitenderSynovialisundderSehnenbeianderenortsklassifiziertenKrankheiten\Unterarm";"M688"
8066;")SonstigeKrankheitenderSynovialisundderSehnenbeianderenortsklassifiziertenKrankheiten\Hand";"M688"
8067;")SonstigeKrankheitenderSynovialisundderSehnenbeianderenortsklassifiziertenKrankheiten\Becken/Obersch.";"M688"
8068;")SonstigeKrankheitenderSynovialisundderSehnenbeianderenortsklassifiziertenKrankheiten\Knie/Untersch.";"M688"
8069;")SonstigeKrankheitenderSynovialisundderSehnenbeianderenortsklassifiziertenKrankheiten\Knöchel/Fuß";"M688"
8070;")SonstigeKrankheitenderSynovialisundderSehnenbeianderenortsklassifiziertenKrankheiten\sonstigeLok.";"M688"
8071;")SonstigeKrankheitenderSynovialisundderSehnenbeianderenortsklassifiziertenKrankheiten\NNBLok.";"M688"
8073;"ChronischeTenosynovitiscrepitansderHandunddesHandgelenkes";"M700"
8074;"BursitisimBereichderHand";"M701"
8075;"Bursitisolecrani";"M702"
8076;"SonstigeBursitisimBereichdesEllenbogens";"M703"
8077;"Bursitispraepatellaris";"M704"
8078;"SonstigeBursitisimBereichdesKnies";"M705"
8079;"Bursitistrochanterica,Tendinitistrochanterica";"M706"
8080;"SonstigeBursitisimBereichderHüfte,BursitisimBereichdesOsischii";"M707"
8081;"SonstigeKrankheitendesWeichteilgewebesdurchBeanspruchung,ÜberbeanspruchungundDruck";"M708"
8082;")SonstigeKrankheitendesWeichteilgewebesdurchBeanspruchung,ÜberbeanspruchungundDruck\MehrereLok.";"M708"
8083;")SonstigeKrankheitendesWeichteilgewebesdurchBeanspruchung,ÜberbeanspruchungundDruck\Schulter";"M708"
8084;")SonstigeKrankheitendesWeichteilgewebesdurchBeanspruchung,ÜberbeanspruchungundDruck\Oberarm";"M708"
8085;")SonstigeKrankheitendesWeichteilgewebesdurchBeanspruchung,ÜberbeanspruchungundDruck\Unterarm";"M708"
8086;")SonstigeKrankheitendesWeichteilgewebesdurchBeanspruchung,ÜberbeanspruchungundDruck\Hand";"M708"
8087;")SonstigeKrankheitendesWeichteilgewebesdurchBeanspruchung,ÜberbeanspruchungundDruck\Becken/Obersch.";"M708"
8088;")SonstigeKrankheitendesWeichteilgewebesdurchBeanspruchung,ÜberbeanspruchungundDruck\Knie/Untersch.";"M708"
8089;")SonstigeKrankheitendesWeichteilgewebesdurchBeanspruchung,ÜberbeanspruchungundDruck\Knöchel/Fuß";"M708"
8090;")SonstigeKrankheitendesWeichteilgewebesdurchBeanspruchung,ÜberbeanspruchungundDruck\sonstigeLok.";"M708"
8091;")SonstigeKrankheitendesWeichteilgewebesdurchBeanspruchung,ÜberbeanspruchungundDruck\NNBLok.";"M708"
8092;"NichtnäherbezeichneteKrankheitdesWeichteilgewebesdurchBeanspruchung,ÜberbeanspruchungundDruck";"M709"
8093;")NichtnäherbezeichneteKrankheitdesWeichteilgewebesdurchBeanspruchung,ÜberbeanspruchungundDruck\MehrereLok.";"M709"
8094;")NichtnäherbezeichneteKrankheitdesWeichteilgewebesdurchBeanspruchung,ÜberbeanspruchungundDruck\Schulter";"M709"
8095;")NichtnäherbezeichneteKrankheitdesWeichteilgewebesdurchBeanspruchung,ÜberbeanspruchungundDruck\Oberarm";"M709"
8096;")NichtnäherbezeichneteKrankheitdesWeichteilgewebesdurchBeanspruchung,ÜberbeanspruchungundDruck\Unterarm";"M709"
8097;")NichtnäherbezeichneteKrankheitdesWeichteilgewebesdurchBeanspruchung,ÜberbeanspruchungundDruck\Hand";"M709"
8098;")NichtnäherbezeichneteKrankheitdesWeichteilgewebesdurchBeanspruchung,ÜberbeanspruchungundDruck\Becken/Obersch.";"M709"
8099;")NichtnäherbezeichneteKrankheitdesWeichteilgewebesdurchBeanspruchung,ÜberbeanspruchungundDruck\Knie/Untersch.";"M709"
8100;")NichtnäherbezeichneteKrankheitdesWeichteilgewebesdurchBeanspruchung,ÜberbeanspruchungundDruck\Knöchel/Fuß";"M709"
8101;")NichtnäherbezeichneteKrankheitdesWeichteilgewebesdurchBeanspruchung,ÜberbeanspruchungundDruck\sonstigeLok.";"M709"
8102;")NichtnäherbezeichneteKrankheitdesWeichteilgewebesdurchBeanspruchung,ÜberbeanspruchungundDruck\NNBLok.";"M709"
8104;"Schleimbeutelabszeß";"M710"
8105;")Schleimbeutelabszeß\MehrereLok.";"M710"
8106;")Schleimbeutelabszeß\Schulter";"M710"
8107;")Schleimbeutelabszeß\Oberarm";"M710"
8108;")Schleimbeutelabszeß\Unterarm";"M710"
8109;")Schleimbeutelabszeß\Hand";"M710"
8110;")Schleimbeutelabszeß\Becken/Obersch.";"M710"
8111;")Schleimbeutelabszeß\Knie/Untersch.";"M710"
8112;")Schleimbeutelabszeß\Knöchel/Fuß";"M710"
8113;")Schleimbeutelabszeß\sonstigeLok.";"M710"
8114;")Schleimbeutelabszeß\NNBLok.";"M710"
8115;"SonstigeinfektiöseBursitis";"M711"
8116;")SonstigeinfektiöseBursitis\MehrereLok.";"M711"
8117;")SonstigeinfektiöseBursitis\Schulter";"M711"
8118;")SonstigeinfektiöseBursitis\Oberarm";"M711"
8119;")SonstigeinfektiöseBursitis\Unterarm";"M711"
8120;")SonstigeinfektiöseBursitis\Hand";"M711"
8121;")SonstigeinfektiöseBursitis\Becken/Obersch.";"M711"
8122;")SonstigeinfektiöseBursitis\Knie/Untersch.";"M711"
8123;")SonstigeinfektiöseBursitis\Knöchel/Fuß";"M711"
8124;")SonstigeinfektiöseBursitis\sonstigeLok.";"M711"
8125;")SonstigeinfektiöseBursitis\NNBLok.";"M711"
8126;"SynovialzysteimBereichderKniekehle[Baker-Zyste]";"M712"
8127;"SonstigeSchleimbeutelzyste,Synovialzysteo.n.A.";"M713"
8128;")SonstigeSchleimbeutelzyste,Synovialzysteo.n.A.\MehrereLok.";"M713"
8129;")SonstigeSchleimbeutelzyste,Synovialzysteo.n.A.\Schulter";"M713"
8130;")SonstigeSchleimbeutelzyste,Synovialzysteo.n.A.\Oberarm";"M713"
8131;")SonstigeSchleimbeutelzyste,Synovialzysteo.n.A.\Unterarm";"M713"
8132;")SonstigeSchleimbeutelzyste,Synovialzysteo.n.A.\Hand";"M713"
8133;")SonstigeSchleimbeutelzyste,Synovialzysteo.n.A.\Becken/Obersch.";"M713"
8134;")SonstigeSchleimbeutelzyste,Synovialzysteo.n.A.\Knie/Untersch.";"M713"
8135;")SonstigeSchleimbeutelzyste,Synovialzysteo.n.A.\Knöchel/Fuß";"M713"
8136;")SonstigeSchleimbeutelzyste,Synovialzysteo.n.A.\sonstigeLok.";"M713"
8137;")SonstigeSchleimbeutelzyste,Synovialzysteo.n.A.\NNBLok.";"M713"
8138;"Bursitiscalcarea";"M714"
8139;")Bursitiscalcarea\MehrereLok.";"M714"
8140;")Bursitiscalcarea\Schulter";"M714"
8141;")Bursitiscalcarea\Oberarm";"M714"
8142;")Bursitiscalcarea\Unterarm";"M714"
8143;")Bursitiscalcarea\Hand";"M714"
8144;")Bursitiscalcarea\Becken/Obersch.";"M714"
8145;")Bursitiscalcarea\Knie/Untersch.";"M714"
8146;")Bursitiscalcarea\Knöchel/Fuß";"M714"
8147;")Bursitiscalcarea\sonstigeLok.";"M714"
8148;")Bursitiscalcarea\NNBLok.";"M714"
8149;"SonstigeBursitis,anderenortsnichtklassifiziert";"M715"
8150;")SonstigeBursitis,anderenortsnichtklassifiziert\MehrereLok.";"M715"
8151;")SonstigeBursitis,anderenortsnichtklassifiziert\Schulter";"M715"
8152;")SonstigeBursitis,anderenortsnichtklassifiziert\Oberarm";"M715"
8153;")SonstigeBursitis,anderenortsnichtklassifiziert\Unterarm";"M715"
8154;")SonstigeBursitis,anderenortsnichtklassifiziert\Hand";"M715"
8155;")SonstigeBursitis,anderenortsnichtklassifiziert\Becken/Obersch.";"M715"
8156;")SonstigeBursitis,anderenortsnichtklassifiziert\Knie/Untersch.";"M715"
8157;")SonstigeBursitis,anderenortsnichtklassifiziert\Knöchel/Fuß";"M715"
8158;")SonstigeBursitis,anderenortsnichtklassifiziert\sonstigeLok.";"M715"
8159;")SonstigeBursitis,anderenortsnichtklassifiziert\NNBLok.";"M715"
8160;"SonstigenäherbezeichneteBursopathien";"M718"
8161;")SonstigenäherbezeichneteBursopathien\MehrereLok.";"M718"
8162;")SonstigenäherbezeichneteBursopathien\Schulter";"M718"
8163;")SonstigenäherbezeichneteBursopathien\Oberarm";"M718"
8164;")SonstigenäherbezeichneteBursopathien\Unterarm";"M718"
8165;")SonstigenäherbezeichneteBursopathien\Hand";"M718"
8166;")SonstigenäherbezeichneteBursopathien\Becken/Obersch.";"M718"
8167;")SonstigenäherbezeichneteBursopathien\Knie/Untersch.";"M718"
8168;")SonstigenäherbezeichneteBursopathien\Knöchel/Fuß";"M718"
8169;")SonstigenäherbezeichneteBursopathien\sonstigeLok.";"M718"
8170;")SonstigenäherbezeichneteBursopathien\NNBLok.";"M718"
8171;"Bursopathie,nichtnäherbezeichnet,Bursitiso.n.A.";"M719"
8172;")Bursopathie,nichtnäherbezeichnet,Bursitiso.n.A.\MehrereLok.";"M719"
8173;")Bursopathie,nichtnäherbezeichnet,Bursitiso.n.A.\Schulter";"M719"
8174;")Bursopathie,nichtnäherbezeichnet,Bursitiso.n.A.\Oberarm";"M719"
8175;")Bursopathie,nichtnäherbezeichnet,Bursitiso.n.A.\Unterarm";"M719"
8176;")Bursopathie,nichtnäherbezeichnet,Bursitiso.n.A.\Hand";"M719"
8177;")Bursopathie,nichtnäherbezeichnet,Bursitiso.n.A.\Becken/Obersch.";"M719"
8178;")Bursopathie,nichtnäherbezeichnet,Bursitiso.n.A.\Knie/Untersch.";"M719"
8179;")Bursopathie,nichtnäherbezeichnet,Bursitiso.n.A.\Knöchel/Fuß";"M719"
8180;")Bursopathie,nichtnäherbezeichnet,Bursitiso.n.A.\sonstigeLok.";"M719"
8181;")Bursopathie,nichtnäherbezeichnet,Bursitiso.n.A.\NNBLok.";"M719"
8183;"FibromatosederPalmarfaszie[Dupuytren-Kontraktur]";"M720"
8184;"Fingerknöchelpolster[Knucklepads]";"M721"
8185;"FibromatosederPlantarfaszie[Ledderhose-Kontraktur],Fasciitisplantaris";"M722"
8197;"PseudosarkomatöseFibromatose";"M724"
8199;")PseudosarkomatöseFibromatose\Schulter";"M724"
8200;")PseudosarkomatöseFibromatose\Oberarm";"M724"
8201;")PseudosarkomatöseFibromatose\Unterarm";"M724"
8202;")PseudosarkomatöseFibromatose\Hand";"M724"
8203;")PseudosarkomatöseFibromatose\Becken/Obersch.";"M724"
8204;")PseudosarkomatöseFibromatose\Knie/Untersch.";"M724"
8205;")PseudosarkomatöseFibromatose\Knöchel/Fuß";"M724"
8206;")PseudosarkomatöseFibromatose\sonstigeLok.";"M724"
8207;")PseudosarkomatöseFibromatose\NNBLok.";"M724"
14495;"NekrotisierendeFasziitis";"M726"
14496;")NekrotisierendeFasziitis:MehrereLokalisationen";"M726"
14549;")NekrotisierendeFasziitis:Schulterregion";"M726"
14497;")NekrotisierendeFasziitis:Oberarm";"M726"
14498;")NekrotisierendeFasziitis:Unterarm";"M726"
14548;")NekrotisierendeFasziitis:Hand";"M726"
14499;")NekrotisierendeFasziitis:BeckenregionundOberschenkel";"M726"
14500;")NekrotisierendeFasziitis:Unterschenkel";"M726"
14501;")NekrotisierendeFasziitis:KnöchelundFuß";"M726"
14502;")NekrotisierendeFasziitis:SonstigeLokalisationen";"M726"
14503;")NekrotisierendeFasziitis:NichtnäherbezeichneteLokalisationen";"M726"
8219;"SonstigeFibromatosen";"M728"
8220;")SonstigeFibromatosen\MehrereLok.";"M728"
8221;")SonstigeFibromatosen\Schulter";"M728"
8222;")SonstigeFibromatosen\Oberarm";"M728"
8223;")SonstigeFibromatosen\Unterarm";"M728"
8224;")SonstigeFibromatosen\Hand";"M728"
8225;")SonstigeFibromatosen\Becken/Obersch.";"M728"
8226;")SonstigeFibromatosen\Knie/Untersch.";"M728"
8227;")SonstigeFibromatosen\Knöchel/Fuß";"M728"
8228;")SonstigeFibromatosen\sonstigeLok.";"M728"
8229;")SonstigeFibromatosen\NNBLok.";"M728"
8230;"Fibromatose,nichtnäherbezeichnet";"M729"
8231;")Fibromatose,nichtnäherbezeichnet\MehrereLok.";"M729"
8232;")Fibromatose,nichtnäherbezeichnet\Schulter";"M729"
8233;")Fibromatose,nichtnäherbezeichnet\Oberarm";"M729"
8234;")Fibromatose,nichtnäherbezeichnet\Unterarm";"M729"
8235;")Fibromatose,nichtnäherbezeichnet\Hand";"M729"
8236;")Fibromatose,nichtnäherbezeichnet\Becken/Obersch.";"M729"
8237;")Fibromatose,nichtnäherbezeichnet\Knie/Untersch.";"M729"
8238;")Fibromatose,nichtnäherbezeichnet\Knöchel/Fuß";"M729"
8239;")Fibromatose,nichtnäherbezeichnet\sonstigeLok.";"M729"
8240;")Fibromatose,nichtnäherbezeichnet\NNBLok.";"M729"
8242;"Bursitisgonorrhoica(A54.4+)";"M730"
8264;"SonstigeKrankheitendesWeichteilgewebesbeisonstigenanderenortsklassifiziertenKrankheiten";"M738"
8265;")SonstigeKrankheitendesWeichteilgewebesbeisonstigenanderenortsklassifiziertenKrankheiten\MehrereLok.";"M738"
8266;")SonstigeKrankheitendesWeichteilgewebesbeisonstigenanderenortsklassifiziertenKrankheiten\Schulter";"M738"
8267;")SonstigeKrankheitendesWeichteilgewebesbeisonstigenanderenortsklassifiziertenKrankheiten\Oberarm";"M738"
8268;")SonstigeKrankheitendesWeichteilgewebesbeisonstigenanderenortsklassifiziertenKrankheiten\Unterarm";"M738"
8269;")SonstigeKrankheitendesWeichteilgewebesbeisonstigenanderenortsklassifiziertenKrankheiten\Hand";"M738"
8270;")SonstigeKrankheitendesWeichteilgewebesbeisonstigenanderenortsklassifiziertenKrankheiten\Becken/Obersch.";"M738"
8271;")SonstigeKrankheitendesWeichteilgewebesbeisonstigenanderenortsklassifiziertenKrankheiten\Knie/Untersch.";"M738"
8272;")SonstigeKrankheitendesWeichteilgewebesbeisonstigenanderenortsklassifiziertenKrankheiten\Knöchel/Fuß";"M738"
8273;")SonstigeKrankheitendesWeichteilgewebesbeisonstigenanderenortsklassifiziertenKrankheiten\sonstigeLok.";"M738"
8274;")SonstigeKrankheitendesWeichteilgewebesbeisonstigenanderenortsklassifiziertenKrankheiten\NNBLok.";"M738"
8276;"AdhäsiveEntzündungderSchultergelenkkapsel,Frozenshoulder,Periarthropathiahumeroscapularis";"M750"
8277;"LäsionenderRotatorenmanschette,Ruptur(vollständig)(unvollständig)derRotatorenmanschetteoderderSupraspinatus-Sehne,nichtalstraumatischbezeichnet,Supraspinatus-Syndrom";"M751"
8278;"TendinitisdesM.bicepsbrachii";"M752"
8279;"TendinitiscalcareaimSchulterbereich,BursitiscalcareaimSchulterbereich";"M753"
8280;"Impingement-SyndromderSchulter";"M754"
8281;"BursitisimSchulterbereich";"M755"
8282;"SonstigeSchulterläsionen";"M758"
8283;"Schulterläsion,nichtnäherbezeichnet";"M759"
8285;"TendinitisderGlutäus-Sehne(n)";"M760"
8286;"TendinitisderIliopsoas-Sehne";"M761"
8287;"KnochenspornamDarmbeinkamm";"M762"
8288;"Tractus-iliotibialis-Syndrom";"M763"
8289;")Tractus-iliotibialis-Syndrom\MehrereLok.";"M763"
8290;"BursitisimBereichdesLig.collateraletibiale[Stieda-Pellegrini]";"M764"
8291;"TendinitisderPatellarsehne";"M765"
8292;"TendinitisderAchillessehne,Bursitissubachillea";"M766"
8293;"TendinitisderPeronäussehne(n)";"M767"
8294;"SonstigeEnthesopathienderunterenExtremitätmitAusnahmedesFußes,TendinitisdesM.tibialisanterior,TendinitisdesM.tibialisposterior";"M768"
8295;"EnthesopathiederunterenExtremität,nichtnäherbezeichnet";"M769"
8297;"Epicondylitisulnarishumeri";"M770"
8298;"Epicondylitisradialishumeri,Tennisellenbogen";"M771"
8299;"PeriarthritisimBereichdesHandgelenkes";"M772"
8300;"Kalkaneussporn";"M773"
8301;"Metatarsalgie";"M774"
8302;"SonstigeEnthesopathiedesFußes";"M775"
8303;"SonstigeEnthesopathien,anderenortsnichtklassifiziert";"M778"
8304;"Enthesopathie,nichtnäherbezeichnet,Kapsulitis,Knochensporn,Periarthritis,Tendinitis,o.n.A.";"M779"
8306;"Rheumatismus,nichtnäherbezeichnet,Fibromyalgie,Fibrositis";"M790"
8307;"Myalgie";"M791"
8308;")Myalgie\MehrereLok.";"M791"
8309;")Myalgie\Schulter";"M791"
8310;")Myalgie\Oberarm";"M791"
8311;")Myalgie\Unterarm";"M791"
8312;")Myalgie\Hand";"M791"
8313;")Myalgie\Becken/Obersch.";"M791"
8314;")Myalgie\Knie/Untersch.";"M791"
8315;")Myalgie\Knöchel/Fuß";"M791"
8316;")Myalgie\sonstigeLok.";"M791"
8317;")Myalgie\NNBLok.";"M791"
8318;"NeuralgieundNeuritis,nichtnäherbezeichnet";"M792"
8319;")NeuralgieundNeuritis,nichtnäherbezeichnet\MehrereLok.";"M792"
8320;")NeuralgieundNeuritis,nichtnäherbezeichnet\Schulter";"M792"
8321;")NeuralgieundNeuritis,nichtnäherbezeichnet\Oberarm";"M792"
8322;")NeuralgieundNeuritis,nichtnäherbezeichnet\Unterarm";"M792"
8323;")NeuralgieundNeuritis,nichtnäherbezeichnet\Hand";"M792"
8324;")NeuralgieundNeuritis,nichtnäherbezeichnet\Becken/Obersch.";"M792"
8325;")NeuralgieundNeuritis,nichtnäherbezeichnet\Knie/Untersch.";"M792"
8326;")NeuralgieundNeuritis,nichtnäherbezeichnet\Knöchel/Fuß";"M792"
8327;")NeuralgieundNeuritis,nichtnäherbezeichnet\sonstigeLok.";"M792"
8328;")NeuralgieundNeuritis,nichtnäherbezeichnet\NNBLok.";"M792"
8329;"Pannikulitis,nichtnäherbezeichnet";"M793"
8330;")Pannikulitis,nichtnäherbezeichnet\MehrereLok.";"M793"
8331;")Pannikulitis,nichtnäherbezeichnet\Schulter";"M793"
8332;")Pannikulitis,nichtnäherbezeichnet\Oberarm";"M793"
8333;")Pannikulitis,nichtnäherbezeichnet\Unterarm";"M793"
8334;")Pannikulitis,nichtnäherbezeichnet\Hand";"M793"
8335;")Pannikulitis,nichtnäherbezeichnet\Becken/Obersch.";"M793"
8336;")Pannikulitis,nichtnäherbezeichnet\Knie/Untersch.";"M793"
8337;")Pannikulitis,nichtnäherbezeichnet\Knöchel/Fuß";"M793"
8338;")Pannikulitis,nichtnäherbezeichnet\sonstigeLok.";"M793"
8339;")Pannikulitis,nichtnäherbezeichnet\NNBLok.";"M793"
8340;"HypertrophiedesCorpusadiposum(infrapatellare)[Hoffa-Kastert-Syndrom]";"M794"
8341;"VerbliebenerFremdkörperimWeichteilgewebe";"M795"
8342;")VerbliebenerFremdkörperimWeichteilgewebe\MehrereLok.";"M795"
8343;")VerbliebenerFremdkörperimWeichteilgewebe\Schulter";"M795"
8344;")VerbliebenerFremdkörperimWeichteilgewebe\Oberarm";"M795"
8345;")VerbliebenerFremdkörperimWeichteilgewebe\Unterarm";"M795"
8346;")VerbliebenerFremdkörperimWeichteilgewebe\Hand";"M795"
8347;")VerbliebenerFremdkörperimWeichteilgewebe\Becken/Obersch.";"M795"
8348;")VerbliebenerFremdkörperimWeichteilgewebe\Knie/Untersch.";"M795"
8349;")VerbliebenerFremdkörperimWeichteilgewebe\Knöchel/Fuß";"M795"
8350;")VerbliebenerFremdkörperimWeichteilgewebe\sonstigeLok.";"M795"
8351;")VerbliebenerFremdkörperimWeichteilgewebe\NNBLok.";"M795"
8352;"SchmerzenindenExtremitäten";"M796"
8353;")SchmerzenindenExtremitäten\MehrereLok.";"M796"
8354;")SchmerzenindenExtremitäten\Schulter";"M796"
8355;")SchmerzenindenExtremitäten\Oberarm";"M796"
8356;")SchmerzenindenExtremitäten\Unterarm";"M796"
8357;")SchmerzenindenExtremitäten\Hand";"M796"
8358;")SchmerzenindenExtremitäten\Becken/Obersch.";"M796"
8359;")SchmerzenindenExtremitäten\Knie/Untersch.";"M796"
8360;")SchmerzenindenExtremitäten\Knöchel/Fuß";"M796"
8361;")SchmerzenindenExtremitäten\sonstigeLok.";"M796"
8362;")SchmerzenindenExtremitäten\NNBLok.";"M796"
14504;"Fibromyalgie";"M797"
14505;")Fibromyalgie:MehrereLokalisationen";"M797"
14506;")Fibromyalgie:Schulterregion";"M797"
14690;")Fibromyalgie:Oberarm";"M797"
14507;")Fibromyalgie:Hand";"M797"
14547;")Fibromyalgie:BeckenregionundOberschenkel";"M797"
14596;")Fibromyalgie:Unterschenkel";"M797"
14597;")Fibromyalgie:KnöchelundFuß";"M797"
14508;")Fibromyalgie:SonstigeLokalisationen";"M797"
14509;")Fibromyalgie:NichtnäherbezeichneteLokalisationen";"M797"
8363;"SonstigenäherbezeichneteKrankheitendesWeichteilgewebes";"M798"
8364;")SonstigenäherbezeichneteKrankheitendesWeichteilgewebes\MehrereLok.";"M798"
8365;")SonstigenäherbezeichneteKrankheitendesWeichteilgewebes\Schulter";"M798"
8366;")SonstigenäherbezeichneteKrankheitendesWeichteilgewebes\Oberarm";"M798"
8367;")SonstigenäherbezeichneteKrankheitendesWeichteilgewebes\Unterarm";"M798"
8368;")SonstigenäherbezeichneteKrankheitendesWeichteilgewebes\Hand";"M798"
8369;")SonstigenäherbezeichneteKrankheitendesWeichteilgewebes\Becken/Obersch.";"M798"
8370;")SonstigenäherbezeichneteKrankheitendesWeichteilgewebes\Knie/Untersch.";"M798"
8371;")SonstigenäherbezeichneteKrankheitendesWeichteilgewebes\Knöchel/Fuß";"M798"
8372;")SonstigenäherbezeichneteKrankheitendesWeichteilgewebes\sonstigeLok.";"M798"
8373;")SonstigenäherbezeichneteKrankheitendesWeichteilgewebes\NNBLok.";"M798"
8374;"KrankheitdesWeichteilgewebes,nichtnäherbezeichnet";"M799"
8375;")KrankheitdesWeichteilgewebes,nichtnäherbezeichnet\MehrereLok.";"M799"
8376;")KrankheitdesWeichteilgewebes,nichtnäherbezeichnet\Schulter";"M799"
8377;")KrankheitdesWeichteilgewebes,nichtnäherbezeichnet\Oberarm";"M799"
8378;")KrankheitdesWeichteilgewebes,nichtnäherbezeichnet\Unterarm";"M799"
8379;")KrankheitdesWeichteilgewebes,nichtnäherbezeichnet\Hand";"M799"
8380;")KrankheitdesWeichteilgewebes,nichtnäherbezeichnet\Becken/Obersch.";"M799"
8381;")KrankheitdesWeichteilgewebes,nichtnäherbezeichnet\Knie/Untersch.";"M799"
8382;")KrankheitdesWeichteilgewebes,nichtnäherbezeichnet\Knöchel/Fuß";"M799"
8383;")KrankheitdesWeichteilgewebes,nichtnäherbezeichnet\sonstigeLok.";"M799"
8384;")KrankheitdesWeichteilgewebes,nichtnäherbezeichnet\NNBLok.";"M799"
8386;"PostmenopausaleOsteoporosemitpathologischerFraktur";"M800"
8387;")PostmenopausaleOsteoporosemitpathologischerFraktur\MehrereLok.";"M800"
8388;")PostmenopausaleOsteoporosemitpathologischerFraktur\Schulter";"M800"
8389;")PostmenopausaleOsteoporosemitpathologischerFraktur\Oberarm";"M800"
8390;")PostmenopausaleOsteoporosemitpathologischerFraktur\Unterarm";"M800"
8391;")PostmenopausaleOsteoporosemitpathologischerFraktur\Hand";"M800"
8392;")PostmenopausaleOsteoporosemitpathologischerFraktur\Becken/Obersch.";"M800"
8393;")PostmenopausaleOsteoporosemitpathologischerFraktur\Knie/Untersch.";"M800"
8394;")PostmenopausaleOsteoporosemitpathologischerFraktur\Knöchel/Fuß";"M800"
8395;")PostmenopausaleOsteoporosemitpathologischerFraktur\sonstigeLok.";"M800"
8396;")PostmenopausaleOsteoporosemitpathologischerFraktur\NNBLok.";"M800"
8397;"OsteoporosemitpathologischerFrakturnachOvarektomie";"M801"
8398;")OsteoporosemitpathologischerFrakturnachOvarektomie\MehrereLok.";"M801"
8399;")OsteoporosemitpathologischerFrakturnachOvarektomie\Schulter";"M801"
8400;")OsteoporosemitpathologischerFrakturnachOvarektomie\Oberarm";"M801"
8401;")OsteoporosemitpathologischerFrakturnachOvarektomie\Unterarm";"M801"
8402;")OsteoporosemitpathologischerFrakturnachOvarektomie\Hand";"M801"
8403;")OsteoporosemitpathologischerFrakturnachOvarektomie\Becken/Obersch.";"M801"
8404;")OsteoporosemitpathologischerFrakturnachOvarektomie\Knie/Untersch.";"M801"
8405;")OsteoporosemitpathologischerFrakturnachOvarektomie\Knöchel/Fuß";"M801"
8406;")OsteoporosemitpathologischerFrakturnachOvarektomie\sonstigeLok.";"M801"
8407;")OsteoporosemitpathologischerFrakturnachOvarektomie\NNBLok.";"M801"
8408;"InaktivitätsosteoporosemitpathologischerFraktur";"M802"
8409;")InaktivitätsosteoporosemitpathologischerFraktur\MehrereLok.";"M802"
8410;")InaktivitätsosteoporosemitpathologischerFraktur\Schulter";"M802"
8411;")InaktivitätsosteoporosemitpathologischerFraktur\Oberarm";"M802"
8412;")InaktivitätsosteoporosemitpathologischerFraktur\Unterarm";"M802"
8413;")InaktivitätsosteoporosemitpathologischerFraktur\Hand";"M802"
8414;")InaktivitätsosteoporosemitpathologischerFraktur\Becken/Obersch.";"M802"
8415;")InaktivitätsosteoporosemitpathologischerFraktur\Knie/Untersch.";"M802"
8416;")InaktivitätsosteoporosemitpathologischerFraktur\Knöchel/Fuß";"M802"
8417;")InaktivitätsosteoporosemitpathologischerFraktur\sonstigeLok.";"M802"
8418;")InaktivitätsosteoporosemitpathologischerFraktur\NNBLok.";"M802"
8419;"OsteoporosemitpathologischerFrakturinfolgeMalabsorptionnachchirurgischemEingriff";"M803"
8420;")OsteoporosemitpathologischerFrakturinfolgeMalabsorptionnachchirurgischemEingriff\MehrereLok.";"M803"
8421;")OsteoporosemitpathologischerFrakturinfolgeMalabsorptionnachchirurgischemEingriff\Schulter";"M803"
8422;")OsteoporosemitpathologischerFrakturinfolgeMalabsorptionnachchirurgischemEingriff\Oberarm";"M803"
8423;")OsteoporosemitpathologischerFrakturinfolgeMalabsorptionnachchirurgischemEingriff\Unterarm";"M803"
8425;")OsteoporosemitpathologischerFrakturinfolgeMalabsorptionnachchirurgischemEingriff\Becken/Obersch.";"M803"
8426;")OsteoporosemitpathologischerFrakturinfolgeMalabsorptionnachchirurgischemEingriff\Knie/Untersch.";"M803"
8428;")OsteoporosemitpathologischerFrakturinfolgeMalabsorptionnachchirurgischemEingriff\sonstigeLok.";"M803"
8429;")OsteoporosemitpathologischerFrakturinfolgeMalabsorptionnachchirurgischemEingriff\NNBLok.";"M803"
8430;"ArzneimittelinduzierteOsteoporosemitpathologischerFraktur";"M804"
8431;")ArzneimittelinduzierteOsteoporosemitpathologischerFraktur\MehrereLok.";"M804"
8432;")ArzneimittelinduzierteOsteoporosemitpathologischerFraktur\Schulter";"M804"
8433;")ArzneimittelinduzierteOsteoporosemitpathologischerFraktur\Oberarm";"M804"
8435;")ArzneimittelinduzierteOsteoporosemitpathologischerFraktur\Hand";"M804"
8436;")ArzneimittelinduzierteOsteoporosemitpathologischerFraktur\Becken/Obersch.";"M804"
8437;")ArzneimittelinduzierteOsteoporosemitpathologischerFraktur\Knie/Untersch.";"M804"
8438;")ArzneimittelinduzierteOsteoporosemitpathologischerFraktur\Knöchel/Fuß";"M804"
8439;")ArzneimittelinduzierteOsteoporosemitpathologischerFraktur\sonstigeLok.";"M804"
8440;")ArzneimittelinduzierteOsteoporosemitpathologischerFraktur\NNBLok.";"M804"
8441;"IdiopathischeOsteoporosemitpathologischerFraktur";"M805"
8442;")IdiopathischeOsteoporosemitpathologischerFraktur\MehrereLok.";"M805"
8443;")IdiopathischeOsteoporosemitpathologischerFraktur\Schulter";"M805"
8444;")IdiopathischeOsteoporosemitpathologischerFraktur\Oberarm";"M805"
8445;")IdiopathischeOsteoporosemitpathologischerFraktur\Unterarm";"M805"
8446;")IdiopathischeOsteoporosemitpathologischerFraktur\Hand";"M805"
8447;")IdiopathischeOsteoporosemitpathologischerFraktur\Becken/Obersch.";"M805"
8448;")IdiopathischeOsteoporosemitpathologischerFraktur\Knie/Untersch.";"M805"
8449;")IdiopathischeOsteoporosemitpathologischerFraktur\Knöchel/Fuß";"M805"
8450;")IdiopathischeOsteoporosemitpathologischerFraktur\sonstigeLok.";"M805"
8451;")IdiopathischeOsteoporosemitpathologischerFraktur\NNBLok.";"M805"
8452;"SonstigeOsteoporosemitpathologischerFraktur";"M808"
8453;")SonstigeOsteoporosemitpathologischerFraktur\MehrereLok.";"M808"
8454;")SonstigeOsteoporosemitpathologischerFraktur\Schulter";"M808"
8455;")SonstigeOsteoporosemitpathologischerFraktur\Oberarm";"M808"
8456;")SonstigeOsteoporosemitpathologischerFraktur\Unterarm";"M808"
8457;")SonstigeOsteoporosemitpathologischerFraktur\Hand";"M808"
8458;")SonstigeOsteoporosemitpathologischerFraktur\Becken/Obersch.";"M808"
8459;")SonstigeOsteoporosemitpathologischerFraktur\Knie/Untersch.";"M808"
8460;")SonstigeOsteoporosemitpathologischerFraktur\Knöchel/Fuß";"M808"
8461;")SonstigeOsteoporosemitpathologischerFraktur\sonstigeLok.";"M808"
8462;")SonstigeOsteoporosemitpathologischerFraktur\NNBLok.";"M808"
8463;"NichtnäherbezeichneteOsteoporosemitpathologischerFraktur";"M809"
8464;")NichtnäherbezeichneteOsteoporosemitpathologischerFraktur\MehrereLok.";"M809"
8465;")NichtnäherbezeichneteOsteoporosemitpathologischerFraktur\Schulter";"M809"
8466;")NichtnäherbezeichneteOsteoporosemitpathologischerFraktur\Oberarm";"M809"
8467;")NichtnäherbezeichneteOsteoporosemitpathologischerFraktur\Unterarm";"M809"
8468;")NichtnäherbezeichneteOsteoporosemitpathologischerFraktur\Hand";"M809"
8469;")NichtnäherbezeichneteOsteoporosemitpathologischerFraktur\Becken/Obersch.";"M809"
8470;")NichtnäherbezeichneteOsteoporosemitpathologischerFraktur\Knie/Untersch.";"M809"
8471;")NichtnäherbezeichneteOsteoporosemitpathologischerFraktur\Knöchel/Fuß";"M809"
8472;")NichtnäherbezeichneteOsteoporosemitpathologischerFraktur\sonstigeLok.";"M809"
8473;")NichtnäherbezeichneteOsteoporosemitpathologischerFraktur\NNBLok.";"M809"
8475;"PostmenopausaleOsteoporose";"M810"
8476;")PostmenopausaleOsteoporose\MehrereLok.";"M810"
8477;")PostmenopausaleOsteoporose\Schulter";"M810"
8478;")PostmenopausaleOsteoporose\Oberarm";"M810"
8479;")PostmenopausaleOsteoporose\Unterarm";"M810"
8480;")PostmenopausaleOsteoporose\Hand";"M810"
8481;")PostmenopausaleOsteoporose\Becken/Obersch.";"M810"
8482;")PostmenopausaleOsteoporose\Knie/Untersch.";"M810"
8483;")PostmenopausaleOsteoporose\Knöchel/Fuß";"M810"
8484;")PostmenopausaleOsteoporose\sonstigeLok.";"M810"
8485;")PostmenopausaleOsteoporose\NNBLok.";"M810"
8486;"OsteoporosenachOvarektomie";"M811"
8487;")OsteoporosenachOvarektomie\MehrereLok.";"M811"
8488;")OsteoporosenachOvarektomie\Schulter";"M811"
8489;")OsteoporosenachOvarektomie\Oberarm";"M811"
8491;")OsteoporosenachOvarektomie\Hand";"M811"
8492;")OsteoporosenachOvarektomie\Becken/Obersch.";"M811"
8494;")OsteoporosenachOvarektomie\Knöchel/Fuß";"M811"
8495;")OsteoporosenachOvarektomie\sonstigeLok.";"M811"
8496;")OsteoporosenachOvarektomie\NNBLok.";"M811"
8497;"Inaktivitätsosteoporose";"M812"
8498;")Inaktivitätsosteoporose\MehrereLok.";"M812"
8499;")Inaktivitätsosteoporose\Schulter";"M812"
8503;")Inaktivitätsosteoporose\Becken/Obersch.";"M812"
8504;")Inaktivitätsosteoporose\Knie/Untersch.";"M812"
8505;")Inaktivitätsosteoporose\Knöchel/Fuß";"M812"
8506;")Inaktivitätsosteoporose\sonstigeLok.";"M812"
8507;")Inaktivitätsosteoporose\NNBLok.";"M812"
8508;"OsteoporoseinfolgeMalabsorptionnachchirurgischemEingriff";"M813"
8509;")OsteoporoseinfolgeMalabsorptionnachchirurgischemEingriff\MehrereLok.";"M813"
8510;")OsteoporoseinfolgeMalabsorptionnachchirurgischemEingriff\Schulter";"M813"
8514;")OsteoporoseinfolgeMalabsorptionnachchirurgischemEingriff\Becken/Obersch.";"M813"
8515;")OsteoporoseinfolgeMalabsorptionnachchirurgischemEingriff\Knie/Untersch.";"M813"
8516;")OsteoporoseinfolgeMalabsorptionnachchirurgischemEingriff\Knöchel/Fuß";"M813"
8517;")OsteoporoseinfolgeMalabsorptionnachchirurgischemEingriff\sonstigeLok.";"M813"
8518;")OsteoporoseinfolgeMalabsorptionnachchirurgischemEingriff\NNBLok.";"M813"
8519;"ArzneimittelinduzierteOsteoporose";"M814"
8520;")ArzneimittelinduzierteOsteoporose\MehrereLok.";"M814"
8525;")ArzneimittelinduzierteOsteoporose\Becken/Obersch.";"M814"
8526;")ArzneimittelinduzierteOsteoporose\Knie/Untersch.";"M814"
8528;")ArzneimittelinduzierteOsteoporose\sonstigeLok.";"M814"
8529;")ArzneimittelinduzierteOsteoporose\NNBLok.";"M814"
8530;"IdiopathischeOsteoporose";"M815"
8531;")IdiopathischeOsteoporose\MehrereLok.";"M815"
8532;")IdiopathischeOsteoporose\Schulter";"M815"
8533;")IdiopathischeOsteoporose\Oberarm";"M815"
8535;")IdiopathischeOsteoporose\Hand";"M815"
8536;")IdiopathischeOsteoporose\Becken/Obersch.";"M815"
8537;")IdiopathischeOsteoporose\Knie/Untersch.";"M815"
8538;")IdiopathischeOsteoporose\Knöchel/Fuß";"M815"
8539;")IdiopathischeOsteoporose\sonstigeLok.";"M815"
8540;")IdiopathischeOsteoporose\NNBLok.";"M815"
8541;"LokalisierteOsteoporose[Lequesne]";"M816"
8542;")LokalisierteOsteoporose[Lequesne]\MehrereLok.";"M816"
8543;")LokalisierteOsteoporose[Lequesne]\Schulter";"M816"
8544;")LokalisierteOsteoporose[Lequesne]\Oberarm";"M816"
8545;")LokalisierteOsteoporose[Lequesne]\Unterarm";"M816"
8546;")LokalisierteOsteoporose[Lequesne]\Hand";"M816"
8547;")LokalisierteOsteoporose[Lequesne]\Becken/Obersch.";"M816"
8548;")LokalisierteOsteoporose[Lequesne]\Knie/Untersch.";"M816"
8549;")LokalisierteOsteoporose[Lequesne]\Knöchel/Fuß";"M816"
8550;")LokalisierteOsteoporose[Lequesne]\sonstigeLok.";"M816"
8551;")LokalisierteOsteoporose[Lequesne]\NNBLok.";"M816"
8552;"SonstigeOsteoporose,SenileOsteoporose";"M818"
8553;")SonstigeOsteoporose,SenileOsteoporose\MehrereLok.";"M818"
8554;")SonstigeOsteoporose,SenileOsteoporose\Schulter";"M818"
8555;")SonstigeOsteoporose,SenileOsteoporose\Oberarm";"M818"
8556;")SonstigeOsteoporose,SenileOsteoporose\Unterarm";"M818"
8557;")SonstigeOsteoporose,SenileOsteoporose\Hand";"M818"
8558;")SonstigeOsteoporose,SenileOsteoporose\Becken/Obersch.";"M818"
8559;")SonstigeOsteoporose,SenileOsteoporose\Knie/Untersch.";"M818"
8560;")SonstigeOsteoporose,SenileOsteoporose\Knöchel/Fuß";"M818"
8561;")SonstigeOsteoporose,SenileOsteoporose\sonstigeLok.";"M818"
8562;")SonstigeOsteoporose,SenileOsteoporose\NNBLok.";"M818"
8563;"Osteoporose,nichtnäherbezeichnet";"M819"
8564;")Osteoporose,nichtnäherbezeichnet\MehrereLok.";"M819"
8565;")Osteoporose,nichtnäherbezeichnet\Schulter";"M819"
8566;")Osteoporose,nichtnäherbezeichnet\Oberarm";"M819"
8567;")Osteoporose,nichtnäherbezeichnet\Unterarm";"M819"
8568;")Osteoporose,nichtnäherbezeichnet\Hand";"M819"
8569;")Osteoporose,nichtnäherbezeichnet\Becken/Obersch.";"M819"
8570;")Osteoporose,nichtnäherbezeichnet\Knie/Untersch.";"M819"
8571;")Osteoporose,nichtnäherbezeichnet\Knöchel/Fuß";"M819"
8572;")Osteoporose,nichtnäherbezeichnet\sonstigeLok.";"M819"
8573;")Osteoporose,nichtnäherbezeichnet\NNBLok.";"M819"
8575;"OsteoporosebeiPlasmozytom(C90.0+)";"M820"
8576;")OsteoporosebeiPlasmozytom(C90.0+)\MehrereLok.";"M820"
8578;")OsteoporosebeiPlasmozytom(C90.0+)\Oberarm";"M820"
8581;")OsteoporosebeiPlasmozytom(C90.0+)\Becken/Obersch.";"M820"
8584;")OsteoporosebeiPlasmozytom(C90.0+)\sonstigeLok.";"M820"
8585;")OsteoporosebeiPlasmozytom(C90.0+)\NNBLok.";"M820"
8586;"OsteoporosebeiendokrinenStörungen(E00-E34+)";"M821"
8587;")OsteoporosebeiendokrinenStörungen(E00-E34+)\MehrereLok.";"M821"
8589;")OsteoporosebeiendokrinenStörungen(E00-E34+)\Oberarm";"M821"
8592;")OsteoporosebeiendokrinenStörungen(E00-E34+)\Becken/Obersch.";"M821"
8595;")OsteoporosebeiendokrinenStörungen(E00-E34+)\sonstigeLok.";"M821"
8596;")OsteoporosebeiendokrinenStörungen(E00-E34+)\NNBLok.";"M821"
8597;"OsteoporosebeisonstigenanderenortsklassifiziertenKrankheiten";"M828"
8598;")OsteoporosebeisonstigenanderenortsklassifiziertenKrankheiten\MehrereLok.";"M828"
8599;")OsteoporosebeisonstigenanderenortsklassifiziertenKrankheiten\Schulter";"M828"
8600;")OsteoporosebeisonstigenanderenortsklassifiziertenKrankheiten\Oberarm";"M828"
8601;")OsteoporosebeisonstigenanderenortsklassifiziertenKrankheiten\Unterarm";"M828"
8602;")OsteoporosebeisonstigenanderenortsklassifiziertenKrankheiten\Hand";"M828"
8603;")OsteoporosebeisonstigenanderenortsklassifiziertenKrankheiten\Becken/Obersch.";"M828"
8604;")OsteoporosebeisonstigenanderenortsklassifiziertenKrankheiten\Knie/Untersch.";"M828"
8605;")OsteoporosebeisonstigenanderenortsklassifiziertenKrankheiten\Knöchel/Fuß";"M828"
8606;")OsteoporosebeisonstigenanderenortsklassifiziertenKrankheiten\sonstigeLok.";"M828"
8607;")OsteoporosebeisonstigenanderenortsklassifiziertenKrankheiten\NNBLok.";"M828"
8609;"OsteomalazieimWochenbett";"M830"
8610;")OsteomalazieimWochenbett\MehrereLok.";"M830"
8614;")OsteomalazieimWochenbett\Hand";"M830"
8620;"SenileOsteomalazie";"M831"
8621;")SenileOsteomalazie\MehrereLok.";"M831"
8623;")SenileOsteomalazie\Oberarm";"M831"
8625;")SenileOsteomalazie\Hand";"M831"
8626;")SenileOsteomalazie\Becken/Obersch.";"M831"
8628;")SenileOsteomalazie\Knöchel/Fuß";"M831"
8629;")SenileOsteomalazie\sonstigeLok.";"M831"
8630;")SenileOsteomalazie\NNBLok.";"M831"
8631;"OsteomalazieimErwachsenenalterdurchMalabsorption,OsteomalaziebeiErwachsenendurchMalabsorptionnachchirurgischemEingriff";"M832"
8636;")OsteomalazieimErwachsenenalterdurchMalabsorption,OsteomalaziebeiErwachsenendurchMalabsorptionnachchirurgischemEingriff\Hand";"M832"
8640;")OsteomalazieimErwachsenenalterdurchMalabsorption,OsteomalaziebeiErwachsenendurchMalabsorptionnachchirurgischemEingriff\sonstigeLok.";"M832"
8641;")OsteomalazieimErwachsenenalterdurchMalabsorption,OsteomalaziebeiErwachsenendurchMalabsorptionnachchirurgischemEingriff\NNBLok.";"M832"
8642;"OsteomalazieimErwachsenenalterdurchFehl-oderMangelernährung";"M833"
8643;")OsteomalazieimErwachsenenalterdurchFehl-oderMangelernährung\MehrereLok.";"M833"
8645;")OsteomalazieimErwachsenenalterdurchFehl-oderMangelernährung\Oberarm";"M833"
8647;")OsteomalazieimErwachsenenalterdurchFehl-oderMangelernährung\Hand";"M833"
8652;")OsteomalazieimErwachsenenalterdurchFehl-oderMangelernährung\NNBLok.";"M833"
8653;"Aluminiumosteopathie";"M834"
8664;"SonstigearzneimittelinduzierteOsteomalaziebeiErwachsenen";"M835"
8675;"SonstigeOsteomalazieimErwachsenenalter";"M838"
8676;")SonstigeOsteomalazieimErwachsenenalter\MehrereLok.";"M838"
8677;")SonstigeOsteomalazieimErwachsenenalter\Schulter";"M838"
8678;")SonstigeOsteomalazieimErwachsenenalter\Oberarm";"M838"
8680;")SonstigeOsteomalazieimErwachsenenalter\Hand";"M838"
8681;")SonstigeOsteomalazieimErwachsenenalter\Becken/Obersch.";"M838"
8682;")SonstigeOsteomalazieimErwachsenenalter\Knie/Untersch.";"M838"
8683;")SonstigeOsteomalazieimErwachsenenalter\Knöchel/Fuß";"M838"
8684;")SonstigeOsteomalazieimErwachsenenalter\sonstigeLok.";"M838"
8685;")SonstigeOsteomalazieimErwachsenenalter\NNBLok.";"M838"
8686;"OsteomalazieimErwachsenenalter,nichtnäherbezeichnet";"M839"
8687;")OsteomalazieimErwachsenenalter,nichtnäherbezeichnet\MehrereLok.";"M839"
8691;")OsteomalazieimErwachsenenalter,nichtnäherbezeichnet\Hand";"M839"
8692;")OsteomalazieimErwachsenenalter,nichtnäherbezeichnet\Becken/Obersch.";"M839"
8693;")OsteomalazieimErwachsenenalter,nichtnäherbezeichnet\Knie/Untersch.";"M839"
8694;")OsteomalazieimErwachsenenalter,nichtnäherbezeichnet\Knöchel/Fuß";"M839"
8695;")OsteomalazieimErwachsenenalter,nichtnäherbezeichnet\sonstigeLok.";"M839"
8696;")OsteomalazieimErwachsenenalter,nichtnäherbezeichnet\NNBLok.";"M839"
8698;"FrakturheilunginFehlstellung";"M840"
8699;")FrakturheilunginFehlstellung\MehrereLok.";"M840"
8700;")FrakturheilunginFehlstellung\Schulter";"M840"
8701;")FrakturheilunginFehlstellung\Oberarm";"M840"
8702;")FrakturheilunginFehlstellung\Unterarm";"M840"
8703;")FrakturheilunginFehlstellung\Hand";"M840"
8704;")FrakturheilunginFehlstellung\Becken/Obersch.";"M840"
8705;")FrakturheilunginFehlstellung\Knie/Untersch.";"M840"
8706;")FrakturheilunginFehlstellung\Knöchel/Fuß";"M840"
8707;")FrakturheilunginFehlstellung\sonstigeLok.";"M840"
8708;")FrakturheilunginFehlstellung\NNBLok.";"M840"
8709;"NichtvereinigungderFrakturenden[Pseudarthrose]";"M841"
8710;")NichtvereinigungderFrakturenden[Pseudarthrose]\MehrereLok.";"M841"
8711;")NichtvereinigungderFrakturenden[Pseudarthrose]\Schulter";"M841"
8712;")NichtvereinigungderFrakturenden[Pseudarthrose]\Oberarm";"M841"
8713;")NichtvereinigungderFrakturenden[Pseudarthrose]\Unterarm";"M841"
8714;")NichtvereinigungderFrakturenden[Pseudarthrose]\Hand";"M841"
8715;")NichtvereinigungderFrakturenden[Pseudarthrose]\Becken/Obersch.";"M841"
8716;")NichtvereinigungderFrakturenden[Pseudarthrose]\Knie/Untersch.";"M841"
8717;")NichtvereinigungderFrakturenden[Pseudarthrose]\Knöchel/Fuß";"M841"
8718;")NichtvereinigungderFrakturenden[Pseudarthrose]\sonstigeLok.";"M841"
8719;")NichtvereinigungderFrakturenden[Pseudarthrose]\NNBLok.";"M841"
8720;"VerzögerteFrakturheilung";"M842"
8721;")VerzögerteFrakturheilung\MehrereLok.";"M842"
8722;")VerzögerteFrakturheilung\Schulter";"M842"
8723;")VerzögerteFrakturheilung\Oberarm";"M842"
8724;")VerzögerteFrakturheilung\Unterarm";"M842"
8725;")VerzögerteFrakturheilung\Hand";"M842"
8726;")VerzögerteFrakturheilung\Becken/Obersch.";"M842"
8727;")VerzögerteFrakturheilung\Knie/Untersch.";"M842"
8728;")VerzögerteFrakturheilung\Knöchel/Fuß";"M842"
8729;")VerzögerteFrakturheilung\sonstigeLok.";"M842"
8730;")VerzögerteFrakturheilung\NNBLok.";"M842"
8731;"Streßfraktur,anderenortsnichtklassifiziert,Streßfrakturo.n.A.";"M843"
8732;")Streßfraktur,anderenortsnichtklassifiziert,Streßfrakturo.n.A.\MehrereLok.";"M843"
8733;")Streßfraktur,anderenortsnichtklassifiziert,Streßfrakturo.n.A.\Schulter";"M843"
8734;")Streßfraktur,anderenortsnichtklassifiziert,Streßfrakturo.n.A.\Oberarm";"M843"
8735;")Streßfraktur,anderenortsnichtklassifiziert,Streßfrakturo.n.A.\Unterarm";"M843"
8736;")Streßfraktur,anderenortsnichtklassifiziert,Streßfrakturo.n.A.\Hand";"M843"
8737;")Streßfraktur,anderenortsnichtklassifiziert,Streßfrakturo.n.A.\Becken/Obersch.";"M843"
8738;")Streßfraktur,anderenortsnichtklassifiziert,Streßfrakturo.n.A.\Knie/Untersch.";"M843"
8739;")Streßfraktur,anderenortsnichtklassifiziert,Streßfrakturo.n.A.\Knöchel/Fuß";"M843"
8740;")Streßfraktur,anderenortsnichtklassifiziert,Streßfrakturo.n.A.\sonstigeLok.";"M843"
8741;")Streßfraktur,anderenortsnichtklassifiziert,Streßfrakturo.n.A.\NNBLok.";"M843"
8742;"PathologischeFraktur,anderenortsnichtklassifiziert,PathologischeFrakturo.n.A.";"M844"
8743;")PathologischeFraktur,anderenortsnichtklassifiziert,PathologischeFrakturo.n.A.\MehrereLok.";"M844"
8744;")PathologischeFraktur,anderenortsnichtklassifiziert,PathologischeFrakturo.n.A.\Schulter";"M844"
8745;")PathologischeFraktur,anderenortsnichtklassifiziert,PathologischeFrakturo.n.A.\Oberarm";"M844"
8746;")PathologischeFraktur,anderenortsnichtklassifiziert,PathologischeFrakturo.n.A.\Unterarm";"M844"
8747;")PathologischeFraktur,anderenortsnichtklassifiziert,PathologischeFrakturo.n.A.\Hand";"M844"
8748;")PathologischeFraktur,anderenortsnichtklassifiziert,PathologischeFrakturo.n.A.\Becken/Obersch.";"M844"
8749;")PathologischeFraktur,anderenortsnichtklassifiziert,PathologischeFrakturo.n.A.\Knie/Untersch.";"M844"
8750;")PathologischeFraktur,anderenortsnichtklassifiziert,PathologischeFrakturo.n.A.\Knöchel/Fuß";"M844"
8751;")PathologischeFraktur,anderenortsnichtklassifiziert,PathologischeFrakturo.n.A.\sonstigeLok.";"M844"
8752;")PathologischeFraktur,anderenortsnichtklassifiziert,PathologischeFrakturo.n.A.\NNBLok.";"M844"
8753;"SonstigeVeränderungenderKnochenkontinuität";"M848"
8754;")SonstigeVeränderungenderKnochenkontinuität\MehrereLok.";"M848"
8755;")SonstigeVeränderungenderKnochenkontinuität\Schulter";"M848"
8756;")SonstigeVeränderungenderKnochenkontinuität\Oberarm";"M848"
8757;")SonstigeVeränderungenderKnochenkontinuität\Unterarm";"M848"
8758;")SonstigeVeränderungenderKnochenkontinuität\Hand";"M848"
8759;")SonstigeVeränderungenderKnochenkontinuität\Becken/Obersch.";"M848"
8760;")SonstigeVeränderungenderKnochenkontinuität\Knie/Untersch.";"M848"
8761;")SonstigeVeränderungenderKnochenkontinuität\Knöchel/Fuß";"M848"
8762;")SonstigeVeränderungenderKnochenkontinuität\sonstigeLok.";"M848"
8763;")SonstigeVeränderungenderKnochenkontinuität\NNBLok.";"M848"
8764;"VeränderungderKnochenkontinuität,nichtnäherbezeichnet";"M849"
8765;")VeränderungderKnochenkontinuität,nichtnäherbezeichnet\MehrereLok.";"M849"
8766;")VeränderungderKnochenkontinuität,nichtnäherbezeichnet\Schulter";"M849"
8767;")VeränderungderKnochenkontinuität,nichtnäherbezeichnet\Oberarm";"M849"
8768;")VeränderungderKnochenkontinuität,nichtnäherbezeichnet\Unterarm";"M849"
8769;")VeränderungderKnochenkontinuität,nichtnäherbezeichnet\Hand";"M849"
8770;")VeränderungderKnochenkontinuität,nichtnäherbezeichnet\Becken/Obersch.";"M849"
8771;")VeränderungderKnochenkontinuität,nichtnäherbezeichnet\Knie/Untersch.";"M849"
8772;")VeränderungderKnochenkontinuität,nichtnäherbezeichnet\Knöchel/Fuß";"M849"
8773;")VeränderungderKnochenkontinuität,nichtnäherbezeichnet\sonstigeLok.";"M849"
8774;")VeränderungderKnochenkontinuität,nichtnäherbezeichnet\NNBLok.";"M849"
8776;"FibröseDysplasie(monostotisch)";"M850"
8777;")FibröseDysplasie(monostotisch)\MehrereLok.";"M850"
8778;")FibröseDysplasie(monostotisch)\Schulter";"M850"
8779;")FibröseDysplasie(monostotisch)\Oberarm";"M850"
8780;")FibröseDysplasie(monostotisch)\Unterarm";"M850"
8781;")FibröseDysplasie(monostotisch)\Hand";"M850"
8782;")FibröseDysplasie(monostotisch)\Becken/Obersch.";"M850"
8783;")FibröseDysplasie(monostotisch)\Knie/Untersch.";"M850"
8784;")FibröseDysplasie(monostotisch)\Knöchel/Fuß";"M850"
8785;")FibröseDysplasie(monostotisch)\sonstigeLok.";"M850"
8786;")FibröseDysplasie(monostotisch)\NNBLok.";"M850"
8787;"Skelettfluorose";"M851"
8796;")Skelettfluorose\sonstigeLok.";"M851"
8798;"HyperostosedesSchädels";"M852"
8799;"Ostitiscondensans";"M853"
8803;")Ostitiscondensans\Unterarm";"M853"
8804;")Ostitiscondensans\Hand";"M853"
8805;")Ostitiscondensans\Becken/Obersch.";"M853"
8806;")Ostitiscondensans\Knie/Untersch.";"M853"
8807;")Ostitiscondensans\Knöchel/Fuß";"M853"
8808;")Ostitiscondensans\sonstigeLok.";"M853"
8809;")Ostitiscondensans\NNBLok.";"M853"
8810;"SolitäreKnochenzyste";"M854"
8811;")SolitäreKnochenzyste\MehrereLok.";"M854"
8812;")SolitäreKnochenzyste\Schulter";"M854"
8813;")SolitäreKnochenzyste\Oberarm";"M854"
8814;")SolitäreKnochenzyste\Unterarm";"M854"
8815;")SolitäreKnochenzyste\Hand";"M854"
8816;")SolitäreKnochenzyste\Becken/Obersch.";"M854"
8817;")SolitäreKnochenzyste\Knie/Untersch.";"M854"
8818;")SolitäreKnochenzyste\Knöchel/Fuß";"M854"
8819;")SolitäreKnochenzyste\sonstigeLok.";"M854"
8820;")SolitäreKnochenzyste\NNBLok.";"M854"
8821;"AneurysmatischeKnochenzyste";"M855"
8822;")AneurysmatischeKnochenzyste\MehrereLok.";"M855"
8823;")AneurysmatischeKnochenzyste\Schulter";"M855"
8824;")AneurysmatischeKnochenzyste\Oberarm";"M855"
8825;")AneurysmatischeKnochenzyste\Unterarm";"M855"
8826;")AneurysmatischeKnochenzyste\Hand";"M855"
8827;")AneurysmatischeKnochenzyste\Becken/Obersch.";"M855"
8828;")AneurysmatischeKnochenzyste\Knie/Untersch.";"M855"
8829;")AneurysmatischeKnochenzyste\Knöchel/Fuß";"M855"
8830;")AneurysmatischeKnochenzyste\sonstigeLok.";"M855"
8831;")AneurysmatischeKnochenzyste\NNBLok.";"M855"
8832;"SonstigeKnochenzyste";"M856"
8833;")SonstigeKnochenzyste\MehrereLok.";"M856"
8834;")SonstigeKnochenzyste\Schulter";"M856"
8835;")SonstigeKnochenzyste\Oberarm";"M856"
8836;")SonstigeKnochenzyste\Unterarm";"M856"
8837;")SonstigeKnochenzyste\Hand";"M856"
8838;")SonstigeKnochenzyste\Becken/Obersch.";"M856"
8839;")SonstigeKnochenzyste\Knie/Untersch.";"M856"
8840;")SonstigeKnochenzyste\Knöchel/Fuß";"M856"
8841;")SonstigeKnochenzyste\sonstigeLok.";"M856"
8842;")SonstigeKnochenzyste\NNBLok.";"M856"
8843;"SonstigenäherbezeichneteVeränderungenderKnochendichteund-struktur,HyperostosederKnochen,ausgenommendesSchädels";"M858"
8844;")SonstigenäherbezeichneteVeränderungenderKnochendichteund-struktur,HyperostosederKnochen,ausgenommendesSchädels\MehrereLok.";"M858"
8845;")SonstigenäherbezeichneteVeränderungenderKnochendichteund-struktur,HyperostosederKnochen,ausgenommendesSchädels\Schulter";"M858"
8846;")SonstigenäherbezeichneteVeränderungenderKnochendichteund-struktur,HyperostosederKnochen,ausgenommendesSchädels\Oberarm";"M858"
8847;")SonstigenäherbezeichneteVeränderungenderKnochendichteund-struktur,HyperostosederKnochen,ausgenommendesSchädels\Unterarm";"M858"
8848;")SonstigenäherbezeichneteVeränderungenderKnochendichteund-struktur,HyperostosederKnochen,ausgenommendesSchädels\Hand";"M858"
8849;")SonstigenäherbezeichneteVeränderungenderKnochendichteund-struktur,HyperostosederKnochen,ausgenommendesSchädels\Becken/Obersch.";"M858"
8850;")SonstigenäherbezeichneteVeränderungenderKnochendichteund-struktur,HyperostosederKnochen,ausgenommendesSchädels\Knie/Untersch.";"M858"
8851;")SonstigenäherbezeichneteVeränderungenderKnochendichteund-struktur,HyperostosederKnochen,ausgenommendesSchädels\Knöchel/Fuß";"M858"
8852;")SonstigenäherbezeichneteVeränderungenderKnochendichteund-struktur,HyperostosederKnochen,ausgenommendesSchädels\sonstigeLok.";"M858"
8853;")SonstigenäherbezeichneteVeränderungenderKnochendichteund-struktur,HyperostosederKnochen,ausgenommendesSchädels\NNBLok.";"M858"
8854;"VeränderungderKnochendichteund-struktur,nichtnäherbezeichnet";"M859"
8855;")VeränderungderKnochendichteund-struktur,nichtnäherbezeichnet\MehrereLok.";"M859"
8856;")VeränderungderKnochendichteund-struktur,nichtnäherbezeichnet\Schulter";"M859"
8857;")VeränderungderKnochendichteund-struktur,nichtnäherbezeichnet\Oberarm";"M859"
8858;")VeränderungderKnochendichteund-struktur,nichtnäherbezeichnet\Unterarm";"M859"
8859;")VeränderungderKnochendichteund-struktur,nichtnäherbezeichnet\Hand";"M859"
8860;")VeränderungderKnochendichteund-struktur,nichtnäherbezeichnet\Becken/Obersch.";"M859"
8861;")VeränderungderKnochendichteund-struktur,nichtnäherbezeichnet\Knie/Untersch.";"M859"
8862;")VeränderungderKnochendichteund-struktur,nichtnäherbezeichnet\Knöchel/Fuß";"M859"
8863;")VeränderungderKnochendichteund-struktur,nichtnäherbezeichnet\sonstigeLok.";"M859"
8864;")VeränderungderKnochendichteund-struktur,nichtnäherbezeichnet\NNBLok.";"M859"
8866;"AkutehämatogeneOsteomyelitis";"M860"
8867;")AkutehämatogeneOsteomyelitis\MehrereLok.";"M860"
8868;")AkutehämatogeneOsteomyelitis\Schulter";"M860"
8869;")AkutehämatogeneOsteomyelitis\Oberarm";"M860"
8870;")AkutehämatogeneOsteomyelitis\Unterarm";"M860"
8871;")AkutehämatogeneOsteomyelitis\Hand";"M860"
8872;")AkutehämatogeneOsteomyelitis\Becken/Obersch.";"M860"
8873;")AkutehämatogeneOsteomyelitis\Knie/Untersch.";"M860"
8874;")AkutehämatogeneOsteomyelitis\Knöchel/Fuß";"M860"
8875;")AkutehämatogeneOsteomyelitis\sonstigeLok.";"M860"
8876;")AkutehämatogeneOsteomyelitis\NNBLok.";"M860"
8877;"SonstigeakuteOsteomyelitis";"M861"
8878;")SonstigeakuteOsteomyelitis\MehrereLok.";"M861"
8879;")SonstigeakuteOsteomyelitis\Schulter";"M861"
8880;")SonstigeakuteOsteomyelitis\Oberarm";"M861"
8881;")SonstigeakuteOsteomyelitis\Unterarm";"M861"
8882;")SonstigeakuteOsteomyelitis\Hand";"M861"
8883;")SonstigeakuteOsteomyelitis\Becken/Obersch.";"M861"
8884;")SonstigeakuteOsteomyelitis\Knie/Untersch.";"M861"
8885;")SonstigeakuteOsteomyelitis\Knöchel/Fuß";"M861"
8886;")SonstigeakuteOsteomyelitis\sonstigeLok.";"M861"
8887;")SonstigeakuteOsteomyelitis\NNBLok.";"M861"
8888;"SubakuteOsteomyelitis";"M862"
8889;")SubakuteOsteomyelitis\MehrereLok.";"M862"
8890;")SubakuteOsteomyelitis\Schulter";"M862"
8891;")SubakuteOsteomyelitis\Oberarm";"M862"
8892;")SubakuteOsteomyelitis\Unterarm";"M862"
8893;")SubakuteOsteomyelitis\Hand";"M862"
8894;")SubakuteOsteomyelitis\Becken/Obersch.";"M862"
8895;")SubakuteOsteomyelitis\Knie/Untersch.";"M862"
8896;")SubakuteOsteomyelitis\Knöchel/Fuß";"M862"
8897;")SubakuteOsteomyelitis\sonstigeLok.";"M862"
8898;")SubakuteOsteomyelitis\NNBLok.";"M862"
8899;"ChronischemultifokaleOsteomyelitis";"M863"
8900;")ChronischemultifokaleOsteomyelitis\MehrereLok.";"M863"
8901;")ChronischemultifokaleOsteomyelitis\Schulter";"M863"
8902;")ChronischemultifokaleOsteomyelitis\Oberarm";"M863"
8903;")ChronischemultifokaleOsteomyelitis\Unterarm";"M863"
8904;")ChronischemultifokaleOsteomyelitis\Hand";"M863"
8905;")ChronischemultifokaleOsteomyelitis\Becken/Obersch.";"M863"
8906;")ChronischemultifokaleOsteomyelitis\Knie/Untersch.";"M863"
8907;")ChronischemultifokaleOsteomyelitis\Knöchel/Fuß";"M863"
8908;")ChronischemultifokaleOsteomyelitis\sonstigeLok.";"M863"
8909;")ChronischemultifokaleOsteomyelitis\NNBLok.";"M863"
8910;"ChronischeOsteomyelitismitFistel";"M864"
8911;")ChronischeOsteomyelitismitFistel\MehrereLok.";"M864"
8912;")ChronischeOsteomyelitismitFistel\Schulter";"M864"
8913;")ChronischeOsteomyelitismitFistel\Oberarm";"M864"
8914;")ChronischeOsteomyelitismitFistel\Unterarm";"M864"
8915;")ChronischeOsteomyelitismitFistel\Hand";"M864"
8916;")ChronischeOsteomyelitismitFistel\Becken/Obersch.";"M864"
8917;")ChronischeOsteomyelitismitFistel\Knie/Untersch.";"M864"
8918;")ChronischeOsteomyelitismitFistel\Knöchel/Fuß";"M864"
8919;")ChronischeOsteomyelitismitFistel\sonstigeLok.";"M864"
8920;")ChronischeOsteomyelitismitFistel\NNBLok.";"M864"
8921;"SonstigechronischehämatogeneOsteomyelitis";"M865"
8922;")SonstigechronischehämatogeneOsteomyelitis\MehrereLok.";"M865"
8926;")SonstigechronischehämatogeneOsteomyelitis\Hand";"M865"
8927;")SonstigechronischehämatogeneOsteomyelitis\Becken/Obersch.";"M865"
8928;")SonstigechronischehämatogeneOsteomyelitis\Knie/Untersch.";"M865"
8929;")SonstigechronischehämatogeneOsteomyelitis\Knöchel/Fuß";"M865"
8930;")SonstigechronischehämatogeneOsteomyelitis\sonstigeLok.";"M865"
8931;")SonstigechronischehämatogeneOsteomyelitis\NNBLok.";"M865"
8932;"SonstigechronischeOsteomyelitis";"M866"
8933;")SonstigechronischeOsteomyelitis\MehrereLok.";"M866"
8934;")SonstigechronischeOsteomyelitis\Schulter";"M866"
8935;")SonstigechronischeOsteomyelitis\Oberarm";"M866"
8936;")SonstigechronischeOsteomyelitis\Unterarm";"M866"
8937;")SonstigechronischeOsteomyelitis\Hand";"M866"
8938;")SonstigechronischeOsteomyelitis\Becken/Obersch.";"M866"
8939;")SonstigechronischeOsteomyelitis\Knie/Untersch.";"M866"
8940;")SonstigechronischeOsteomyelitis\Knöchel/Fuß";"M866"
8941;")SonstigechronischeOsteomyelitis\sonstigeLok.";"M866"
8942;")SonstigechronischeOsteomyelitis\NNBLok.";"M866"
8943;"SonstigeOsteomyelitis,Brodie-Abszeß";"M868"
8944;")SonstigeOsteomyelitis,Brodie-Abszeß\MehrereLok.";"M868"
8945;")SonstigeOsteomyelitis,Brodie-Abszeß\Schulter";"M868"
8946;")SonstigeOsteomyelitis,Brodie-Abszeß\Oberarm";"M868"
8947;")SonstigeOsteomyelitis,Brodie-Abszeß\Unterarm";"M868"
8948;")SonstigeOsteomyelitis,Brodie-Abszeß\Hand";"M868"
8949;")SonstigeOsteomyelitis,Brodie-Abszeß\Becken/Obersch.";"M868"
8950;")SonstigeOsteomyelitis,Brodie-Abszeß\Knie/Untersch.";"M868"
8951;")SonstigeOsteomyelitis,Brodie-Abszeß\Knöchel/Fuß";"M868"
8952;")SonstigeOsteomyelitis,Brodie-Abszeß\sonstigeLok.";"M868"
8953;")SonstigeOsteomyelitis,Brodie-Abszeß\NNBLok.";"M868"
8954;"Osteomyelitis,nichtnäherbezeichnet,Knocheninfektiono.n.A.,PeriostitisohneAngabeeinerOsteomyelitis";"M869"
8955;")Osteomyelitis,nichtnäherbezeichnet,Knocheninfektiono.n.A.,PeriostitisohneAngabeeinerOsteomyelitis\MehrereLok.";"M869"
8956;")Osteomyelitis,nichtnäherbezeichnet,Knocheninfektiono.n.A.,PeriostitisohneAngabeeinerOsteomyelitis\Schulter";"M869"
8957;")Osteomyelitis,nichtnäherbezeichnet,Knocheninfektiono.n.A.,PeriostitisohneAngabeeinerOsteomyelitis\Oberarm";"M869"
8958;")Osteomyelitis,nichtnäherbezeichnet,Knocheninfektiono.n.A.,PeriostitisohneAngabeeinerOsteomyelitis\Unterarm";"M869"
8959;")Osteomyelitis,nichtnäherbezeichnet,Knocheninfektiono.n.A.,PeriostitisohneAngabeeinerOsteomyelitis\Hand";"M869"
8960;")Osteomyelitis,nichtnäherbezeichnet,Knocheninfektiono.n.A.,PeriostitisohneAngabeeinerOsteomyelitis\Becken/Obersch.";"M869"
8961;")Osteomyelitis,nichtnäherbezeichnet,Knocheninfektiono.n.A.,PeriostitisohneAngabeeinerOsteomyelitis\Knie/Untersch.";"M869"
8962;")Osteomyelitis,nichtnäherbezeichnet,Knocheninfektiono.n.A.,PeriostitisohneAngabeeinerOsteomyelitis\Knöchel/Fuß";"M869"
8963;")Osteomyelitis,nichtnäherbezeichnet,Knocheninfektiono.n.A.,PeriostitisohneAngabeeinerOsteomyelitis\sonstigeLok.";"M869"
8964;")Osteomyelitis,nichtnäherbezeichnet,Knocheninfektiono.n.A.,PeriostitisohneAngabeeinerOsteomyelitis\NNBLok.";"M869"
8966;"IdiopathischeaseptischeKnochennekrose";"M870"
8967;")IdiopathischeaseptischeKnochennekrose\MehrereLok.";"M870"
8968;")IdiopathischeaseptischeKnochennekrose\Schulter";"M870"
8969;")IdiopathischeaseptischeKnochennekrose\Oberarm";"M870"
8970;")IdiopathischeaseptischeKnochennekrose\Unterarm";"M870"
8971;")IdiopathischeaseptischeKnochennekrose\Hand";"M870"
8972;")IdiopathischeaseptischeKnochennekrose\Becken/Obersch.";"M870"
8973;")IdiopathischeaseptischeKnochennekrose\Knie/Untersch.";"M870"
8974;")IdiopathischeaseptischeKnochennekrose\Knöchel/Fuß";"M870"
8975;")IdiopathischeaseptischeKnochennekrose\sonstigeLok.";"M870"
8976;")IdiopathischeaseptischeKnochennekrose\NNBLok.";"M870"
8977;"KnochennekrosedurchArzneimittel";"M871"
8978;")KnochennekrosedurchArzneimittel\MehrereLok.";"M871"
8979;")KnochennekrosedurchArzneimittel\Schulter";"M871"
8980;")KnochennekrosedurchArzneimittel\Oberarm";"M871"
8982;")KnochennekrosedurchArzneimittel\Hand";"M871"
8983;")KnochennekrosedurchArzneimittel\Becken/Obersch.";"M871"
8984;")KnochennekrosedurchArzneimittel\Knie/Untersch.";"M871"
8985;")KnochennekrosedurchArzneimittel\Knöchel/Fuß";"M871"
8986;")KnochennekrosedurchArzneimittel\sonstigeLok.";"M871"
8987;")KnochennekrosedurchArzneimittel\NNBLok.";"M871"
8988;"KnochennekrosedurchvorangegangenesTrauma";"M872"
8989;")KnochennekrosedurchvorangegangenesTrauma\MehrereLok.";"M872"
8990;")KnochennekrosedurchvorangegangenesTrauma\Schulter";"M872"
8991;")KnochennekrosedurchvorangegangenesTrauma\Oberarm";"M872"
8992;")KnochennekrosedurchvorangegangenesTrauma\Unterarm";"M872"
8993;")KnochennekrosedurchvorangegangenesTrauma\Hand";"M872"
8994;")KnochennekrosedurchvorangegangenesTrauma\Becken/Obersch.";"M872"
8995;")KnochennekrosedurchvorangegangenesTrauma\Knie/Untersch.";"M872"
8996;")KnochennekrosedurchvorangegangenesTrauma\Knöchel/Fuß";"M872"
8997;")KnochennekrosedurchvorangegangenesTrauma\sonstigeLok.";"M872"
8998;")KnochennekrosedurchvorangegangenesTrauma\NNBLok.";"M872"
8999;"SonstigesekundäreKnochennekrose";"M873"
9000;")SonstigesekundäreKnochennekrose\MehrereLok.";"M873"
9001;")SonstigesekundäreKnochennekrose\Schulter";"M873"
9002;")SonstigesekundäreKnochennekrose\Oberarm";"M873"
9003;")SonstigesekundäreKnochennekrose\Unterarm";"M873"
9004;")SonstigesekundäreKnochennekrose\Hand";"M873"
9005;")SonstigesekundäreKnochennekrose\Becken/Obersch.";"M873"
9006;")SonstigesekundäreKnochennekrose\Knie/Untersch.";"M873"
9007;")SonstigesekundäreKnochennekrose\Knöchel/Fuß";"M873"
9008;")SonstigesekundäreKnochennekrose\sonstigeLok.";"M873"
9009;")SonstigesekundäreKnochennekrose\NNBLok.";"M873"
9010;"SonstigeKnochennekrose";"M878"
9011;")SonstigeKnochennekrose\MehrereLok.";"M878"
9012;")SonstigeKnochennekrose\Schulter";"M878"
9013;")SonstigeKnochennekrose\Oberarm";"M878"
9014;")SonstigeKnochennekrose\Unterarm";"M878"
9015;")SonstigeKnochennekrose\Hand";"M878"
9016;")SonstigeKnochennekrose\Becken/Obersch.";"M878"
9017;")SonstigeKnochennekrose\Knie/Untersch.";"M878"
9018;")SonstigeKnochennekrose\Knöchel/Fuß";"M878"
9019;")SonstigeKnochennekrose\sonstigeLok.";"M878"
9020;")SonstigeKnochennekrose\NNBLok.";"M878"
9021;"Knochennekrose,nichtnäherbezeichnet";"M879"
9022;")Knochennekrose,nichtnäherbezeichnet\MehrereLok.";"M879"
9023;")Knochennekrose,nichtnäherbezeichnet\Schulter";"M879"
9024;")Knochennekrose,nichtnäherbezeichnet\Oberarm";"M879"
9025;")Knochennekrose,nichtnäherbezeichnet\Unterarm";"M879"
9026;")Knochennekrose,nichtnäherbezeichnet\Hand";"M879"
9027;")Knochennekrose,nichtnäherbezeichnet\Becken/Obersch.";"M879"
9028;")Knochennekrose,nichtnäherbezeichnet\Knie/Untersch.";"M879"
9029;")Knochennekrose,nichtnäherbezeichnet\Knöchel/Fuß";"M879"
9030;")Knochennekrose,nichtnäherbezeichnet\sonstigeLok.";"M879"
9031;")Knochennekrose,nichtnäherbezeichnet\NNBLok.";"M879"
9033;"OsteodystrophiadeformansderSchädelknochen";"M880"
9034;")OsteodystrophiadeformansderSchädelknochen\MehrereLok.";"M880"
9039;")OsteodystrophiadeformansderSchädelknochen\Becken/Obersch.";"M880"
9042;")OsteodystrophiadeformansderSchädelknochen\sonstigeLok.";"M880"
9043;")OsteodystrophiadeformansderSchädelknochen\NNBLok.";"M880"
9044;"OsteodystrophiadeformanssonstigerKnochen";"M888"
9045;")OsteodystrophiadeformanssonstigerKnochen\MehrereLok.";"M888"
9046;")OsteodystrophiadeformanssonstigerKnochen\Schulter";"M888"
9048;")OsteodystrophiadeformanssonstigerKnochen\Unterarm";"M888"
9049;")OsteodystrophiadeformanssonstigerKnochen\Hand";"M888"
9050;")OsteodystrophiadeformanssonstigerKnochen\Becken/Obersch.";"M888"
9051;")OsteodystrophiadeformanssonstigerKnochen\Knie/Untersch.";"M888"
9052;")OsteodystrophiadeformanssonstigerKnochen\Knöchel/Fuß";"M888"
9053;")OsteodystrophiadeformanssonstigerKnochen\sonstigeLok.";"M888"
9054;")OsteodystrophiadeformanssonstigerKnochen\NNBLok.";"M888"
9055;"Osteodystrophiadeformans,nichtnäherbezeichnet";"M889"
9056;")Osteodystrophiadeformans,nichtnäherbezeichnet\MehrereLok.";"M889"
9060;")Osteodystrophiadeformans,nichtnäherbezeichnet\Hand";"M889"
9061;")Osteodystrophiadeformans,nichtnäherbezeichnet\Becken/Obersch.";"M889"
9063;")Osteodystrophiadeformans,nichtnäherbezeichnet\Knöchel/Fuß";"M889"
9064;")Osteodystrophiadeformans,nichtnäherbezeichnet\sonstigeLok.";"M889"
9065;")Osteodystrophiadeformans,nichtnäherbezeichnet\NNBLok.";"M889"
9067;"Neurodystrophie[Algodystrophie],Schulter-Hand-Syndrom,Sudeck-Knochenatrophie,SympathischeReflex-Dystrophie";"M890"
9068;")Neurodystrophie[Algodystrophie],Schulter-Hand-Syndrom,Sudeck-Knochenatrophie,SympathischeReflex-Dystrophie\MehrereLok.";"M890"
9069;")Neurodystrophie[Algodystrophie],Schulter-Hand-Syndrom,Sudeck-Knochenatrophie,SympathischeReflex-Dystrophie\Schulter";"M890"
9070;")Neurodystrophie[Algodystrophie],Schulter-Hand-Syndrom,Sudeck-Knochenatrophie,SympathischeReflex-Dystrophie\Oberarm";"M890"
9071;")Neurodystrophie[Algodystrophie],Schulter-Hand-Syndrom,Sudeck-Knochenatrophie,SympathischeReflex-Dystrophie\Unterarm";"M890"
9072;")Neurodystrophie[Algodystrophie],Schulter-Hand-Syndrom,Sudeck-Knochenatrophie,SympathischeReflex-Dystrophie\Hand";"M890"
9073;")Neurodystrophie[Algodystrophie],Schulter-Hand-Syndrom,Sudeck-Knochenatrophie,SympathischeReflex-Dystrophie\Becken/Obersch.";"M890"
9074;")Neurodystrophie[Algodystrophie],Schulter-Hand-Syndrom,Sudeck-Knochenatrophie,SympathischeReflex-Dystrophie\Knie/Untersch.";"M890"
9075;")Neurodystrophie[Algodystrophie],Schulter-Hand-Syndrom,Sudeck-Knochenatrophie,SympathischeReflex-Dystrophie\Knöchel/Fuß";"M890"
9076;")Neurodystrophie[Algodystrophie],Schulter-Hand-Syndrom,Sudeck-Knochenatrophie,SympathischeReflex-Dystrophie\sonstigeLok.";"M890"
9077;")Neurodystrophie[Algodystrophie],Schulter-Hand-Syndrom,Sudeck-Knochenatrophie,SympathischeReflex-Dystrophie\NNBLok.";"M890"
9078;"StillstanddesEpiphysenwachstums";"M891"
9079;")StillstanddesEpiphysenwachstums\MehrereLok.";"M891"
9082;")StillstanddesEpiphysenwachstums\Unterarm";"M891"
9083;")StillstanddesEpiphysenwachstums\Hand";"M891"
9084;")StillstanddesEpiphysenwachstums\Becken/Obersch.";"M891"
9085;")StillstanddesEpiphysenwachstums\Knie/Untersch.";"M891"
9086;")StillstanddesEpiphysenwachstums\Knöchel/Fuß";"M891"
9087;")StillstanddesEpiphysenwachstums\sonstigeLok.";"M891"
9088;")StillstanddesEpiphysenwachstums\NNBLok.";"M891"
9089;"SonstigeStörungenderKnochenentwicklungunddesKnochenwachstums";"M892"
9090;")SonstigeStörungenderKnochenentwicklungunddesKnochenwachstums\MehrereLok.";"M892"
9091;")SonstigeStörungenderKnochenentwicklungunddesKnochenwachstums\Schulter";"M892"
9092;")SonstigeStörungenderKnochenentwicklungunddesKnochenwachstums\Oberarm";"M892"
9093;")SonstigeStörungenderKnochenentwicklungunddesKnochenwachstums\Unterarm";"M892"
9094;")SonstigeStörungenderKnochenentwicklungunddesKnochenwachstums\Hand";"M892"
9095;")SonstigeStörungenderKnochenentwicklungunddesKnochenwachstums\Becken/Obersch.";"M892"
9096;")SonstigeStörungenderKnochenentwicklungunddesKnochenwachstums\Knie/Untersch.";"M892"
9097;")SonstigeStörungenderKnochenentwicklungunddesKnochenwachstums\Knöchel/Fuß";"M892"
9098;")SonstigeStörungenderKnochenentwicklungunddesKnochenwachstums\sonstigeLok.";"M892"
9099;")SonstigeStörungenderKnochenentwicklungunddesKnochenwachstums\NNBLok.";"M892"
9100;"HypertrophiedesKnochens";"M893"
9101;")HypertrophiedesKnochens\MehrereLok.";"M893"
9102;")HypertrophiedesKnochens\Schulter";"M893"
9103;")HypertrophiedesKnochens\Oberarm";"M893"
9104;")HypertrophiedesKnochens\Unterarm";"M893"
9105;")HypertrophiedesKnochens\Hand";"M893"
9106;")HypertrophiedesKnochens\Becken/Obersch.";"M893"
9107;")HypertrophiedesKnochens\Knie/Untersch.";"M893"
9108;")HypertrophiedesKnochens\Knöchel/Fuß";"M893"
9109;")HypertrophiedesKnochens\sonstigeLok.";"M893"
9110;")HypertrophiedesKnochens\NNBLok.";"M893"
9111;"SonstigehypertrophischeOsteoarthropathie,Marie-Bamberger-Syndrom,Pachydermoperiostose";"M894"
9112;")SonstigehypertrophischeOsteoarthropathie,Marie-Bamberger-Syndrom,Pachydermoperiostose\MehrereLok.";"M894"
9113;")SonstigehypertrophischeOsteoarthropathie,Marie-Bamberger-Syndrom,Pachydermoperiostose\Schulter";"M894"
9114;")SonstigehypertrophischeOsteoarthropathie,Marie-Bamberger-Syndrom,Pachydermoperiostose\Oberarm";"M894"
9115;")SonstigehypertrophischeOsteoarthropathie,Marie-Bamberger-Syndrom,Pachydermoperiostose\Unterarm";"M894"
9116;")SonstigehypertrophischeOsteoarthropathie,Marie-Bamberger-Syndrom,Pachydermoperiostose\Hand";"M894"
9117;")SonstigehypertrophischeOsteoarthropathie,Marie-Bamberger-Syndrom,Pachydermoperiostose\Becken/Obersch.";"M894"
9118;")SonstigehypertrophischeOsteoarthropathie,Marie-Bamberger-Syndrom,Pachydermoperiostose\Knie/Untersch.";"M894"
9119;")SonstigehypertrophischeOsteoarthropathie,Marie-Bamberger-Syndrom,Pachydermoperiostose\Knöchel/Fuß";"M894"
9120;")SonstigehypertrophischeOsteoarthropathie,Marie-Bamberger-Syndrom,Pachydermoperiostose\sonstigeLok.";"M894"
9121;")SonstigehypertrophischeOsteoarthropathie,Marie-Bamberger-Syndrom,Pachydermoperiostose\NNBLok.";"M894"
9122;"Osteolyse";"M895"
9123;")Osteolyse\MehrereLok.";"M895"
9124;")Osteolyse\Schulter";"M895"
9125;")Osteolyse\Oberarm";"M895"
9126;")Osteolyse\Unterarm";"M895"
9127;")Osteolyse\Hand";"M895"
9128;")Osteolyse\Becken/Obersch.";"M895"
9129;")Osteolyse\Knie/Untersch.";"M895"
9130;")Osteolyse\Knöchel/Fuß";"M895"
9131;")Osteolyse\sonstigeLok.";"M895"
9132;")Osteolyse\NNBLok.";"M895"
9133;"OsteopathienachPoliomyelitis";"M896"
9134;")OsteopathienachPoliomyelitis\MehrereLok.";"M896"
9137;")OsteopathienachPoliomyelitis\Unterarm";"M896"
9138;")OsteopathienachPoliomyelitis\Hand";"M896"
9139;")OsteopathienachPoliomyelitis\Becken/Obersch.";"M896"
9140;")OsteopathienachPoliomyelitis\Knie/Untersch.";"M896"
9141;")OsteopathienachPoliomyelitis\Knöchel/Fuß";"M896"
9142;")OsteopathienachPoliomyelitis\sonstigeLok.";"M896"
9143;")OsteopathienachPoliomyelitis\NNBLok.";"M896"
9144;"SonstigenäherbezeichneteKnochenkrankheiten,InfantilekortikaleHyperostose,PosttraumatischesubperiostaleOssifikation";"M898"
9145;")SonstigenäherbezeichneteKnochenkrankheiten,InfantilekortikaleHyperostose,PosttraumatischesubperiostaleOssifikation\MehrereLok.";"M898"
9146;")SonstigenäherbezeichneteKnochenkrankheiten,InfantilekortikaleHyperostose,PosttraumatischesubperiostaleOssifikation\Schulter";"M898"
9147;")SonstigenäherbezeichneteKnochenkrankheiten,InfantilekortikaleHyperostose,PosttraumatischesubperiostaleOssifikation\Oberarm";"M898"
9148;")SonstigenäherbezeichneteKnochenkrankheiten,InfantilekortikaleHyperostose,PosttraumatischesubperiostaleOssifikation\Unterarm";"M898"
9149;")SonstigenäherbezeichneteKnochenkrankheiten,InfantilekortikaleHyperostose,PosttraumatischesubperiostaleOssifikation\Hand";"M898"
9150;")SonstigenäherbezeichneteKnochenkrankheiten,InfantilekortikaleHyperostose,PosttraumatischesubperiostaleOssifikation\Becken/Obersch.";"M898"
9151;")SonstigenäherbezeichneteKnochenkrankheiten,InfantilekortikaleHyperostose,PosttraumatischesubperiostaleOssifikation\Knie/Untersch.";"M898"
9152;")SonstigenäherbezeichneteKnochenkrankheiten,InfantilekortikaleHyperostose,PosttraumatischesubperiostaleOssifikation\Knöchel/Fuß";"M898"
9153;")SonstigenäherbezeichneteKnochenkrankheiten,InfantilekortikaleHyperostose,PosttraumatischesubperiostaleOssifikation\sonstigeLok.";"M898"
9154;")SonstigenäherbezeichneteKnochenkrankheiten,InfantilekortikaleHyperostose,PosttraumatischesubperiostaleOssifikation\NNBLok.";"M898"
9155;"Knochenkrankheit,nichtnäherbezeichnet";"M899"
9156;")Knochenkrankheit,nichtnäherbezeichnet\MehrereLok.";"M899"
9157;")Knochenkrankheit,nichtnäherbezeichnet\Schulter";"M899"
9158;")Knochenkrankheit,nichtnäherbezeichnet\Oberarm";"M899"
9159;")Knochenkrankheit,nichtnäherbezeichnet\Unterarm";"M899"
9160;")Knochenkrankheit,nichtnäherbezeichnet\Hand";"M899"
9161;")Knochenkrankheit,nichtnäherbezeichnet\Becken/Obersch.";"M899"
9162;")Knochenkrankheit,nichtnäherbezeichnet\Knie/Untersch.";"M899"
9163;")Knochenkrankheit,nichtnäherbezeichnet\Knöchel/Fuß";"M899"
9164;")Knochenkrankheit,nichtnäherbezeichnet\sonstigeLok.";"M899"
9165;")Knochenkrankheit,nichtnäherbezeichnet\NNBLok.";"M899"
9167;"Knochentuberkulose(A18.0+)";"M900"
9168;")Knochentuberkulose(A18.0+)\MehrereLok.";"M900"
9169;")Knochentuberkulose(A18.0+)\Schulter";"M900"
9173;")Knochentuberkulose(A18.0+)\Becken/Obersch.";"M900"
9174;")Knochentuberkulose(A18.0+)\Knie/Untersch.";"M900"
9175;")Knochentuberkulose(A18.0+)\Knöchel/Fuß";"M900"
9176;")Knochentuberkulose(A18.0+)\sonstigeLok.";"M900"
9177;")Knochentuberkulose(A18.0+)\NNBLok.";"M900"
9184;")PeriostitisbeisonstigenanderenortsklassifiziertenInfektionskrankheiten,SekundäresyphilitischePeriostitis(A51.4+)\Becken/Obersch.";"M901"
9186;")PeriostitisbeisonstigenanderenortsklassifiziertenInfektionskrankheiten,SekundäresyphilitischePeriostitis(A51.4+)\Knöchel/Fuß";"M901"
9194;")OsteopathiebeisonstigenanderenortsklassifiziertenInfektionskrankheiten\Hand";"M902"
9222;"KnochennekrosebeisonstigenanderenortsklassifiziertenKrankheiten";"M905"
9223;")KnochennekrosebeisonstigenanderenortsklassifiziertenKrankheiten\MehrereLok.";"M905"
9224;")KnochennekrosebeisonstigenanderenortsklassifiziertenKrankheiten\Schulter";"M905"
9226;")KnochennekrosebeisonstigenanderenortsklassifiziertenKrankheiten\Unterarm";"M905"
9227;")KnochennekrosebeisonstigenanderenortsklassifiziertenKrankheiten\Hand";"M905"
9228;")KnochennekrosebeisonstigenanderenortsklassifiziertenKrankheiten\Becken/Obersch.";"M905"
9229;")KnochennekrosebeisonstigenanderenortsklassifiziertenKrankheiten\Knie/Untersch.";"M905"
9230;")KnochennekrosebeisonstigenanderenortsklassifiziertenKrankheiten\Knöchel/Fuß";"M905"
9231;")KnochennekrosebeisonstigenanderenortsklassifiziertenKrankheiten\sonstigeLok.";"M905"
9232;")KnochennekrosebeisonstigenanderenortsklassifiziertenKrankheiten\NNBLok.";"M905"
9236;")OsteodystrophiadeformansbeiNeubildungen(C00-D48+),OsteodystrophiadeformansbeibösartigerNeubildungdesKnochens(C40-C41+)\Oberarm";"M906"
9237;")OsteodystrophiadeformansbeiNeubildungen(C00-D48+),OsteodystrophiadeformansbeibösartigerNeubildungdesKnochens(C40-C41+)\Unterarm";"M906"
9238;")OsteodystrophiadeformansbeiNeubildungen(C00-D48+),OsteodystrophiadeformansbeibösartigerNeubildungdesKnochens(C40-C41+)\Hand";"M906"
9242;")OsteodystrophiadeformansbeiNeubildungen(C00-D48+),OsteodystrophiadeformansbeibösartigerNeubildungdesKnochens(C40-C41+)\sonstigeLok.";"M906"
9243;")OsteodystrophiadeformansbeiNeubildungen(C00-D48+),OsteodystrophiadeformansbeibösartigerNeubildungdesKnochens(C40-C41+)\NNBLok.";"M906"
9244;"KnochenfrakturbeiNeubildungen(C00-D48+)";"M907"
9245;")KnochenfrakturbeiNeubildungen(C00-D48+)\MehrereLok.";"M907"
9246;")KnochenfrakturbeiNeubildungen(C00-D48+)\Schulter";"M907"
9247;")KnochenfrakturbeiNeubildungen(C00-D48+)\Oberarm";"M907"
9248;")KnochenfrakturbeiNeubildungen(C00-D48+)\Unterarm";"M907"
9249;")KnochenfrakturbeiNeubildungen(C00-D48+)\Hand";"M907"
9250;")KnochenfrakturbeiNeubildungen(C00-D48+)\Becken/Obersch.";"M907"
9251;")KnochenfrakturbeiNeubildungen(C00-D48+)\Knie/Untersch.";"M907"
9253;")KnochenfrakturbeiNeubildungen(C00-D48+)\sonstigeLok.";"M907"
9254;")KnochenfrakturbeiNeubildungen(C00-D48+)\NNBLok.";"M907"
9255;"OsteopathiebeisonstigenanderenortsklassifiziertenKrankheiten,OsteopathiebeirenalerOsteodystrophie(N25.0+)";"M908"
9256;")OsteopathiebeisonstigenanderenortsklassifiziertenKrankheiten,OsteopathiebeirenalerOsteodystrophie(N25.0+)\MehrereLok.";"M908"
9263;")OsteopathiebeisonstigenanderenortsklassifiziertenKrankheiten,OsteopathiebeirenalerOsteodystrophie(N25.0+)\Knöchel/Fuß";"M908"
9265;")OsteopathiebeisonstigenanderenortsklassifiziertenKrankheiten,OsteopathiebeirenalerOsteodystrophie(N25.0+)\NNBLok.";"M908"
9267;"JuvenileOsteochondrosedesBeckens,Osteochondrose(juvenile):Acetabulum,Darmbeinkamm[Buchmann-Krankheit],Symphyse[Pierson-Krankheit],Synchondrosisischiopubica[van-Neck-Krankheit]";"M910"
9268;"JuvenileOsteochondrosedesFemurkopfes[Perthes-Legg-Calvé-Krankheit]";"M911"
9269;"Coxaplana,HüftdeformitätdurchvorangegangenejuvenileOsteochondrose";"M912"
9270;"Pseudokoxalgie";"M913"
9271;"SonstigejuvenileOsteochondrosederHüfteunddesBeckens,JuvenileOsteochondrosenachKorrektureinerangeborenenHüftluxation";"M918"
9272;"JuvenileOsteochondrosederHüfteunddesBeckens,nichtnäherbezeichnet";"M919"
9274;"JuvenileOsteochondrosedesHumerus,Osteochondrose(juvenile):Capitulumhumeri[Panner-Krankheit],Caputhumeri[Hass-Krankheit]";"M920"
9275;"JuvenileOsteochondrosedesRadiusundderUlna,Osteochondrose(juvenile):Caputradii[Hegemann-Krankheit],distaleUlnaepiphyse[Burns-Krankheit]";"M921"
9276;"JuvenileOsteochondrosederHand,Osteochondrose(juvenile):Metakarpalköpfchen[Mauclaire-Krankheit],OslunatumderHandwurzel[Kienböck-Krankheit]";"M922"
9277;"SonstigejuvenileOsteochondrosederoberenExtremität";"M923"
9278;")SonstigejuvenileOsteochondrosederoberenExtremität\MehrereLok.";"M923"
9279;")SonstigejuvenileOsteochondrosederoberenExtremität\Schulter";"M923"
9280;")SonstigejuvenileOsteochondrosederoberenExtremität\Oberarm";"M923"
9281;")SonstigejuvenileOsteochondrosederoberenExtremität\Unterarm";"M923"
9282;")SonstigejuvenileOsteochondrosederoberenExtremität\Hand";"M923"
9283;")SonstigejuvenileOsteochondrosederoberenExtremität\sonstigeLok.";"M923"
9285;"JuvenileOsteochondrosederPatella,Osteochondrose(juvenile):primäresOssifikationszentrum[Köhler-Krankheit],SekundäresOssifikationszentrum[Larsen-Johansson-Krankheit]";"M924"
9286;"JuvenileOsteochondrosederTibiaundderFibula";"M925"
9287;"JuvenileOsteochondrosedesTarsus,Osteochondrose(juvenile):Kalkaneus[Sever-Krankheit],Osnaviculare[Köhler-(I-)Krankheit],Ostibialeexternum[Haglund-Krankheit],Talus[Diaz-Krankheit]";"M926"
9288;"JuvenileOsteochondrosedesMetatarsus,Osteochondrose(juvenile):KöpfchendesOsmetatarsaleII[Freiberg-Köhler-(II-)Krankheit],KöpfchendesOsmetatarsaleV[Iselin-Krankheit]";"M927"
9289;"SonstigenäherbezeichnetejuvenileOsteochondrose,Apophysitiscalcanei";"M928"
9290;")SonstigenäherbezeichnetejuvenileOsteochondrose,Apophysitiscalcanei\MehrereLok.";"M928"
9291;")SonstigenäherbezeichnetejuvenileOsteochondrose,Apophysitiscalcanei\Schulter";"M928"
9292;")SonstigenäherbezeichnetejuvenileOsteochondrose,Apophysitiscalcanei\Oberarm";"M928"
9293;")SonstigenäherbezeichnetejuvenileOsteochondrose,Apophysitiscalcanei\Unterarm";"M928"
9294;")SonstigenäherbezeichnetejuvenileOsteochondrose,Apophysitiscalcanei\Hand";"M928"
9295;")SonstigenäherbezeichnetejuvenileOsteochondrose,Apophysitiscalcanei\Becken/Obersch.";"M928"
9296;")SonstigenäherbezeichnetejuvenileOsteochondrose,Apophysitiscalcanei\Knie/Untersch.";"M928"
9297;")SonstigenäherbezeichnetejuvenileOsteochondrose,Apophysitiscalcanei\Knöchel/Fuß";"M928"
9298;")SonstigenäherbezeichnetejuvenileOsteochondrose,Apophysitiscalcanei\sonstigeLok.";"M928"
9299;")SonstigenäherbezeichnetejuvenileOsteochondrose,Apophysitiscalcanei\NNBLok.";"M928"
9300;"JuvenileOsteochondrose,nichtnäherbezeichnet,Apophysitis,Epiphysitis,Osteochondritis,Osteochondrose,alsjuvenilbezeichnet,Lokalisationnichtnäherbezeichnet";"M929"
9302;"Epiphyseolysiscapitisfemoris(nichttraumatisch)";"M930"
9303;"Kienböck-KrankheitbeiErwachsenen,ErwachsenenosteochondrosedesOslunatumderHand";"M931"
9304;"Osteochondrosisdissecans";"M932"
9305;")Osteochondrosisdissecans\MehrereLok.";"M932"
9306;")Osteochondrosisdissecans\Schulter";"M932"
9307;")Osteochondrosisdissecans\Oberarm";"M932"
9308;")Osteochondrosisdissecans\Unterarm";"M932"
9309;")Osteochondrosisdissecans\Hand";"M932"
9310;")Osteochondrosisdissecans\Becken/Obersch.";"M932"
9311;")Osteochondrosisdissecans\Knie/Untersch.";"M932"
9312;")Osteochondrosisdissecans\Knöchel/Fuß";"M932"
9313;")Osteochondrosisdissecans\sonstigeLok.";"M932"
9314;")Osteochondrosisdissecans\NNBLok.";"M932"
9315;"SonstigenäherbezeichneteOsteochondropathien";"M938"
9316;")SonstigenäherbezeichneteOsteochondropathien\MehrereLok.";"M938"
9317;")SonstigenäherbezeichneteOsteochondropathien\Schulter";"M938"
9318;")SonstigenäherbezeichneteOsteochondropathien\Oberarm";"M938"
9319;")SonstigenäherbezeichneteOsteochondropathien\Unterarm";"M938"
9320;")SonstigenäherbezeichneteOsteochondropathien\Hand";"M938"
9321;")SonstigenäherbezeichneteOsteochondropathien\Becken/Obersch.";"M938"
9322;")SonstigenäherbezeichneteOsteochondropathien\Knie/Untersch.";"M938"
9323;")SonstigenäherbezeichneteOsteochondropathien\Knöchel/Fuß";"M938"
9324;")SonstigenäherbezeichneteOsteochondropathien\sonstigeLok.";"M938"
9325;")SonstigenäherbezeichneteOsteochondropathien\NNBLok.";"M938"
9326;"Osteochondropathie,nichtnäherbezeichnet";"M939"
9327;")Osteochondropathie,nichtnäherbezeichnet\MehrereLok.";"M939"
9328;")Osteochondropathie,nichtnäherbezeichnet\Schulter";"M939"
9329;")Osteochondropathie,nichtnäherbezeichnet\Oberarm";"M939"
9330;")Osteochondropathie,nichtnäherbezeichnet\Unterarm";"M939"
9331;")Osteochondropathie,nichtnäherbezeichnet\Hand";"M939"
9332;")Osteochondropathie,nichtnäherbezeichnet\Becken/Obersch.";"M939"
9333;")Osteochondropathie,nichtnäherbezeichnet\Knie/Untersch.";"M939"
9334;")Osteochondropathie,nichtnäherbezeichnet\Knöchel/Fuß";"M939"
9335;")Osteochondropathie,nichtnäherbezeichnet\sonstigeLok.";"M939"
9336;")Osteochondropathie,nichtnäherbezeichnet\NNBLok.";"M939"
9338;"Tietze-Syndrom";"M940"
9339;"Panchondritis[RezidivierendePolychondritis]";"M941"
9340;")Panchondritis[RezidivierendePolychondritis]\MehrereLok.";"M941"
9341;")Panchondritis[RezidivierendePolychondritis]\Schulter";"M941"
9345;")Panchondritis[RezidivierendePolychondritis]\Becken/Obersch.";"M941"
9346;")Panchondritis[RezidivierendePolychondritis]\Knie/Untersch.";"M941"
9347;")Panchondritis[RezidivierendePolychondritis]\Knöchel/Fuß";"M941"
9348;")Panchondritis[RezidivierendePolychondritis]\sonstigeLok.";"M941"
9349;")Panchondritis[RezidivierendePolychondritis]\NNBLok.";"M941"
9350;"Chondromalazie";"M942"
9351;")Chondromalazie\MehrereLok.";"M942"
9352;")Chondromalazie\Schulter";"M942"
9353;")Chondromalazie\Oberarm";"M942"
9354;")Chondromalazie\Unterarm";"M942"
9355;")Chondromalazie\Hand";"M942"
9356;")Chondromalazie\Becken/Obersch.";"M942"
9357;")Chondromalazie\Knie/Untersch.";"M942"
9358;")Chondromalazie\Knöchel/Fuß";"M942"
9359;")Chondromalazie\sonstigeLok.";"M942"
9360;")Chondromalazie\NNBLok.";"M942"
9361;"Chondrolyse";"M943"
9362;")Chondrolyse\MehrereLok.";"M943"
9363;")Chondrolyse\Schulter";"M943"
9366;")Chondrolyse\Hand";"M943"
9367;")Chondrolyse\Becken/Obersch.";"M943"
9368;")Chondrolyse\Knie/Untersch.";"M943"
9369;")Chondrolyse\Knöchel/Fuß";"M943"
9370;")Chondrolyse\sonstigeLok.";"M943"
9371;")Chondrolyse\NNBLok.";"M943"
9372;"SonstigenäherbezeichneteKnorpelkrankheiten";"M948"
9373;")SonstigenäherbezeichneteKnorpelkrankheiten\MehrereLok.";"M948"
9374;")SonstigenäherbezeichneteKnorpelkrankheiten\Schulter";"M948"
9375;")SonstigenäherbezeichneteKnorpelkrankheiten\Oberarm";"M948"
9376;")SonstigenäherbezeichneteKnorpelkrankheiten\Unterarm";"M948"
9377;")SonstigenäherbezeichneteKnorpelkrankheiten\Hand";"M948"
9378;")SonstigenäherbezeichneteKnorpelkrankheiten\Becken/Obersch.";"M948"
9379;")SonstigenäherbezeichneteKnorpelkrankheiten\Knie/Untersch.";"M948"
9380;")SonstigenäherbezeichneteKnorpelkrankheiten\Knöchel/Fuß";"M948"
9381;")SonstigenäherbezeichneteKnorpelkrankheiten\sonstigeLok.";"M948"
9382;")SonstigenäherbezeichneteKnorpelkrankheiten\NNBLok.";"M948"
9383;"Knorpelkrankheit,nichtnäherbezeichnet";"M949"
9384;")Knorpelkrankheit,nichtnäherbezeichnet\MehrereLok.";"M949"
9385;")Knorpelkrankheit,nichtnäherbezeichnet\Schulter";"M949"
9386;")Knorpelkrankheit,nichtnäherbezeichnet\Oberarm";"M949"
9387;")Knorpelkrankheit,nichtnäherbezeichnet\Unterarm";"M949"
9388;")Knorpelkrankheit,nichtnäherbezeichnet\Hand";"M949"
9389;")Knorpelkrankheit,nichtnäherbezeichnet\Becken/Obersch.";"M949"
9390;")Knorpelkrankheit,nichtnäherbezeichnet\Knie/Untersch.";"M949"
9391;")Knorpelkrankheit,nichtnäherbezeichnet\Knöchel/Fuß";"M949"
9392;")Knorpelkrankheit,nichtnäherbezeichnet\sonstigeLok.";"M949"
9393;")Knorpelkrankheit,nichtnäherbezeichnet\NNBLok.";"M949"
9395;"ErworbeneDeformitätderNase";"M950"
9396;"Blumenkohlohr";"M951"
9397;"SonstigeerworbeneDeformitätdesKopfes";"M952"
9398;"ErworbeneDeformitätdesHalses";"M953"
9400;"ErworbeneDeformitätdesBrustkorbesundderRippen";"M954"
9401;"ErworbeneDeformitätdesBeckens";"M955"
9402;"SonstigenäherbezeichneteerworbeneDeformitätendesMuskel-Skelett-Systems";"M958"
9403;")SonstigenäherbezeichneteerworbeneDeformitätendesMuskel-Skelett-Systems\MehrereLok.";"M958"
9404;")SonstigenäherbezeichneteerworbeneDeformitätendesMuskel-Skelett-Systems\Schulter";"M958"
9405;")SonstigenäherbezeichneteerworbeneDeformitätendesMuskel-Skelett-Systems\Oberarm";"M958"
9406;")SonstigenäherbezeichneteerworbeneDeformitätendesMuskel-Skelett-Systems\Unterarm";"M958"
9407;")SonstigenäherbezeichneteerworbeneDeformitätendesMuskel-Skelett-Systems\Hand";"M958"
9408;")SonstigenäherbezeichneteerworbeneDeformitätendesMuskel-Skelett-Systems\Becken/Obersch.";"M958"
9409;")SonstigenäherbezeichneteerworbeneDeformitätendesMuskel-Skelett-Systems\Knie/Untersch.";"M958"
9410;")SonstigenäherbezeichneteerworbeneDeformitätendesMuskel-Skelett-Systems\Knöchel/Fuß";"M958"
9412;")SonstigenäherbezeichneteerworbeneDeformitätendesMuskel-Skelett-Systems\NNBLok.";"M958"
9413;"ErworbeneDeformitätdesMuskel-Skelett-Systems,nichtnäherbezeichnet";"M959"
9414;")ErworbeneDeformitätdesMuskel-Skelett-Systems,nichtnäherbezeichnet\MehrereLok.";"M959"
9415;")ErworbeneDeformitätdesMuskel-Skelett-Systems,nichtnäherbezeichnet\Schulter";"M959"
9416;")ErworbeneDeformitätdesMuskel-Skelett-Systems,nichtnäherbezeichnet\Oberarm";"M959"
9417;")ErworbeneDeformitätdesMuskel-Skelett-Systems,nichtnäherbezeichnet\Unterarm";"M959"
9418;")ErworbeneDeformitätdesMuskel-Skelett-Systems,nichtnäherbezeichnet\Hand";"M959"
9419;")ErworbeneDeformitätdesMuskel-Skelett-Systems,nichtnäherbezeichnet\Becken/Obersch.";"M959"
9420;")ErworbeneDeformitätdesMuskel-Skelett-Systems,nichtnäherbezeichnet\Knie/Untersch.";"M959"
9421;")ErworbeneDeformitätdesMuskel-Skelett-Systems,nichtnäherbezeichnet\Knöchel/Fuß";"M959"
9422;")ErworbeneDeformitätdesMuskel-Skelett-Systems,nichtnäherbezeichnet\sonstigeLok.";"M959"
9423;")ErworbeneDeformitätdesMuskel-Skelett-Systems,nichtnäherbezeichnet\NNBLok.";"M959"
9425;"PseudarthrosenachFusionoderArthrodese";"M960"
9426;")PseudarthrosenachFusionoderArthrodese\MehrereLok.";"M960"
9427;")PseudarthrosenachFusionoderArthrodese\Schulter";"M960"
9428;")PseudarthrosenachFusionoderArthrodese\Oberarm";"M960"
9429;")PseudarthrosenachFusionoderArthrodese\Unterarm";"M960"
9430;")PseudarthrosenachFusionoderArthrodese\Hand";"M960"
9431;")PseudarthrosenachFusionoderArthrodese\Becken/Obersch.";"M960"
9432;")PseudarthrosenachFusionoderArthrodese\Knie/Untersch.";"M960"
9433;")PseudarthrosenachFusionoderArthrodese\Knöchel/Fuß";"M960"
9434;")PseudarthrosenachFusionoderArthrodese\sonstigeLok.";"M960"
9435;")PseudarthrosenachFusionoderArthrodese\NNBLok.";"M960"
9436;"Postlaminektomie-Syndrom,anderenortsnichtklassifiziert";"M961"
9437;"KyphosenachBestrahlung";"M962"
9438;"KyphosenachLaminektomie";"M963"
9439;"PostoperativeLordose";"M964"
9440;"SkoliosenachBestrahlung";"M965"
9441;"KnochenfrakturnachEinsetzeneinesorthopädischenImplantates,einerGelenkprotheseodereinerKnochenplatte";"M966"
9442;")KnochenfrakturnachEinsetzeneinesorthopädischenImplantates,einerGelenkprotheseodereinerKnochenplatte\MehrereLok.";"M966"
9443;")KnochenfrakturnachEinsetzeneinesorthopädischenImplantates,einerGelenkprotheseodereinerKnochenplatte\Schulter";"M966"
9444;")KnochenfrakturnachEinsetzeneinesorthopädischenImplantates,einerGelenkprotheseodereinerKnochenplatte\Oberarm";"M966"
9445;")KnochenfrakturnachEinsetzeneinesorthopädischenImplantates,einerGelenkprotheseodereinerKnochenplatte\Unterarm";"M966"
9446;")KnochenfrakturnachEinsetzeneinesorthopädischenImplantates,einerGelenkprotheseodereinerKnochenplatte\Hand";"M966"
9447;")KnochenfrakturnachEinsetzeneinesorthopädischenImplantates,einerGelenkprotheseodereinerKnochenplatte\Becken/Obersch.";"M966"
9448;")KnochenfrakturnachEinsetzeneinesorthopädischenImplantates,einerGelenkprotheseodereinerKnochenplatte\Knie/Untersch.";"M966"
9449;")KnochenfrakturnachEinsetzeneinesorthopädischenImplantates,einerGelenkprotheseodereinerKnochenplatte\Knöchel/Fuß";"M966"
9450;")KnochenfrakturnachEinsetzeneinesorthopädischenImplantates,einerGelenkprotheseodereinerKnochenplatte\sonstigeLok.";"M966"
9451;")KnochenfrakturnachEinsetzeneinesorthopädischenImplantates,einerGelenkprotheseodereinerKnochenplatte\NNBLok.";"M966"
9452;"SonstigeKrankheitendesMuskel-Skelett-SystemnachmedizinischenMaßnahmen,InstabilitäteinesGelenkesnachEntferneneinerGelenkprothese";"M968"
9453;")SonstigeKrankheitendesMuskel-Skelett-SystemnachmedizinischenMaßnahmen,InstabilitäteinesGelenkesnachEntferneneinerGelenkprothese\MehrereLok.";"M968"
9454;")SonstigeKrankheitendesMuskel-Skelett-SystemnachmedizinischenMaßnahmen,InstabilitäteinesGelenkesnachEntferneneinerGelenkprothese\Schulter";"M968"
9455;")SonstigeKrankheitendesMuskel-Skelett-SystemnachmedizinischenMaßnahmen,InstabilitäteinesGelenkesnachEntferneneinerGelenkprothese\Oberarm";"M968"
9456;")SonstigeKrankheitendesMuskel-Skelett-SystemnachmedizinischenMaßnahmen,InstabilitäteinesGelenkesnachEntferneneinerGelenkprothese\Unterarm";"M968"
9457;")SonstigeKrankheitendesMuskel-Skelett-SystemnachmedizinischenMaßnahmen,InstabilitäteinesGelenkesnachEntferneneinerGelenkprothese\Hand";"M968"
9458;")SonstigeKrankheitendesMuskel-Skelett-SystemnachmedizinischenMaßnahmen,InstabilitäteinesGelenkesnachEntferneneinerGelenkprothese\Becken/Obersch.";"M968"
9459;")SonstigeKrankheitendesMuskel-Skelett-SystemnachmedizinischenMaßnahmen,InstabilitäteinesGelenkesnachEntferneneinerGelenkprothese\Knie/Untersch.";"M968"
9460;")SonstigeKrankheitendesMuskel-Skelett-SystemnachmedizinischenMaßnahmen,InstabilitäteinesGelenkesnachEntferneneinerGelenkprothese\Knöchel/Fuß";"M968"
9461;")SonstigeKrankheitendesMuskel-Skelett-SystemnachmedizinischenMaßnahmen,InstabilitäteinesGelenkesnachEntferneneinerGelenkprothese\sonstigeLok.";"M968"
9462;")SonstigeKrankheitendesMuskel-Skelett-SystemnachmedizinischenMaßnahmen,InstabilitäteinesGelenkesnachEntferneneinerGelenkprothese\NNBLok.";"M968"
9463;"KrankheitdesMuskel-Skelett-SystemsnachmedizinischenMaßnahmen,nichtnäherbezeichnet";"M969"
9464;")KrankheitdesMuskel-Skelett-SystemsnachmedizinischenMaßnahmen,nichtnäherbezeichnet\MehrereLok.";"M969"
9465;")KrankheitdesMuskel-Skelett-SystemsnachmedizinischenMaßnahmen,nichtnäherbezeichnet\Schulter";"M969"
9466;")KrankheitdesMuskel-Skelett-SystemsnachmedizinischenMaßnahmen,nichtnäherbezeichnet\Oberarm";"M969"
9467;")KrankheitdesMuskel-Skelett-SystemsnachmedizinischenMaßnahmen,nichtnäherbezeichnet\Unterarm";"M969"
9468;")KrankheitdesMuskel-Skelett-SystemsnachmedizinischenMaßnahmen,nichtnäherbezeichnet\Hand";"M969"
9469;")KrankheitdesMuskel-Skelett-SystemsnachmedizinischenMaßnahmen,nichtnäherbezeichnet\Becken/Obersch.";"M969"
9470;")KrankheitdesMuskel-Skelett-SystemsnachmedizinischenMaßnahmen,nichtnäherbezeichnet\Knie/Untersch.";"M969"
9471;")KrankheitdesMuskel-Skelett-SystemsnachmedizinischenMaßnahmen,nichtnäherbezeichnet\Knöchel/Fuß";"M969"
9472;")KrankheitdesMuskel-Skelett-SystemsnachmedizinischenMaßnahmen,nichtnäherbezeichnet\sonstigeLok.";"M969"
9473;")KrankheitdesMuskel-Skelett-SystemsnachmedizinischenMaßnahmen,nichtnäherbezeichnet\NNBLok.";"M969"
9475;"SegmentaleundsomatischeFunktionsstörungen";"M990"
9476;")SegmentaleundsomatischeFunktionsstörungen\Kopf";"M990"
9477;")SegmentaleundsomatischeFunktionsstörungen\Hals";"M990"
9478;")SegmentaleundsomatischeFunktionsstörungen\Thorakal";"M990"
9479;")SegmentaleundsomatischeFunktionsstörungen\Lumbal";"M990"
9480;")SegmentaleundsomatischeFunktionsstörungen\Sakral";"M990"
9481;")SegmentaleundsomatischeFunktionsstörungen\Becken";"M990"
9482;")SegmentaleundsomatischeFunktionsstörungen\Unt.Extr.";"M990"
9483;")SegmentaleundsomatischeFunktionsstörungen\Ob.Extr.";"M990"
9484;")SegmentaleundsomatischeFunktionsstörungen\Brustkorb";"M990"
9485;")SegmentaleundsomatischeFunktionsstörungen\Abdomen/sonst.";"M990"
9486;"Subluxation(derWirbelsäule)";"M991"
9487;")Subluxation(derWirbelsäule)\Hals";"M991"
9488;")Subluxation(derWirbelsäule)\Thorakal";"M991"
9489;")Subluxation(derWirbelsäule)\Lumbal";"M991"
9490;")Subluxation(derWirbelsäule)\Sakral";"M991"
9491;"SubluxationsstenosedesSpinalkanals";"M992"
9492;")SubluxationsstenosedesSpinalkanals\Hals";"M992"
9493;")SubluxationsstenosedesSpinalkanals\Thorakal";"M992"
9494;")SubluxationsstenosedesSpinalkanals\Lumbal";"M992"
9495;"KnöcherneStenosedesSpinalkanals";"M993"
9496;")KnöcherneStenosedesSpinalkanals\Hals";"M993"
9497;")KnöcherneStenosedesSpinalkanals\Thorakal";"M993"
9498;")KnöcherneStenosedesSpinalkanals\Lumbal";"M993"
9499;"BindegewebigeStenosedesSpinalkanals";"M994"
9500;")BindegewebigeStenosedesSpinalkanals\Hals";"M994"
9501;")BindegewebigeStenosedesSpinalkanals\Thorakal";"M994"
9502;")BindegewebigeStenosedesSpinalkanals\Lumbal";"M994"
9503;"StenosedesSpinalkanalsdurchBandscheiben";"M995"
9504;")StenosedesSpinalkanalsdurchBandscheiben\Hals";"M995"
9505;")StenosedesSpinalkanalsdurchBandscheiben\Thorakal";"M995"
9506;")StenosedesSpinalkanalsdurchBandscheiben\Lumbal";"M995"
9507;"StenosederForaminaintervertebralia,knöchernoderdurchSubluxation";"M996"
9508;")StenosederForaminaintervertebralia,knöchernoderdurchSubluxation\Hals";"M996"
9509;")StenosederForaminaintervertebralia,knöchernoderdurchSubluxation\Thorakal";"M996"
9510;")StenosederForaminaintervertebralia,knöchernoderdurchSubluxation\Lumbal";"M996"
9511;"StenosederForaminaintervertebralia,bindegewebigoderdurchBandscheiben";"M997"
9512;")StenosederForaminaintervertebralia,bindegewebigoderdurchBandscheiben\Hals";"M997"
9513;")StenosederForaminaintervertebralia,bindegewebigoderdurchBandscheiben\Thorakal";"M997"
9514;")StenosederForaminaintervertebralia,bindegewebigoderdurchBandscheiben\Lumbal";"M997"
9515;"SonstigebiomechanischeFunktionsstörungen";"M998"
9516;")SonstigebiomechanischeFunktionsstörungen\Kopf";"M998"
9517;")SonstigebiomechanischeFunktionsstörungen\Hals";"M998"
9518;")SonstigebiomechanischeFunktionsstörungen\Thorakal";"M998"
9519;")SonstigebiomechanischeFunktionsstörungen\Lumbal";"M998"
9520;")SonstigebiomechanischeFunktionsstörungen\Sakral";"M998"
9521;")SonstigebiomechanischeFunktionsstörungen\Becken";"M998"
9522;")SonstigebiomechanischeFunktionsstörungen\Unt.Extr.";"M998"
9523;")SonstigebiomechanischeFunktionsstörungen\Ob.Extr.";"M998"
9524;")SonstigebiomechanischeFunktionsstörungen\Brustkorb";"M998"
9525;")SonstigebiomechanischeFunktionsstörungen\Abdomen/sonst.";"M998"
9526;"BiomechanischeFunktionsstörung,nichtnäherbezeichnet";"M999"
9527;")BiomechanischeFunktionsstörung,nichtnäherbezeichnet\Kopf";"M999"
9528;")BiomechanischeFunktionsstörung,nichtnäherbezeichnet\Hals";"M999"
9529;")BiomechanischeFunktionsstörung,nichtnäherbezeichnet\Thorakal";"M999"
9530;")BiomechanischeFunktionsstörung,nichtnäherbezeichnet\Lumbal";"M999"
9531;")BiomechanischeFunktionsstörung,nichtnäherbezeichnet\Sakral";"M999"
9532;")BiomechanischeFunktionsstörung,nichtnäherbezeichnet\Becken";"M999"
9533;")BiomechanischeFunktionsstörung,nichtnäherbezeichnet\Unt.Extr.";"M999"
9534;")BiomechanischeFunktionsstörung,nichtnäherbezeichnet\Ob.Extr.";"M999"
9535;")BiomechanischeFunktionsstörung,nichtnäherbezeichnet\Brustkorb";"M999"
9536;")BiomechanischeFunktionsstörung,nichtnäherbezeichnet\Abdomen/sonst.";"M999"
9538;"AkutesnephritischesSyndrom\MinimaleglomeruläreLäsion.Minimalchangesglomerulonephritis";"N000"
9539;"AkutesnephritischesSyndrom\FokaleundsegmentaleglomeruläreLäsionen.Fokalundsegmental:Hyalinose,Sklerose,FokaleGlomerulonephritis";"N001"
9540;"AkutesnephritischesSyndrom\DiffusemembranöseGlomerulonephritis";"N002"
9541;"AkutesnephritischesSyndrom\DiffusemesangioproliferativeGlomerulonephritis";"N003"
9542;"AkutesnephritischesSyndrom\Diffuseendokapillär-proliferativeGlomerulonephritis";"N004"
9543;"AkutesnephritischesSyndrom\DiffusemesangiokapilläreGlomerulonephritis.MembranoproliferativeGlomerulonephritis,TypIundIII,odero.n.A.";"N005"
9544;"AkutesnephritischesSyndrom\Dense-deposit-Krankheit.MembranoproliferativeGlomerulonephritis,TypII";"N006"
9545;"AkutesnephritischesSyndrom\GlomerulonephritismitdiffuserHalbmondbildung.ExtrakapilläreGlomerulonephritis";"N007"
9546;"AkutesnephritischesSyndrom\SonstigemorphologischeVeränderungen.ProliferativeGlomerulonephritiso.n.A.";"N008"
9547;"AkutesnephritischesSyndrom\ArtdermorphologischenVeränderungnichtnäherbezeichnet";"N009"
9549;"Rapid-progressivesnephritischesSyndrom\MinimaleglomeruläreLäsion,Minimalchangesglomerulonephritis";"N010"
9550;"Rapid-progressivesnephritischesSyndrom\FokaleundsegmentaleglomeruläreLäsionen.Fokalundsegmental:Hyalinose,Sklerose,FokaleGlomerulonephritis";"N011"
9551;"Rapid-progressivesnephritischesSyndrom\DiffusemembranöseGlomerulonephritis";"N012"
9552;"Rapid-progressivesnephritischesSyndrom\DiffusemesangioproliferativeGlomerulonephritis";"N013"
9553;"Rapid-progressivesnephritischesSyndrom\Diffuseendokapillär-proliferativeGlomerulonephritis";"N014"
9554;"Rapid-progressivesnephritischesSyndrom\DiffusemesangiokapilläreGlomerulonephritis,MembranoproliferativeGlomerulonephritis,TypIundIII,odero.n.A.";"N015"
9555;"Rapid-progressivesnephritischesSyndrom\Dense-deposit-Krankheit.MembranoproliferativeGlomerulonephritis,TypII";"N016"
9556;"Rapid-progressivesnephritischesSyndrom\GlomerulonephritismitdiffuserHalbmondbildung.ExtrakapilläreGlomerulonephritis";"N017"
9557;"Rapid-progressivesnephritischesSyndrom\SonstigemorphologischeVeränderungen.ProliferativeGlomerulonephritiso.n.A.";"N018"
9558;"Rapid-progressivesnephritischesSyndrom\ArtdermorphologischenVeränderungnichtnäherbezeichnet";"N019"
9560;"RezidivierendeundpersistierendeHämaturie\MinimaleglomeruläreLäsion,Minimalchangesglomerulonephritis";"N020"
9561;"RezidivierendeundpersistierendeHämaturie\FokaleundsegmentaleglomeruläreLäsionen.Fokalundsegmental:Hyalinose,Sklerose,FokaleGlomerulonephritis";"N021"
9562;"RezidivierendeundpersistierendeHämaturie\DiffusemembranöseGlomerulonephritis";"N022"
9563;"RezidivierendeundpersistierendeHämaturie\DiffusemesangioproliferativeGlomerulonephritis";"N023"
9564;"RezidivierendeundpersistierendeHämaturie\Diffuseendokapillär-proliferativeGlomerulonephritis";"N024"
9565;"RezidivierendeundpersistierendeHämaturie\DiffusemesangiokapilläreGlomerulonephritis.MembranoproliferativeGlomerulonephritis,TypIundIII,odero.n.A.";"N025"
9566;"RezidivierendeundpersistierendeHämaturie\Dense-deposit-Krankheit.MembranoproliferativeGlomerulonephritis,TypII";"N026"
9567;"RezidivierendeundpersistierendeHämaturie\GlomerulonephritismitdiffuserHalbmondbildung.ExtrakapilläreGlomerulonephritis";"N027"
9568;"RezidivierendeundpersistierendeHämaturie\SonstigemorphologischeVeränderungen.ProliferativeGlomerulonephritiso.n.A.";"N028"
9569;"RezidivierendeundpersistierendeHämaturie\ArtdermorphologischenVeränderungnichtnäherbezeichnet";"N029"
9571;"ChronischesnephritischesSyndrom\MinimaleglomeruläreLäsion,Minimalchangesglomerulonephritis";"N030"
9572;"ChronischesnephritischesSyndrom\FokaleundsegmentaleglomeruläreLäsionen.Fokalundsegmental:Hyalinose,Sklerose,FokaleGlomerulonephritis";"N031"
9573;"ChronischesnephritischesSyndrom\DiffusemembranöseGlomerulonephritis";"N032"
9574;"ChronischesnephritischesSyndrom\DiffusemesangioproliferativeGlomerulonephritis";"N033"
9575;"ChronischesnephritischesSyndrom\Diffuseendokapillär-proliferativeGlomerulonephritis";"N034"
9576;"ChronischesnephritischesSyndrom\DiffusemesangiokapilläreGlomerulonephritis.MembranoproliferativeGlomerulonephritis,TypIundIII,odero.n.A.";"N035"
9577;"ChronischesnephritischesSyndrom\Dense-deposit-Krankheit.MembranoproliferativeGlomerulonephritis,TypII";"N036"
9578;"ChronischesnephritischesSyndrom\GlomerulonephritismitdiffuserHalbmondbildung.ExtrakapilläreGlomerulonephritis";"N037"
9579;"ChronischesnephritischesSyndrom\SonstigemorphologischeVeränderungen.ProliferativeGlomerulonephritiso.n.A.";"N038"
9580;"ChronischesnephritischesSyndrom\ArtdermorphologischenVeränderungnichtnäherbezeichnet";"N039"
9582;"NephrotischesSyndrom\MinimaleglomeruläreLäsion,Minimalchangesglomerulonephritis";"N040"
9583;"NephrotischesSyndrom\FokaleundsegmentaleglomeruläreLäsionen.Fokalundsegmental:Hyalinose,Sklerose,FokaleGlomerulonephritis";"N041"
9584;"NephrotischesSyndrom\DiffusemembranöseGlomerulonephritis";"N042"
9585;"NephrotischesSyndrom\DiffusemesangioproliferativeGlomerulonephritis";"N043"
9586;"NephrotischesSyndrom\Diffuseendokapillär-proliferativeGlomerulonephritis";"N044"
9587;"NephrotischesSyndrom\DiffusemesangiokapilläreGlomerulonephritis.MembranoproliferativeGlomerulonephritis,TypIundIII,odero.n.A.";"N045"
9588;"NephrotischesSyndrom\Dense-deposit-Krankheit.MembranoproliferativeGlomerulonephritis,TypII";"N046"
9589;"NephrotischesSyndrom\GlomerulonephritismitdiffuserHalbmondbildung.ExtrakapilläreGlomerulonephritis";"N047"
9590;"NephrotischesSyndrom\SonstigemorphologischeVeränderungen.ProliferativeGlomerulonephritiso.n.A.";"N048"
9591;"NephrotischesSyndrom\ArtdermorphologischenVeränderungnichtnäherbezeichnet";"N049"
9593;"NichtnäherbezeichnetesnephritischesSyndrom\MinimaleglomeruläreLäsion,Minimalchangesglomerulonephritis";"N050"
9594;"NichtnäherbezeichnetesnephritischesSyndrom\FokaleundsegmentaleglomeruläreLäsionen.Fokalundsegmental:Hyalinose,Sklerose,FokaleGlomerulonephritis";"N051"
9595;"NichtnäherbezeichnetesnephritischesSyndrom\DiffusemembranöseGlomerulonephritis";"N052"
9596;"NichtnäherbezeichnetesnephritischesSyndrom\DiffusemesangioproliferativeGlomerulonephritis";"N053"
9597;"NichtnäherbezeichnetesnephritischesSyndrom\Diffuseendokapillär-proliferativeGlomerulonephritis";"N054"
9598;"NichtnäherbezeichnetesnephritischesSyndrom\DiffusemesangiokapilläreGlomerulonephritis.MembranoproliferativeGlomerulonephritis,TypIundIII,odero.n.A.";"N055"
9599;"NichtnäherbezeichnetesnephritischesSyndrom\Dense-deposit-Krankheit.MembranoproliferativeGlomerulonephritis,TypII";"N056"
9600;"NichtnäherbezeichnetesnephritischesSyndrom\GlomerulonephritismitdiffuserHalbmondbildung.ExtrakapilläreGlomerulonephritis";"N057"
9601;"NichtnäherbezeichnetesnephritischesSyndrom\SonstigemorphologischeVeränderungen.ProliferativeGlomerulonephritiso.n.A.";"N058"
9602;"NichtnäherbezeichnetesnephritischesSyndrom\ArtdermorphologischenVeränderungnichtnäherbezeichnet";"N059"
9604;"IsolierteProteinuriemitAngabemorphologischerVeränderungen\MinimaleglomeruläreLäsion,Minimalchangesglomerulonephritis";"N060"
9605;"IsolierteProteinuriemitAngabemorphologischerVeränderungen\FokaleundsegmentaleglomeruläreLäsionen.Fokalundsegmental:Hyalinose,Sklerose,FokaleGlomerulonephritis";"N061"
9606;"IsolierteProteinuriemitAngabemorphologischerVeränderungen\DiffusemembranöseGlomerulonephritis";"N062"
9607;"IsolierteProteinuriemitAngabemorphologischerVeränderungen\DiffusemesangioproliferativeGlomerulonephritis";"N063"
9608;"IsolierteProteinuriemitAngabemorphologischerVeränderungen\Diffuseendokapillär-proliferativeGlomerulonephritis";"N064"
9610;"IsolierteProteinuriemitAngabemorphologischerVeränderungen\Dense-deposit-Krankheit.MembranoproliferativeGlomerulonephritis,TypII";"N066"
9611;"IsolierteProteinuriemitAngabemorphologischerVeränderungen\GlomerulonephritismitdiffuserHalbmondbildung.ExtrakapilläreGlomerulonephritis";"N067"
9612;"IsolierteProteinuriemitAngabemorphologischerVeränderungen\SonstigemorphologischeVeränderungen.ProliferativeGlomerulonephritiso.n.A.";"N068"
9613;"IsolierteProteinuriemitAngabemorphologischerVeränderungen\ArtdermorphologischenVeränderungnichtnäherbezeichnet";"N069"
9615;"HereditäreNephropathie,anderenortsnichtklassifiziert\MinimaleglomeruläreLäsion,Minimalchangesglomerulonephritis";"N070"
9616;"HereditäreNephropathie,anderenortsnichtklassifiziert\FokaleundsegmentaleglomeruläreLäsionen.Fokalundsegmental:Hyalinose,Sklerose,FokaleGlomerulonephritis";"N071"
9617;"HereditäreNephropathie,anderenortsnichtklassifiziert\DiffusemembranöseGlomerulonephritis";"N072"
9618;"HereditäreNephropathie,anderenortsnichtklassifiziert\DiffusemesangioproliferativeGlomerulonephritis";"N073"
9619;"HereditäreNephropathie,anderenortsnichtklassifiziert\Diffuseendokapillär-proliferativeGlomerulonephritis";"N074"
9620;"HereditäreNephropathie,anderenortsnichtklassifiziert\DiffusemesangiokapilläreGlomerulonephritis.MembranoproliferativeGlomerulonephritis,TypIundIII,odero.n.A.";"N075"
9621;"HereditäreNephropathie,anderenortsnichtklassifiziert\Dense-deposit-Krankheit.MembranoproliferativeGlomerulonephritis,TypII";"N076"
9622;"HereditäreNephropathie,anderenortsnichtklassifiziert\GlomerulonephritismitdiffuserHalbmondbildung.ExtrakapilläreGlomerulonephritis";"N077"
9623;"HereditäreNephropathie,anderenortsnichtklassifiziert\SonstigemorphologischeVeränderungen,ProliferativeGlomerulonephritiso.n.A.";"N078"
9624;"HereditäreNephropathie,anderenortsnichtklassifiziert\ArtdermorphologischenVeränderungnichtnäherbezeichnet";"N079"
9626;"GlomeruläreKrankheitenbeianderenortsklassifizierteninfektiösenundparasitärenKrankheiten";"N080"
9627;"GlomeruläreKrankheitenbeiNeubildungen";"N081"
9628;"GlomeruläreKrankheitenbeiBlutkrankheitenundStörungenmitBeteiligungdesImmunsystems";"N082"
9629;"GlomeruläreKrankheitenbeiDiabetesmellitus(E10-E14+,vierteStelle.2)";"N083"
9630;"GlomeruläreKrankheitenbeisonstigenendokrinen,Ernährungs-undStoffwechselkrankheiten";"N084"
9631;"GlomeruläreKrankheitenbeiSystemkrankheitendesBindegewebes";"N085"
9632;"GlomeruläreKrankheitenbeisonstigenanderenortsklassifiziertenKrankheiten";"N088"
9633;"AkutetubulointerstitielleNephritis.Akut:infektiöseinterstitielleNephritis,Pyelitis,Pyelonephritis";"N10"
9635;"Nichtobstruktive,mitRefluxverbundenechronischePyelonephritis,Pyelonephritis(chronisch)inVerbindungmitReflux(vesikoureteral)";"N110"
9636;"ChronischeobstruktivePyelonephritis,Pyelonephritis(chronisch)inVerbindungmit:Abknickung,Anomalie,Obstruktion,Striktur,pelviureteral,pyeloureteral,Ureter";"N111"
9637;"SonstigechronischetubulointerstitielleNephritis,NichtobstruktivechronischePyelonephritiso.n.A.";"N118"
9638;"ChronischetubulointerstitielleNephritis,nichtnäherbezeichnet,Chronisch:interstitielleNephritiso.n.A.,Pyelitiso.n.A.,Pyelonephritiso.n.A.";"N119"
9639;"TubulointerstitielleNephritis,nichtalsakutoderchronischbezeichnet,InterstitielleNephritiso.n.A.,Pyelitiso.n.A.,Pyelonephritiso.n.A.";"N12"
9641;"HydronephrosebeiureteropelvinerObstruktion";"N130"
9642;"HydronephrosebeiUreterstriktur,anderenortsnichtklassifiziert";"N131"
9643;"HydronephrosebeiObstruktiondurchNieren-undUreterstein";"N132"
9644;"SonstigeundnichtnäherbezeichneteHydronephrose";"N133"
9645;"Hydroureter";"N134"
9646;"AbknickungundStrikturdesUretersohneHydronephrose";"N135"
9647;"Pyonephrose,ObstruktiveUropathiemitInfektion,ZuständeunterN13.0-N13.5mitInfektion";"N136"
9648;"UropathieinZusammenhangmitvesikoureteralemReflux,VesikoureteralerReflux:beiNarbenbildung,o.n.A.";"N137"
9649;"SonstigeobstruktiveUropathieundRefluxuropathie";"N138"
9650;"ObstruktiveUropathieundRefluxuropathie,nichtnäherbezeichnet,ObstruktionderHarnwegeo.n.A.";"N139"
9652;"Analgetika-Nephropathie";"N140"
9653;"NephropathiedurchsonstigeArzneimittel,DrogenundbiologischaktiveSubstanzen";"N141"
9654;"Nephropathiedurchnichtnäherbezeichnete(s)Arzneimittel,DrogeoderbiologischaktiveSubstanz";"N142"
9655;"NephropathiedurchSchwermetalle";"N143"
9656;"ToxischeNephropathie,anderenortsnichtklassifiziert";"N144"
9658;"Balkan-Nephropathie,ChronischeendemischeNephropathie";"N150"
9659;"NierenabszeßundperinephritischerAbszeß";"N151"
9660;"SonstigenäherbezeichnetetubulointerstitielleNierenkrankheiten";"N158"
9661;"TubulointerstitielleNierenkrankheit,nichtnäherbezeichnet,Niereninfektiono.n.A.";"N159"
9663;"TubulointerstitielleNierenkrankheitenbeianderenortsklassifizierteninfektiösenundparasitärenKrankheiten";"N160"
9664;"TubulointerstitielleNierenkrankheitenbeiNeubildungen";"N161"
9665;"TubulointerstitielleNierenkrankheitenbeiBlutkrankheitenundStörungenmitBeteiligungdesImmunsystems";"N162"
9666;"TubulointerstitielleNierenkrankheitenbeiStoffwechselkrankheiten";"N163"
9667;"TubulointerstitielleNierenkrankheitenbeisystemischenKrankheitendesBindegewebes";"N164"
9668;"TubulointerstitielleNierenkrankheitenbeiTransplantatabstoßung(T86.-+)";"N165"
9669;"TubulointerstitielleNierenkrankheitenbeisonstigenanderenortsklassifiziertenKrankheiten";"N168"
9671;"AkutesNierenversagenmitTubulusnekrose,Tubulusnekrose:akut,renal,o.n.A.";"N170"
9672;"AkutesNierenversagenmitakuterRindennekrose,Rindennekrose:akut,renal,o.n.A.";"N171"
9673;"AkutesNierenversagenmitMarknekrose,Papillen-[Mark-]Nekrose:akut,renal,o.n.A.";"N172"
9674;"SonstigesakutesNierenversagen";"N178"
9675;"AkutesNierenversagen,nichtnäherbezeichnet";"N179"
14510;"ChronischeNierenkrankheit,Stadium1";"N181"
14511;"ChronischeNierenkrankheit,Stadium2";"N182"
14512;"ChronischeNierenkrankheit,Stadium3";"N183"
14513;"ChronischeNierenkrankheit,Stadium4";"N184"
14514;"ChronischeNierenkrankheit,Stadium5";"N185"
9679;"ChronischeNiereninsuffizienz,nichtnäherbezeichnet";"N189"
9680;"NichtnäherbezeichneteNiereninsuffizienz,Urämieo.n.A.";"N19"
9682;"Nierenstein,Nephrolithiasiso.n.A.,Nierenausgußstein,Nierenkonkrementoder-stein,Parenchymstein";"N200"
9683;"Ureterstein,Harnleiterstein";"N201"
9684;"NierensteinundUretersteingleichzeitig";"N202"
9685;"Harnstein,nichtnäherbezeichnet,PyelonephritisbeiHarnsteinen";"N209"
9687;"SteininderHarnblase,Blasenstein,SteininBlasendivertikel";"N210"
9688;"Urethrastein";"N211"
9689;"SteininsonstigenunterenHarnwegen";"N218"
9690;"SteinindenunterenHarnwegen,nichtnäherbezeichnet";"N219"
9692;"HarnsteinbeiSchistosomiasis[Bilharziose](B65.-+)";"N220"
9693;"HarnsteinbeisonstigenanderenortsklassifiziertenKrankheiten";"N228"
9694;"NichtnäherbezeichneteNierenkolik";"N23"
9696;"RenaleOsteodystrophie,AzotämischeOsteodystrophie,RenaleRachitis,RenalerMinderwuchs,TubulusschädenmitPhosphatverlust";"N250"
9697;"RenalerDiabetesinsipidus";"N251"
9698;"SonstigeKrankheiteninfolgeSchädigungdertubulärenNierenfunktion";"N258"
9699;"KrankheitinfolgeSchädigungdertubulärenNierenfunktion,nichtnäherbezeichnet";"N259"
9700;"Schrumpfniere,nichtnäherbezeichnet,AtrophiederNiere(terminal),Nephrofibroseo.n.A.";"N26"
9702;"KleineNiereunbekannterUrsache,einseitig";"N270"
9703;"KleineNiereunbekannterUrsache,beidseitig";"N271"
9704;"KleineNiereunbekannterUrsache,nichtnäherbezeichnet";"N279"
9706;"IschämieundInfarktderNiere,Nierenarterie:Embolie,Obstruktion,Thrombose,Verschluß,Niereninfarkt";"N280"
9707;"ZystederNiere,erworben,ZystederNiere(multipel)(solitär),erworben";"N281"
9708;"SonstigenäherbezeichneteKrankheitenderNiereunddesUreters,HypertrophiederNiere,Megaureter,Nephroptose,Pyelitis,Pyeloureteritis,Ureteritis,cystica,Ureterozele";"N288"
9709;"KrankheitderNiereunddesUreters,nichtnäherbezeichnet,Nephropathieo.n.A.,Nierenkrankheito.n.A.";"N289"
9711;"SpätsyphilisderNiere(A52.7+)";"N290"
9712;"SonstigeKrankheitenderNiereunddesUretersbeianderenortsklassifizierteninfektiösenundparasitärenKrankheiten";"N291"
9713;"SonstigeKrankheitenderNiereunddesUretersbeisonstigenanderenortsklassifiziertenKrankheiten";"N298"
9715;"AkuteZystitis";"N300"
9716;"InterstitielleZystitis(chronisch)";"N301"
9717;"SonstigechronischeZystitis";"N302"
9718;"Trigonumzystitis,Urethrotrigonumzystitis";"N303"
9719;"Strahlenzystitis";"N304"
9720;"SonstigeZystitis,Harnblasenabszeß";"N308"
9721;"Zystitis,nichtnäherbezeichnet";"N309"
9723;"UngehemmteneurogeneBlasenentleerung,anderenortsnichtklassifiziert";"N310"
9724;"NeurogeneReflexblase,anderenortsnichtklassifiziert";"N311"
9725;"SchlaffeneurogeneHarnblase,anderenortsnichtklassifiziert,NeurogeneHarnblase:atonisch(motorisch)(sensorisch),autonom,nichtreflektorisch";"N312"
9726;"SonstigeneuromuskuläreDysfunktionderHarnblase";"N318"
9727;"NeuromuskuläreDysfunktionderHarnblase,nichtnäherbezeichnet,NeurogeneDysfunktionderHarnblaseo.n.A.";"N319"
9729;"Blasenhalsobstruktion,Harnblasenhalsstenose(erworben)";"N320"
9730;"Vesikointestinalfistel,Vesikorektalfistel";"N321"
9731;"Harnblasenfistel,anderenortsnichtklassifiziert";"N322"
9732;"Harnblasendivertikel,DivertikulitisderHarnblase";"N323"
9733;"Harnblasenruptur,nichttraumatisch";"N324"
9734;"SonstigenäherbezeichneteKrankheitenderHarnblase,Harnblase:kalzifiziert,kontrahiert";"N328"
9735;"KrankheitderHarnblase,nichtnäherbezeichnet";"N329"
9737;"TuberkulöseZystitis(A18.1+)";"N330"
9738;"KrankheitenderHarnblasebeisonstigenanderenortsklassifiziertenKrankheiten,KrankheitderHarnblasebeiSchistosomiasis[Bilharziose](B65.-+)";"N338"
9740;"Harnröhrenabszeß,Abszeß:Cowper-Drüse,Littré-Drüsen,periurethral,urethral(Drüse)";"N340"
9741;"UnspezifischeUrethritis,Urethritis:nichtdurchGonokokken,nichtvenerisch";"N341"
9742;"SonstigeUrethritis,Meatitis,urethral,UlkusderUrethra(Meatus),Urethritis:postmenopausal,o.n.A.";"N342"
9743;"UrethralesSyndrom,nichtnäherbezeichnet";"N343"
9745;"PosttraumatischeHarnröhrenstriktur,HarnröhrenstrikturalsFolgevon:Geburt,Verletzung";"N350"
9746;"PostinfektiöseHarnröhrenstriktur,anderenortsnichtklassifiziert";"N351"
9747;"SonstigeHarnröhrenstriktur";"N358"
9748;"Harnröhrenstriktur,nichtnäherbezeichnet,Meatusstenoseo.n.A.";"N359"
9750;"Harnröhrenfistel,Fistel:Harnwegeo.n.A.,urethroperineal,urethrorektal,Viafalsa,Harnröhre";"N360"
9751;"Harnröhrendivertikel";"N361"
9752;"Harnröhrenkarunkel";"N362"
9753;"ProlapsderHarnröhrenschleimhaut,Harnröhrenprolaps,UrethrozelebeimMann";"N363"
9754;"SonstigenäherbezeichneteKrankheitenderHarnröhre";"N368"
9755;"KrankheitderHarnröhre,nichtnäherbezeichnet";"N369"
9757;"UrethritisbeianderenortsklassifiziertenKrankheiten,Candida-Urethritis(B37.4+)";"N370"
9758;"SonstigeKrankheitenderHarnröhrebeianderenortsklassifiziertenKrankheiten";"N378"
9760;"Harnwegsinfektion,Lokalisationnichtnäherbezeichnet";"N390"
9761;"PersistierendeProteinurie,nichtnäherbezeichnet";"N391"
9762;"OrthostatischeProteinurie,nichtnäherbezeichnet";"N392"
9763;"Streßinkontinenz";"N393"
9764;"SonstigenäherbezeichneteHarninkontinenz,Drang-,Reflex-,Überlauf-,Inkontinenz";"N394"
9765;"SonstigenäherbezeichneteKrankheitendesHarnsystems";"N398"
9766;"KrankheitdesHarnsystems,nichtnäherbezeichnet";"N399"
9767;"Prostatahyperplasie";"N40"
9769;"AkuteProstatitis";"N410"
9770;"ChronischeProstatitis";"N411"
9771;"Prostataabszeß";"N412"
9772;"Prostatazystitis,ZystitisbeiProstatavergrößerung";"N413"
9773;"SonstigeentzündlicheKrankheitenderProstata";"N418"
9774;"EntzündlicheKrankheitderProstata,nichtnäherbezeichnet,Prostatitiso.n.A.";"N419"
9776;"Prostatastein,Prostatakonkrement";"N420"
9777;"KongestionundBlutungderProstata";"N421"
9778;"Prostataatrophie";"N422"
14515;"Prostatadysplasie";"N423"
9779;"SonstigenäherbezeichneteKrankheitenderProstata";"N428"
9780;"KrankheitderProstata,nichtnäherbezeichnet";"N429"
9782;"Hydroceleencystica";"N430"
9783;"InfizierteHydrozele";"N431"
9784;"SonstigeHydrozele";"N432"
9785;"Hydrozele,nichtnäherbezeichnet";"N433"
9786;"Spermatozele";"N434"
9787;"Hodentorsion,Torsion:Epididymis,Funiculusspermaticus,Testis";"N44"
9789;"Orchitis,EpididymitisundEpididymoorchitismitAbszeß,AbszeßderNebenhodenoderHoden";"N450"
9790;"Orchitis,EpididymitisundEpididymoorchitisohneAbszeß,Epididymitiso.n.A.,Orchitiso.n.A.";"N459"
9791;"SterilitätbeimMann,Azoospermieo.n.A.,Oligozoospermieo.n.A.";"N46"
9792;"Vorhauthypertrophie,PhimoseundParaphimose,PräputialeAdhäsion,Vorhautverengung";"N47"
9794;"LeukoplakiedesPenis,KraurosisdesPenis";"N480"
9795;"Balanoposthitis,Balanitis";"N481"
9796;"SonstigeentzündlicheKrankheitendesPenis,Abszeß,Furunkel,Karbunkel,Phlegmone,CorpuscavernosumundPenis,Kavernitis(Penis)";"N482"
9797;"Priapismus,SchmerzhafteDauererektion";"N483"
9798;"ImpotenzorganischenUrsprungs";"N484"
9799;"UlkusdesPenis";"N485"
9800;"Balanitisxeroticaobliterans,Induratiopenisplastica";"N486"
9801;"SonstigenäherbezeichneteKrankheitendesPenis.Atrophie,Hypertrophie,ThrombosedesCorpuscavernosumundPenis";"N488"
9802;"KrankheitdesPenis,nichtnäherbezeichnet";"N489"
9804;"EntzündlicheKrankheitenderVesiculaseminalis,Vesikulitiso.n.A.";"N490"
9805;"EntzündlicheKrankheitendesFuniculusspermaticus,derTunicavaginalistestisunddesDuctusdeferens,Samenleiterentzündung";"N491"
9806;"EntzündlicheKrankheitendesSkrotums";"N492"
9807;"EntzündlicheKrankheitensonstigernäherbezeichnetermännlicherGenitalorgane,EntzündungdermännlichenGenitalorganeanmehrerenLokalisationen";"N498"
9808;"EntzündlicheKrankheiteinesnichtnäherbezeichnetenmännlichenGenitalorgans,Abszeß,Furunkel,Karbunkel,Phlegmone,nichtnäherbezeichnetesmännlichesGenitalorgan";"N499"
9810;"Hodenatrophie";"N500"
9811;"GefäßkrankheitendermännlichenGenitalorgane,Blutung,Hämatozeleo.n.A.,Thrombose,männlicheGenitalorgane";"N501"
9812;"SonstigenäherbezeichneteKrankheitendermännlichenGenitalorgane";"N508"
9813;"KrankheitdermännlichenGenitalorgane,nichtnäherbezeichnet";"N509"
9816;"KrankheitendesHodensunddesNebenhodensbeianderenortsklassifiziertenKrankheiten";"N511"
9817;"BalanitisbeianderenortsklassifiziertenKrankheiten";"N512"
9818;"SonstigeKrankheitendermännlichenGenitalorganebeianderenortsklassifiziertenKrankheiten";"N518"
9820;"SolitärzystederMamma,ZystederMamma";"N600"
9821;"DiffusezystischeMastopathie,Zystenmamma";"N601"
9822;"FibroadenosederMamma";"N602"
9823;"FibrosklerosederMamma,ZystischeMastopathiemitepithelialerProliferation";"N603"
9824;"EktasiederDuctuslactiferi";"N604"
9825;"SonstigegutartigeMammadysplasien";"N608"
9826;"GutartigeMammadysplasie,nichtnäherbezeichnet";"N609"
9827;"EntzündlicheKrankheitenderMamma[Brustdrüse],Abszeß(akut)(chronisch)(nichtpuerperal):Areola,Mamma,KarbunkelderMamma,Mastitis(akut)(subakut)(nichtpuerperal):infektiös,o.n.A.";"N61"
9828;"HypertrophiederMamma[Brustdrüse],Gynäkomastie,HypertrophiederMamma:massiv,pubertätsbedingt,o.n.A.";"N62"
9829;"NichtnäherbezeichneteKnoteninderMamma[Brustdrüse],EinerodermehrereKnoteno.n.A.inderMamma";"N63"
9831;"FissurundFistelderBrustwarze";"N640"
9832;"FettgewebsnekrosederMamma,Fettgewebsnekrose(segmentär)derMamma";"N641"
9833;"AtrophiederMamma";"N642"
9834;"Galaktorrhoe,nichtimZusammenhangmitderGeburt";"N643"
9835;"Mastodynie";"N644"
9836;"SonstigeSymptomederMamma,AbsonderungausderBrustwarze,IndurationderMamma,RetraktionderBrustwarze";"N645"
9837;"SonstigenäherbezeichneteKrankheitenderMamma,Galaktozele,MangelhafteRückbildungderMamma(nachLaktation)";"N648"
9838;"KrankheitderMamma,nichtnäherbezeichnet";"N649"
9840;"AkuteSalpingitisundOophoritis";"N700"
9841;"ChronischeSalpingitisundOophoritis,Hydrosalpinx";"N701"
9842;"SalpingitisundOophoritis,nichtnäherbezeichnet";"N709"
9844;"AkuteentzündlicheKrankheitdesUterus,ausgenommenderZervix";"N710"
9845;"ChronischeentzündlicheKrankheitdesUterus,ausgenommenderZervix";"N711"
9846;"EntzündlicheKrankheitdesUterus,ausgenommenderZervix,nichtnäherbezeichnet";"N719"
9847;"EntzündlicheKrankheitderCervixuteri,Endozervizitis,Exozervizitis,Zervizitis,mitoderohneErosionoderEktropium";"N72"
9849;"AkuteParametritisundEntzündungdesBeckenbindegewebes,Abszeß:Lig.latumuteri,Parametrium,BindegewebsentzündungimweiblichenBecken,alsakutbezeichnet";"N730"
9850;"ChronischeParametritisundEntzündungdesBeckenbindegewebes";"N731"
9851;"NichtnäherbezeichneteParametritisundEntzündungdesBeckenbindegewebes";"N732"
9852;"AkutePelveoperitonitisbeiderFrau";"N733"
9853;"ChronischePelveoperitonitisbeiderFrau";"N734"
9854;"PelveoperitonitisbeiderFrau,nichtnäherbezeichnet";"N735"
9855;"PeritonealeAdhäsionenimweiblichenBecken";"N736"
9856;"SonstigenäherbezeichneteentzündlicheKrankheitenimweiblichenBecken";"N738"
9857;"EntzündlicheKrankheitimweiblichenBecken,nichtnäherbezeichnet,InfektionoderEntzündungimweiblichenBeckeno.n.A.";"N739"
9859;"TuberkulöseInfektionderCervixuteri(A18.1+)";"N740"
9860;"TuberkulöseEntzündungimweiblichenBecken(A18.1+),TuberkulöseEndometritis";"N741"
9862;"EntzündungimweiblichenBeckendurchGonokokken(A54.2+)";"N743"
9863;"EntzündungimweiblichenBeckendurchChlamydien(A56.1+)";"N744"
9864;"EntzündungimweiblichenBeckenbeisonstigenanderenortsklassifiziertenKrankheiten";"N748"
9866;"Bartholin-Zyste";"N750"
9867;"Bartholin-Abszeß";"N751"
9868;"SonstigeKrankheitenderBartholin-Drüsen,Bartholinitis";"N758"
9869;"KrankheitderBartholin-Drüsen,nichtnäherbezeichnet";"N759"
9871;"AkuteKolpitis,Kolpitis[Vaginitis]o.n.A.Vulvovaginitis:akut,o.n.A.";"N760"
9872;"SubakuteundchronischeKolpitis,Vulvovaginitis:chronisch,subakut";"N761"
9873;"AkuteVulvitis,Vulvitiso.n.A.";"N762"
9874;"SubakuteundchronischeVulvitis";"N763"
9875;"AbszeßderVulva,FurunkelderVulva";"N764"
9876;"UlzerationderVagina";"N765"
9877;"UlzerationderVulva";"N766"
9878;"SonstigenäherbezeichneteentzündlicheKrankheitderVaginaundVulva";"N768"
9880;"UlzerationderVulvabeianderenortsklassifizierteninfektiösenundparasitärenKrankheiten,UlzerationderVulvabei:InfektiondurchHerpesviren[Herpessimplex](A60.0+),";"N770"
9881;"Vaginitis,VulvitisoderVulvovaginitisbeianderenortsklassifizierteninfektiösenundparasitärenKrankheiten";"N771"
9882;"VulvovaginaleUlzerationundEntzündungbeisonstigenanderenortsklassifiziertenKrankheiten";"N778"
9884;"EndometriosedesUterus,Adenomyosisuteri";"N800"
9885;"EndometriosedesOvars";"N801"
9886;"EndometriosederTubauterina";"N802"
9887;"EndometriosedesBeckenperitoneums";"N803"
9888;"EndometriosedesSeptumrectovaginaleundderVagina";"N804"
9889;"EndometriosedesDarmes";"N805"
9890;"EndometrioseinHautnarbe";"N806"
9891;"SonstigeEndometriose";"N808"
9892;"Endometriose,nichtnäherbezeichnet";"N809"
9894;"UrethrozelebeiderFrau";"N810"
9895;"Zystozele,Prolapsder(vorderen)Scheidenwando.n.A.,ZystozelemitUrethrozele";"N811"
9896;"PartialprolapsdesUterusundderVagina,ProlapsderCervixuterio.n.A.,Uterusprolaps:1.Grad,2.Grad";"N812"
9897;"TotalprolapsdesUterusundderVagina,Procidentiauterio.n.A.,Uterusprolaps3.Grades";"N813"
9898;"Uterovaginalprolaps,nichtnäherbezeichnet,Uterusprolapso.n.A.";"N814"
9899;"VaginaleEnterozele";"N815"
9900;"Rektozele,ProlapsderhinterenScheidenwand";"N816"
9901;"SonstigerGenitalprolapsbeiderFrau,AlteVerletzungderBeckenbodenmuskulatur,InsuffizienzdesPerineums";"N818"
9902;"GenitalprolapsbeiderFrau,nichtnäherbezeichnet";"N819"
9904;"Vesikovaginalfistel";"N820"
9905;"SonstigeFistelnzwischenweiblichemHarn-undGenitaltrakt,Fistel:ureterovaginal,urethrovaginal,uteroureterin,vesikouterin,vesikozervikal";"N821"
9906;"FistelzwischenVaginaundDünndarm";"N822"
9907;"FistelzwischenVaginaundDickdarm,Rektovaginalfistel";"N823"
9908;"SonstigeFistelnzwischenweiblichemGenital-undDarmtrakt,IntestinouterineFistel";"N824"
9909;"FistelnzwischenweiblichemGenitaltraktundHaut,Fistel:Uterus-Bauchwand-,vaginoperineal";"N825"
9910;"SonstigeFistelndesweiblichenGenitaltraktes";"N828"
9911;"FisteldesweiblichenGenitaltraktes,nichtnäherbezeichnet";"N829"
9913;"FollikelzystedesOvars,HämorrhagischeFollikelzyste(Ovar),ZystedesGraaf-Follikels";"N830"
9914;"ZystedesCorpusluteum,HämorrhagischeZystedesCorpusluteum";"N831"
9915;"SonstigeundnichtnäherbezeichneteOvarialzysten,EinfacheZyste,Retentionszyste,Ovar";"N832"
9916;"ErworbeneAtrophiedesOvarsundderTubauterina";"N833"
9917;"ProlapsoderHerniedesOvarsundderTubauterina";"N834"
9918;"TorsiondesOvars,desOvarstielesundderTubauterina,Torsion:akzessorischeTube,Morgagni-Hydatide";"N835"
9919;"Hämatosalpinx";"N836"
9920;"HämatomdesLig.latumuteri";"N837"
9921;"SonstigenichtentzündlicheKrankheitendesOvars,derTubauterinaunddesLig.latumuteri,RißdesLig.latumuteri[Masters-Allen-Syndrom]";"N838"
9922;"NichtentzündlicheKrankheitdesOvars,derTubauterinaunddesLig.latumuteri,nichtnäherbezeichnet";"N839"
9924;"PolypdesCorpusuteri,Polyp:Endometrium,Uteruso.n.A.";"N840"
9925;"PolypderCervixuteri,SchleimhautpolypderZervix";"N841"
9926;"PolypderVagina";"N842"
9927;"PolypderVulva,PolypderLabien";"N843"
9928;"PolypansonstigenTeilendesweiblichenGenitaltraktes";"N848"
9929;"PolypdesweiblichenGenitaltraktes,nichtnäherbezeichnet";"N849"
9931;"GlanduläreHyperplasiedesEndometriums,HyperplasiedesEndometriums:glandulär-zystisch,polypoid,zystisch,o.n.A.";"N850"
9932;"AdenomatöseHyperplasiedesEndometriums,Atypische(adenomatöse)HyperplasiedesEndometriums";"N851"
9933;"HypertrophiedesUterus,VerdickterodervergrößerterUterus";"N852"
9934;"SubinvolutiondesUterus";"N853"
9935;"LageanomaliedesUterus,Retroflexiouteri,Retroversiouteri,VerstärkteAnteversiouteri";"N854"
9936;"Inversiouteri";"N855"
9937;"IntrauterineSynechien";"N856"
9938;"Hämatometra,HämatosalpinxmitHämatometra";"N857"
9939;"SonstigenäherbezeichnetenichtentzündlicheKrankheitendesUterus,AtrophiedesUterus,erworben,FibrosedesUteruso.n.A.";"N858"
9940;"NichtentzündlicheKrankheitdesUterus,nichtnäherbezeichnet,KrankheitdesUteruso.n.A.";"N859"
9941;"ErosionundEktropiumderCervixuteri,Dekubitalgeschwür(trophisch),Eversion,Zervix";"N86"
9943;"NiedriggradigeDysplasiederCervixuteri,ZervikaleintraepithelialeNeoplasie[CIN]I.Grades";"N870"
9944;"MittelgradigeDysplasiederCervixuteri,ZervikaleintraepithelialeNeoplasie[CIN]II.Grades";"N871"
9945;"HochgradigeDysplasiederCervixuteri,anderenortsnichtklassifiziert,HochgradigezervikaleDysplasieo.n.A.";"N872"
9946;"DysplasiederCervixuteri,nichtnäherbezeichnet";"N879"
9948;"LeukoplakiederCervixuteri";"N880"
9949;"AlterRißderCervixuteri,AdhäsionenderCervixuteri";"N881"
9950;"StrikturundStenosederCervixuteri";"N882"
9951;"Zervixinsuffizienz,UntersuchungundBetreuungeinerNichtschwangerenbei(Verdachtauf)Zervixinsuffizienz";"N883"
9952;"Elongatiocervicisuteri,hypertrophisch";"N884"
9953;"SonstigenäherbezeichnetenichtentzündlicheKrankheitenderCervixuteri";"N888"
9954;"NichtentzündlicheKrankheitderCervixuteri,nichtnäherbezeichnet";"N889"
9956;"NiedriggradigeDysplasiederVagina,VaginaleintraepithelialeNeoplasie[VAIN]I.Grades";"N890"
9957;"MittelgradigeDysplasiederVagina,VaginaleintraepithelialeNeoplasie[VAIN]II.Grades";"N891"
9958;"HochgradigeDysplasiederVagina,anderenortsnichtklassifiziert,HochgradigeDysplasiederVaginao.n.A.";"N892"
9959;"DysplasiederVagina,nichtnäherbezeichnet";"N893"
9960;"LeukoplakiederVagina";"N894"
9961;"StrikturundAtresiederVagina,AdhäsionenderVagina,StenosederVagina";"N895"
9962;"FesterHymenalring,EngerIntroitusvaginae,RigiderHymen";"N896"
9963;"Hämatokolpos,HämatokolposmitHämatometraoderHämatosalpinx";"N897"
9964;"SonstigenäherbezeichnetenichtentzündlicheKrankheitenderVagina,AlterScheidenriß,Leukorrhoeo.n.A.,ScheidenulkusdurchPessar";"N898"
9965;"NichtentzündlicheKrankheitderVagina,nichtnäherbezeichnet";"N899"
9967;"NiedriggradigeDysplasiederVulva,IntraepithelialeNeoplasiederVulva[VIN]I.Grades";"N900"
9968;"MittelgradigeDysplasiederVulva,IntraepithelialeNeoplasiederVulva[VIN]II.Grades";"N901"
9969;"HochgradigeDysplasiederVulva,anderenortsnichtklassifiziert,HochgradigeDysplasiederVulvao.n.A.";"N902"
9970;"DysplasiederVulva,nichtnäherbezeichnet";"N903"
9971;"LeukoplakiederVulva,Craurosisvulvae,DystrophiederVulva";"N904"
9972;"AtrophiederVulva,StenosederVulva";"N905"
9973;"HypertrophiederVulva,HypertrophiederLabien";"N906"
9974;"ZystederVulva";"N907"
9975;"SonstigenäherbezeichnetenichtentzündlicheKrankheitenderVulvaunddesPerineums,AdhäsionenderVulva,HypertrophiederKlitoris";"N908"
9976;"NichtentzündlicheKrankheitderVulvaunddesPerineums,nichtnäherbezeichnet";"N909"
9978;"PrimäreAmenorrhoe,NichteintretenderMenarcheimPubertätsalter.";"N910"
9979;"SekundäreAmenorrhoe,AusbleibenderMenstruationnachbereitserfolgterMenarche";"N911"
9980;"Amenorrhoe,nichtnäherbezeichnet,AusbleibenderMenstruationo.n.A.";"N912"
9981;"PrimäreOligomenorrhoe,ZuschwacheoderzuselteneMenstruationseitderMenarche.";"N913"
9982;"SekundäreOligomenorrhoe,ZuschwacheoderzuselteneMenstruationnachvorangegangenennormalenMenstruationen.";"N914"
9983;"Oligomenorrhoe,nichtnäherbezeichnet,Hypomenorrhoeo.n.A.";"N915"
9985;"ZustarkeoderzuhäufigeMenstruationbeiregelmäßigemMenstruationszyklus,Hypermenorrhoeo.n.A.,Menorrhagieo.n.A.,Polymenorrhoe";"N920"
9986;"ZustarkeoderzuhäufigeMenstruationbeiunregelmäßigemMenstruationszyklus";"N921"
9987;"ZustarkeMenstruationimPubertätsalter,Pubertätsblutung,Pubertätsmenorrhagie,ZustarkeBlutungbeiAuftretenderMenstruationsblutungen";"N922"
9988;"Ovulationsblutung,RegelmäßigeintermenstruelleBlutung";"N923"
9989;"ZustarkeBlutunginderPrämenopause,MenorrhagieoderMetrorrhagie:klimakterisch,menopausal,präklimakterisch,prämenopausal";"N924"
9990;"SonstigenäherbezeichneteunregelmäßigeMenstruation";"N925"
9991;"UnregelmäßigeMenstruation,nichtnäherbezeichnet,Unregelmäßige:Blutungo.n.A.,Menstruationszykleno.n.A.";"N926"
9993;"PostkoitaleBlutungundKontaktblutung";"N930"
9994;"SonstigenäherbezeichneteabnormeUterus-oderVaginalblutung,DysfunktionelleoderfunktionelleUterus-oderVaginalblutungo.n.A.";"N938"
9995;"AbnormeUterus-oderVaginalblutung,nichtnäherbezeichnet";"N939"
9997;"Mittelschmerz";"N940"
9998;"Dyspareunie";"N941"
9999;"Vaginismus";"N942"
10000;"PrämenstruelleBeschwerden";"N943"
10001;"PrimäreDysmenorrhoe";"N944"
10002;"SekundäreDysmenorrhoe";"N945"
10003;"Dysmenorrhoe,nichtnäherbezeichnet";"N946"
10004;"SonstigenäherbezeichneteZuständeimZusammenhangmitdenweiblichenGenitalorganenunddemMenstruationszyklus";"N948"
10005;"NichtnäherbezeichneterZustandimZusammenhangmitdenweiblichenGenitalorganenunddemMenstruationszyklus";"N949"
10007;"Postmenopausenblutung";"N950"
10008;"ZuständeimZusammenhangmitderMenopauseunddemKlimakterium,Symptome,wiez.B.Hitzewallungen,Schlaflosigkeit,Kopfschmerz,KonzentrationsschwächeimZusammenhangmitderMenopause";"N951"
10009;"AtrophischeKolpitisinderPostmenopause,Senile(atrophische)Kolpitis";"N952"
10010;"ZuständeimZusammenhangmitartifiziellerMenopause,PostartifiziellesMenopausensyndrom";"N953"
10011;"SonstigenäherbezeichneteklimakterischeStörungen";"N958"
10012;"KlimakterischeStörung,nichtnäherbezeichnet";"N959"
10013;"NeigungzuhabituellemAbort,Infertilität,UntersuchungoderBetreuungeinerFraumitNeigungzuhabituellemAbortohnebestehendeSchwangerschaft";"N96"
10015;"SterilitätderFrauinVerbindungmitfehlenderOvulation";"N970"
10016;"SterilitättubarenUrsprungsbeiderFrau,ImZusammenhangmitangeborenerAnomaliederTubauterina,Tubenspasmus,Tubenstenose,Tubenverschluß";"N971"
10017;"SterilitätuterinenUrsprungsbeiderFrau,ImZusammenhangmitangeborenerAnomaliedesUterus,NichtimplantationeinerEizelle";"N972"
10018;"SterilitätzervikalenUrsprungsbeiderFrau";"N973"
10019;"SterilitätderFrauimZusammenhangmitFaktorendesPartners";"N974"
10020;"SterilitätsonstigenUrsprungsbeiderFrau";"N978"
10021;"SterilitätderFrau,nichtnäherbezeichnet";"N979"
10023;"InfektionimZusammenhangmitartifiziellerInsemination";"N980"
10024;"HyperstimulationderOvarien,HyperstimulationderOvarien:imZusammenhangmitinduzierterOvulation,o.n.A.";"N981"
10025;"KomplikationenbeiversuchterEinführungeinesbefruchtetenEiesnachIn-vitro-Fertilisation";"N982"
10026;"KomplikationenbeiversuchterImplantationeinesEmbryosbeiEmbryotransfer";"N983"
10027;"SonstigeKomplikationenimZusammenhangmitkünstlicherBefruchtung,KomplikationenbeiartifiziellerInsemination:Fremdsamen,SamendesEhemannesoderPartners";"N988"
10028;"KomplikationimZusammenhangmitkünstlicherBefruchtung,nichtnäherbezeichnet";"N989"
10030;"NierenversagennachmedizinischenMaßnahmen";"N990"
10031;"HarnröhrenstrikturnachmedizinischenMaßnahmen,HarnröhrenstrikturnachKatheterisierung";"N991"
10032;"PostoperativeAdhäsionenderVagina";"N992"
10033;"ProlapsdesScheidenstumpfesnachHysterektomie";"N993"
10034;"PeritonealeAdhäsionenimBeckennachmedizinischenMaßnahmen";"N994"
10035;"FunktionsstörungeinesäußerenStomasdesHarntraktes";"N995"
10036;"SonstigeKrankheitendesUrogenitalsystemsnachmedizinischenMaßnahmen,Residualovarysyndrome";"N998"
10037;"KrankheitdesUrogenitalsystemsnachmedizinischenMaßnahmen,nichtnäherbezeichnet";"N999"
10039;"Abdominalgravidität";"O000"
10040;"Tubargravidität,RupturderTuba(uterina)durcheineSchwangerschaft,Tubarabort,Tubenschwangerschaft";"O001"
10041;"Ovarialgravidität";"O002"
10042;"SonstigeExtrauteringravidität,Gravidität:imUterushorn,intraligamentär,intramural,zervikal";"O008"
10043;"Extrauteringravidität,nichtnäherbezeichnet";"O009"
10045;"KlassischeBlasenmole,KompletteBlasenmole";"O010"
10046;"PartielleoderinkompletteBlasenmole";"O011"
10047;"Blasenmole,nichtnäherbezeichnet,Traubenmoleo.n.A.,Trophoblastkrankheito.n.A.";"O019"
10049;"AbortiveiundsonstigeMolen,Mole:Blut-,Fleisch-,intrauterino.n.A.,Wind-,PathologischeEizelle";"O020"
10050;"Missedabortion[VerhalteneFehlgeburt],FrüherFetaltodmitRetentiondestotenFeten";"O021"
10051;"SonstigenäherbezeichneteabnormeKonzeptionsprodukte";"O028"
10052;"AnomalesKonzeptionsprodukt,nichtnäherbezeichnet";"O029"
10054;"Spontanabort\Inkomplett,kompliziertdurchInfektiondesGenitaltraktesunddesBeckens.MitZuständen,dieunterO08.0aufgeführtsind";"O030"
10055;"Spontanabort\Inkomplett,kompliziertdurchSpätblutungoderverstärkteBlutung.MitZuständen,dieunterO08.1aufgeführtsind";"O031"
10056;"Spontanabort\Inkomplett,kompliziertdurchEmbolie.MitZuständen,dieunterO08.2aufgeführtsind";"O032"
10057;"Spontanabort\Inkomplett,mitsonstigenundnichtnäherbezeichnetenKomplikationen.MitZuständen,dieunterO08.3-O08.9aufgeführtsind";"O033"
10058;"Spontanabort\Inkomplett,ohneKomplikation";"O034"
10059;"Spontanabort\Komplettodernichtnäherbezeichnet,kompliziertdurchInfektiondesGenitaltraktesunddesBeckens.MitZuständen,dieunterO08.0aufgeführtsind";"O035"
10060;"Spontanabort\Komplettodernichtnäherbezeichnet,kompliziertdurchSpätblutungoderverstärkteBlutung.MitZuständen,dieunterO08.1aufgeführtsind";"O036"
10061;"Spontanabort\Komplettodernichtnäherbezeichnet,kompliziertdurchEmbolie.MitZuständen,dieunterO08.2aufgeführtsind";"O037"
10062;"Spontanabort\Komplettodernichtnäherbezeichnet,mitsonstigenundnichtnäherbezeichnetenKomplikationen.MitZuständen,dieunterO08.3-O08.9aufgeführtsind";"O038"
10063;"Spontanabort\Komplettodernichtnäherbezeichnet,ohneKomplikation";"O039"
10065;"ÄrztlicheingeleiteterAbort\Inkomplett,kompliziertdurchInfektiondesGenitaltraktesunddesBeckens.MitZuständen,dieunterO08.0aufgeführtsind";"O040"
10066;"ÄrztlicheingeleiteterAbort\Inkomplett,kompliziertdurchSpätblutungoderverstärkteBlutung.MitZuständen,dieunterO08.1aufgeführtsind";"O041"
10067;"ÄrztlicheingeleiteterAbort\Inkomplett,kompliziertdurchEmbolie.MitZuständen,dieunterO08.2aufgeführtsind";"O042"
10068;"ÄrztlicheingeleiteterAbort\Inkomplett,mitsonstigenundnichtnäherbezeichnetenKomplikationen.MitZuständen,dieunterO08.3-O08.9aufgeführtsind";"O043"
10069;"ÄrztlicheingeleiteterAbort\Inkomplett,ohneKomplikation";"O044"
10070;"ÄrztlicheingeleiteterAbort\Komplettodernichtnäherbezeichnet,kompliziertdurchInfektiondesGenitaltraktesunddesBeckens.MitZuständen,dieunterO08.0aufgeführtsind";"O045"
10071;"ÄrztlicheingeleiteterAbort\Komplettodernichtnäherbezeichnet,kompliziertdurchSpätblutungoderverstärkteBlutung.MitZuständen,dieunterO08.1aufgeführtsind";"O046"
10072;"ÄrztlicheingeleiteterAbort\Komplettodernichtnäherbezeichnet,kompliziertdurchEmbolie.MitZuständen,dieunterO08.2aufgeführtsind";"O047"
10073;"ÄrztlicheingeleiteterAbort\Komplettodernichtnäherbezeichnet,mitsonstigenundnichtnäherbezeichnetenKomplikationen.MitZuständen,dieunterO08.3-O08.9aufgeführtsind";"O048"
10074;"ÄrztlicheingeleiteterAbort\Komplettodernichtnäherbezeichnet,ohneKomplikation";"O049"
10076;"SonstigerAbort\Inkomplett,kompliziertdurchInfektiondesGenitaltraktesunddesBeckens.MitZuständen,dieunterO08.0aufgeführtsind";"O050"
10077;"SonstigerAbort\Inkomplett,kompliziertdurchSpätblutungoderverstärkteBlutung.MitZuständen,dieunterO08.1aufgeführtsind";"O051"
10078;"SonstigerAbort\Inkomplett,kompliziertdurchEmbolie.MitZuständen,dieunterO08.2aufgeführtsind";"O052"
10079;"SonstigerAbort\Inkomplett,mitsonstigenundnichtnäherbezeichnetenKomplikationen.MitZuständen,dieunterO08.3-O08.9aufgeführtsind";"O053"
10080;"SonstigerAbort\Inkomplett,ohneKomplikation";"O054"
10081;"SonstigerAbort\Komplettodernichtnäherbezeichnet,kompliziertdurchInfektiondesGenitaltraktesunddesBeckensMitZuständen,dieunterO08.0aufgeführtsind";"O055"
10082;"SonstigerAbort\Komplettodernichtnäherbezeichnet,kompliziertdurchSpätblutungoderverstärkteBlutung.MitZuständen,dieunterO08.1aufgeführtsind";"O056"
10084;"SonstigerAbort\Komplettodernichtnäherbezeichnet,mitsonstigenundnichtnäherbezeichnetenKomplikationen.MitZuständen,dieunterO08.3-O08.9aufgeführtsind";"O058"
10085;"SonstigerAbort\Komplettodernichtnäherbezeichnet,ohneKomplikation";"O059"
10087;"NichtnäherbezeichneterAbort\Inkomplett,kompliziertdurchInfektiondesGenitaltraktesunddesBeckens.MitZuständen,dieunterO08.0aufgeführtsind";"O060"
10088;"NichtnäherbezeichneterAbort\Inkomplett,kompliziertdurchSpätblutungoderverstärkteBlutung.MitZuständen,dieunterO08.1aufgeführtsind";"O061"
10090;"NichtnäherbezeichneterAbort\Inkomplett,mitsonstigenundnichtnäherbezeichnetenKomplikationen.MitZuständen,dieunterO08.3-O08.9aufgeführtsind";"O063"
10091;"NichtnäherbezeichneterAbort\Inkomplett,ohneKomplikation";"O064"
10092;"NichtnäherbezeichneterAbort\Komplettodernichtnäherbezeichnet,kompliziertdurchInfektiondesGenitaltraktesunddesBeckens.MitZuständen,dieunterO08.0aufgeführtsind";"O065"
10093;"NichtnäherbezeichneterAbort\Komplettodernichtnäherbezeichnet,kompliziertdurchSpätblutungoderverstärkteBlutungMitZuständen,dieunterO08.1aufgeführtsind";"O066"
10094;"NichtnäherbezeichneterAbort\Komplettodernichtnäherbezeichnet,kompliziertdurchEmbolie.MitZuständen,dieunterO08.2aufgeführtsind";"O067"
10095;"NichtnäherbezeichneterAbort\Komplettodernichtnäherbezeichnet,mitsonstigenundnichtnäherbezeichnetenKomplikationen.MitZuständen,dieunterO08.3-O08.9aufgeführtsind";"O068"
10096;"NichtnäherbezeichneterAbort\Komplettodernichtnäherbezeichnet,ohneKomplikation";"O069"
10098;"MißlungeneärztlicheAborteinleitung,kompliziertdurchInfektiondesGenitaltraktesunddesBeckens.MitZuständen,dieunterO08.0aufgeführtsind";"O070"
10099;"MißlungeneärztlicheAborteinleitung,kompliziertdurchSpätblutungoderverstärkteBlutung.MitZuständen,dieunterO08.1aufgeführtsind";"O071"
10100;"MißlungeneärztlicheAborteinleitung,kompliziertdurchEmbolie,MitZuständen,dieunterO08.2aufgeführtsind";"O072"
10101;"MißlungeneärztlicheAborteinleitungmitsonstigenodernichtnäherbezeichnetenKomplikationen.MitZuständen,dieunterO08.3-O08.9aufgeführtsind";"O073"
10102;"MißlungeneärztlicheAborteinleitungohneKomplikation,MißlungeneärztlicheAborteinleitungo.n.A.";"O074"
10103;"MißlungenesonstigeodernichtnäherbezeichneteAborteinleitung,kompliziertdurchInfektiondesGenitaltraktesunddesBeckens.MitZuständen,dieunterO08.0aufgeführtsind";"O075"
10104;"MißlungenesonstigeodernichtnäherbezeichneteAborteinleitung,kompliziertdurchSpätblutungoderverstärkteBlutung.MitZuständen,dieunterO08.1aufgeführtsind";"O076"
10106;"MißlungenesonstigeodernichtnäherbezeichneteAborteinleitungmitsonstigenodernichtnäherbezeichnetenKomplikationen.MitZuständen,dieunterO08.3-O08.9aufgeführtsind";"O078"
10107;"MißlungenesonstigeodernichtnäherbezeichneteAborteinleitungohneKomplikation.MißlungenerAbortversucho.n.A.";"O079"
10109;"InfektiondesGenitaltraktesunddesBeckensnachAbort,ExtrauteringraviditätundMolenschwangerschaft";"O080"
10110;"SpätblutungoderverstärkteBlutungnachAbort,ExtrauteringraviditätundMolenschwangerschaft";"O081"
10111;"EmbolienachAbort,ExtrauteringraviditätundMolenschwangerschaft";"O082"
10112;"SchocknachAbort,ExtrauteringraviditätundMolenschwangerschaft,";"O083"
10113;"NiereninsuffizienznachAbort,ExtrauteringraviditätundMolenschwangerschaft";"O084"
10115;"VerletzungvonBeckenorganenund-gewebennachAbort,ExtrauteringraviditätundMolenschwangerschaft";"O086"
10116;"SonstigeVenenkrankheitenalsKomplikationnachAbort,ExtrauteringraviditätundMolenschwangerschaft";"O087"
10117;"SonstigeKomplikationennachAbort,ExtrauteringraviditätundMolenschwangerschaft";"O088"
10118;"KomplikationnachAbort,ExtrauteringraviditätundMolenschwangerschaft,nichtnäherbezeichnet";"O089"
10120;"VorherbestehendeessentielleHypertonie,dieSchwangerschaft,GeburtundWochenbettkompliziert.JederZustandinI10alsBetreuungsgrundwährendderSchwangerschaft,derGeburtoderdesWochenbettes";"O100"
10121;"VorherbestehendehypertensiveHerzkrankheit,dieSchwangerschaft,GeburtundWochenbettkompliziert";"O101"
10122;"VorherbestehendehypertensiveNierenkrankheit,dieSchwangerschaft,GeburtundWochenbettkompliziert";"O102"
10123;"VorherbestehendehypertensiveHerz-undNierenkrankheit,dieSchwangerschaft,GeburtundWochenbettkompliziert";"O103"
10124;"VorherbestehendesekundäreHypertonie,dieSchwangerschaft,GeburtundWochenbettkompliziert.JederZustandinI15.-alsBetreuungsgrundwährendderSchwangerschaft,derGeburtoderdesWochenbettes";"O104"
10125;"Nichtnäherbezeichnete,vorherbestehendeHypertonie,dieSchwangerschaft,GeburtundWochenbettkompliziert";"O109"
10126;"VorherbestehendeHypertoniemitaufgepfropfterProteinurie,dieSchwangerschaft,GeburtundWochenbettkompliziert";"O11"
10128;"Schwangerschaftsödeme";"O120"
10129;"Schwangerschaftsproteinurie";"O121"
10130;"SchwangerschaftsödememitProteinurie";"O122"
10131;"Gestationshypertonie[schwangerschaftsinduziert]ohnebedeutsameProteinurie,LeichtePräeklampsie,SchwangerschaftsbedingteHypertonieo.n.A.";"O13"
10133;"MäßigePräeklampsie";"O140"
10134;"SchwerePräeklampsie";"O141"
14516;"HELLP-Syndrom";"O142"
10135;"Präeklampsie,nichtnäherbezeichnet";"O149"
10137;"EklampsiewährendderSchwangerschaft";"O150"
10138;"EklampsieunterderGeburt";"O151"
10139;"EklampsieimWochenbett";"O152"
10140;"Eklampsie,beiderderzeitlicheBezugnichtangegebenist,Eklampsieo.n.A.";"O159"
10141;"NichtnäherbezeichneteHypertoniederMutter,TransitorischeHypertoniewährendderSchwangerschaft";"O16"
10143;"DrohenderAbort,BlutungmitderAngabe,daßsiedurchdrohendenAbortbedingtist";"O200"
10144;"SonstigeBlutunginderFrühschwangerschaft";"O208"
10145;"BlutunginderFrühschwangerschaft,nichtnäherbezeichnet";"O209"
10147;"LeichteHyperemesisgravidarum,Hyperemesisgravidarum,leichtodernichtnäherbezeichnet,BeginnvorBeendigungder22.Schwangerschaftswoche";"O210"
10148;"HyperemesisgravidarummitStoffwechselstörung,BeginnvorBeendigungder22.Schwangerschaftswoche";"O211"
10149;"SpäterbrechenwährendderSchwangerschaft,ÜbermäßigesErbrechen,Beginnnach22vollendetenSchwangerschaftswochen";"O212"
10150;"SonstigesErbrechen,dasdieSchwangerschaftkompliziert,ErbrechendurchanderenortsklassifizierteKrankheiten,dasdieSchwangerschaftkompliziert";"O218"
10151;"ErbrechenwährendderSchwangerschaft,nichtnäherbezeichnet";"O219"
10153;"VarizenderunterenExtremitäteninderSchwangerschaft,Varizeno.n.A.inderSchwangerschaft";"O220"
10154;"VarizenderGenitalorganeinderSchwangerschaft,VarizendesPerineums,derVaginaundderVulvainderSchwangerschaft";"O221"
10155;"OberflächlicheThrombophlebitisinderSchwangerschaft,ThrombophlebitisderBeineinderSchwangerschaft";"O222"
10156;"TiefeVenenthromboseinderSchwangerschaft,ThrombophlebitisderBeckenvenen,präpartal,TiefeVenenthrombose,präpartal";"O223"
10157;"HämorrhoideninderSchwangerschaft";"O224"
10158;"HirnvenenthromboseinderSchwangerschaft,ZerebrovenöseSinusthromboseinderSchwangerschaft";"O225"
10159;"SonstigeVenenkrankheitenalsKomplikationinderSchwangerschaft";"O228"
10160;"VenenkrankheitalsKomplikationinderSchwangerschaft,nichtnäherbezeichnet,Schwangerschaftsbedingt:Phlebitiso.n.A.,Phlebopathieo.n.A.,Thromboseo.n.A.";"O229"
10162;"InfektionenderNiereinderSchwangerschaft";"O230"
10163;"InfektionenderHarnblaseinderSchwangerschaft";"O231"
10164;"InfektionenderUrethrainderSchwangerschaft";"O232"
10165;"InfektionenvonsonstigenTeilenderHarnwegeinderSchwangerschaft";"O233"
10166;"NichtnäherbezeichneteInfektionderHarnwegeinderSchwangerschaft";"O234"
10167;"InfektionendesGenitaltraktesinderSchwangerschaft";"O235"
10168;"SonstigeundnichtnäherbezeichneteInfektiondesUrogenitaltraktesinderSchwangerschaft,InfektiondesUrogenitaltraktesinderSchwangerschafto.n.A.";"O239"
10170;"BereitsvorherbestehenderDiabetesmellitusinderSchwangerschaft,primärinsulinabhängig[Typ-I-Diabetes]";"O240"
10171;"BereitsvorherbestehenderDiabetesmellitusinderSchwangerschaft,nichtprimärinsulinabhängig[Typ-II-Diabetes]";"O241"
10172;"BereitsvorherbestehenderDiabetesmellitusinderSchwangerschaft,durchFehl-oderMangelernährung[Malnutrition]";"O242"
10173;"BereitsvorherbestehenderDiabetesmellitusinderSchwangerschaft,nichtnäherbezeichnet";"O243"
10174;"Diabetesmellitus,währendderSchwangerschaftauftretend,GestationsbedingterDiabetesmellituso.n.A.";"O244"
10175;"DiabetesmellitusinderSchwangerschaft,nichtnäherbezeichnet";"O249"
10176;"Fehl-undMangelernährunginderSchwangerschaft,Fehl-undMangelernährungbeiderGeburtundimWochenbett";"O25"
10178;"ÜbermäßigeGewichtszunahmeinderSchwangerschaft";"O260"
10179;"GeringeGewichtszunahmeinderSchwangerschaft";"O261"
10180;"SchwangerschaftsbetreuungbeiNeigungzuhabituellemAbort";"O262"
10181;"SchwangerschaftbeiliegendemIntrauterinpessar";"O263"
10182;"Herpesgestationis";"O264"
10183;"Hypotonie-SyndromderMutter,Vena-cava-Kompressionssyndrom";"O265"
10184;"LeberkrankheitenwährendderSchwangerschaft,derGeburtunddesWochenbettes";"O266"
10185;"SubluxationderSymphysis(pubica)währendderSchwangerschaft,derGeburtunddesWochenbettes";"O267"
10186;"SonstigenäherbezeichneteZustände,diemitderSchwangerschaftverbundensind,ErschöpfungundErmüdung,Nierenkrankheit,PeriphereNeuritis,währendderSchwangerschaft";"O268"
10187;"MitderSchwangerschaftverbundenerZustand,nichtnäherbezeichnet";"O269"
10189;"AbnormerhämatologischerBefundbeiderpränatalenScreeninguntersuchungderMutter";"O280"
10190;"AbnormerbiochemischerBefundbeiderpränatalenScreeninguntersuchungderMutter";"O281"
10191;"AbnormerzytologischerBefundbeiderpränatalenScreeninguntersuchungderMutter";"O282"
10192;"AbnormerUltraschallbefundbeiderpränatalenScreeninguntersuchungderMutter";"O283"
10194;"AbnormerChromosomen-odergenetischerBefundbeiderpränatalenScreeninguntersuchungderMutter";"O285"
10195;"SonstigeabnormeBefundebeiderpränatalenScreeninguntersuchungderMutter";"O288"
10196;"AnomalerBefundbeiderpränatalenScreeninguntersuchungderMutter,nichtnäherbezeichnet";"O289"
10198;"PulmonaleKomplikationenbeiAnästhesieinderSchwangerschaft,Aspirationspneumonie,AspirationvonMageninhaltoder-sekreto.n.A.,Mendelson-Syndrom,Pneumothorax,durchAnästh.inSchwangerschaft";"O290"
10199;"KardialeKomplikationenbeiAnästhesieinderSchwangerschaft,Herz:Stillstand,Versagen,durchAnästhesieinderSchwangerschaft";"O291"
10200;"KomplikationendesZentralnervensystemsbeiAnästhesieinderSchwangerschaft,ZerebraleAnoxiedurchAnästhesieinderSchwangerschaft";"O292"
10202;"KopfschmerzennachSpinal-oderPeriduralanästhesieinderSchwangerschaft";"O294"
10203;"SonstigeKomplikationennachSpinal-oderPeriduralanästhesieinderSchwangerschaft";"O295"
10204;"MißlingenoderSchwierigkeitenbeiderIntubationinderSchwangerschaft";"O296"
10205;"SonstigeKomplikationenbeiAnästhesieinderSchwangerschaft";"O298"
10206;"KomplikationbeiAnästhesieinderSchwangerschaft,nichtnäherbezeichnet,";"O299"
10208;"Zwillingsschwangerschaft";"O300"
10209;"Drillingsschwangerschaft";"O301"
10210;"Vierlingsschwangerschaft";"O302"
10211;"SonstigeMehrlingsschwangerschaft";"O308"
10212;"Mehrlingsschwangerschaft,nichtnäherbezeichnet,Mehrlingsschwangerschafto.n.A.";"O309"
10214;"Fetuspapyraceus,Fetuscompressus(alsKomplikationeinerMehrlingsschwangerschaft)";"O310"
10215;"FortbestehenderSchwangerschaftnachFehlgeburteinesodermehrererFeten";"O311"
10216;"FortbestehenderSchwangerschaftnachintrauterinemAbsterbeneinesodermehrererFeten";"O312"
10217;"SonstigeKomplikationen,diefüreineMehrlingsschwangerschaftspezifischsind";"O318"
10219;"BetreuungderMutterwegenwechselnderKindslage";"O320"
10220;"BetreuungderMutterwegenBeckenendlage";"O321"
10221;"BetreuungderMutterbeiQuer-undSchräglage,Querlage,Schräglage";"O322"
10222;"BetreuungderMutterbeiGesichts-,Stirn-undKinnlage";"O323"
10223;"BetreuungderMutterbeiNichteintretendesKopfeszumTermin,FehlenderEintrittdesKopfesindenBeckeneingang";"O324"
10224;"BetreuungderMutterbeiMehrlingsschwangerschaftmitLage-undEinstellungsanomalieeinesodermehrererFeten";"O325"
10225;"BetreuungderMutterbeikombiniertenLage-undEinstellungsanomalien";"O326"
10226;"BetreuungderMutterbeisonstigenLage-undEinstellungsanomaliendesFeten";"O328"
10227;"BetreuungderMutterbeiLage-undEinstellungsanomaliedesFeten,nichtnäherbezeichnet";"O329"
10229;"BetreuungderMutterbeiMißverhältnisdurchDeformitätdesmütterlichenknöchernenBeckens,Beckendeformitäto.n.A.alsUrsachefüreinMißverhältnis";"O330"
10230;"BetreuungderMutterbeiMißverhältnisdurchallgemeinverengtesBecken,Beckenverengungo.n.A.alsUrsachefüreinMißverhältnis";"O331"
10231;"BetreuungderMutterbeiMißverhältnisdurchBeckeneingangsverengung,VerengungimBeckeneingangalsUrsachefüreinMißverhältnis";"O332"
10232;"BetreuungderMutterbeiMißverhältnisdurchBeckenausgangsverengung,VerengungimBeckenausgang,VerengunginBeckenmitte,alsUrsachefüreinMißverhältnis";"O333"
10233;"BetreuungderMutterwegenMißverhältnisbeikombiniertermütterlicherundfetalerUrsache";"O334"
10234;"BetreuungderMutterbeiMißverhältnisdurchungewöhnlichgroßenFeten,FetalesMißverhältniso.n.A.,MißverhältnisfetalerUrsachebeinormalausgebildetemFeten";"O335"
10235;"BetreuungderMutterbeiMißverhältnisdurchHydrozephalusdesFeten";"O336"
10236;"BetreuungderMutterbeiMißverhältnisdurchsonstigeDeformitätendesFeten";"O337"
10237;"BetreuungderMutterbeiMißverhältnissonstigenUrsprungs";"O338"
10238;"BetreuungderMutterbeiMißverhältnis,nichtnäherbezeichnet,MißverhältniszwischenFetundBeckeno.n.A.,MißverhältniszwischenKopfundBeckeno.n.A.";"O339"
10240;"BetreuungderMutterbeiangeborenerFehlbildungdesUterus,BetreuungderMutterbei:Uterusbicornis,Uterusduplex";"O340"
10241;"BetreuungderMutterbeiTumordesCorpusuteri,BetreuungderMutterbei:LeiomyomdesUterus,PolypdesCorpusuteri";"O341"
10242;"BetreuungderMutterbeiUterusnarbedurchvorangegangenenchirurgischenEingriff,BetreuungderMutterbeiNarbedurchvorangegangeneSchnittentbindung";"O342"
10243;"BetreuungderMutterbeiZervixinsuffizienz,BetreuungderMutterbei:Cerclage,Shirodkar-Naht,mitoderohneAngabevonZervixinsuffizienz";"O343"
10244;"BetreuungderMutterbeisonstigenAnomalienderCervixuteri";"O344"
10245;"BetreuungderMutterbeisonstigenAnomaliendesgravidenUterus,BetreuungderMutterbei:Inkarzeration,Prolaps,Retroversion,desgravidenUterus";"O345"
10246;"BetreuungderMutterbeiAnomaliederVagina";"O346"
10247;"BetreuungderMutterbeiAnomaliederVulvaunddesPerineums:FibrosedesPerineums,RigiditätdesPerineums,TumorderVulva,vorangegangenemchirurgischemEingriffanPerineumoderVulva";"O347"
10248;"BetreuungderMutterbeisonstigenAnomalienderBeckenorgane,BetreuungderMutterbei:Beckenbodenplastik(vorangegangen),Hängebauch,Rektozele,RigiditätdesBeckenbodens,Zystozele";"O348"
10249;"BetreuungderMutterbeiAnomaliederBeckenorgane,nichtnäherbezeichnet";"O349"
10251;"BetreuungderMutterbei(Verdachtauf)FehlbildungdesZentralnervensystemsbeimFeten,BetreuungderMutterbei(Verdachtauf):Anenzephalus,Spinabifida,beimFeten";"O350"
10252;"BetreuungderMutterbei(Verdachtauf)ChromosomenanomaliebeimFeten";"O351"
10253;"BetreuungderMutterbei(Verdachtauf)hereditäreKrankheitbeimFeten";"O352"
10254;"BetreuungderMutterbei(Verdachtauf)SchädigungdesFetendurchViruskrankheitderMutter,BetreuungderMutterbei(Verdachtauf)SchädigungdesFetendurchmütterliche:Röteln,Zytomegalie";"O353"
10255;"BetreuungderMutterbei(Verdachtauf)SchädigungdesFetendurchAlkohol";"O354"
10256;"BetreuungderMutterbei(Verdachtauf)SchädigungdesFetendurchArzneimitteloderDrogen,BetreuungderMutterbei(Verdachtauf)SchädigungdesFetendurchArzneimittel-oderDrogenabhängigkeit";"O355"
10257;"BetreuungderMutterbei(Verdachtauf)SchädigungdesFetendurchStrahleneinwirkung";"O356"
10258;"BetreuungderMutterbei(Verdachtauf)SchädigungdesFetendurchsonstigemedizinischeMaßnahmen";"O357"
10259;"BetreuungderMutterbei(Verdachtauf)sonstigeAnomalieoderSchädigungdesFeten,BetreuungderMutterbei(Verdachtauf)SchädigungdesFetendurchmütterliche:Listeriose,Toxoplasmose";"O358"
10260;"BetreuungderMutterbei(Verdachtauf)AnomalieoderSchädigungdesFeten,nichtnäherbezeichnet";"O359"
10262;"BetreuungderMutterwegenRhesus-Isoimmunisierung,Anti-D-Antikörper[Rh-Antikörper],Rh-Inkompatibilität(mitHydropsfetalis)";"O360"
10263;"BetreuungderMutterwegensonstigerIsoimmunisierung,AB0-Isoimmunisierung,Isoimmunisierungo.n.A.(mitHydropsfetalis)";"O361"
10264;"BetreuungderMutterwegenHydropsfetalis,Hydropsfetalis:nichtinVerbindungmitIsoimmunisierung,o.n.A.";"O362"
10265;"BetreuungderMutterwegenAnzeichenfürfetaleHypoxie";"O363"
10266;"BetreuungderMutterwegenintrauterinenFruchttodes";"O364"
10267;"BetreuungderMutterwegenfetalerWachstumsretardierung";"O365"
10268;"BetreuungderMutterwegenfetalerHypertrophie,BetreuungderMutterwegenfestgestellterodervermuteterfetalerHypertrophie[zugroßfürdasGestationsalter][Large-for-dates]";"O366"
10270;"BetreuungderMutterwegensonstigernäherbezeichneterKomplikationenbeimFeten";"O368"
10271;"BetreuungderMutterwegenKomplikationbeimFeten,nichtnäherbezeichnet";"O369"
10272;"Polyhydramnion,Hydramnion";"O40"
10274;"Oligohydramnion,OligohydramnionohneAngabevonBlasensprung";"O410"
10275;"InfektionderFruchtblaseundderEihäute,Amnionitis,Chorioamnionitis,EntzündungderEihäute,Plazentitis";"O411"
10276;"SonstigenäherbezeichneteVeränderungendesFruchtwassersundderEihäute";"O418"
10277;"VeränderungdesFruchtwassersundderEihäute,nichtnäherbezeichnet";"O419"
10279;"VorzeitigerBlasensprung,Wehenbeginninnerhalbvon24Stunden";"O420"
10280;"VorzeitigerBlasensprung,WehenbeginnnachAblaufvon24Stunden";"O421"
10281;"VorzeitigerBlasensprung,WehenhemmungdurchTherapie";"O422"
10282;"VorzeitigerBlasensprung,nichtnäherbezeichnet";"O429"
10284;"TransplazentareTransfusionssyndrome,Transfusion:fetofetal,fetomaternal,maternofetal";"O430"
10285;"FehlbildungderPlazenta,AnomaliederPlazentao.n.A.,Placentacircumvallata";"O431"
14517;"KrankhaftanhaftendePlazenta";"O432"
10286;"SonstigepathologischeZuständederPlazenta,Plazentainfarkt,PlazentareDysfunktion";"O438"
10287;"PathologischerZustandderPlazenta,nichtnäherbezeichnet";"O439"
10289;"PlacentapraeviamitderAngabe:ohneBlutung,TieferSitzderPlazentamitderAngabe:ohneBlutung";"O440"
10290;"PlacentapraeviamitBlutung,Placentapraevia:marginalis,partialis,totalis,mitBlutungodero.n.A.,TieferSitzderPlazentao.n.A.odermitBlutung";"O441"
10292;"VorzeitigePlazentalösungbeiGerinnungsstörung";"O450"
10293;"SonstigevorzeitigePlazentalösung";"O458"
10294;"VorzeitigePlazentalösung,nichtnäherbezeichnet,Abruptioplacentaeo.n.A.";"O459"
10296;"PräpartaleBlutungbeiGerinnungsstörung,PräpartaleBlutung(verstärkt)imZusammenhangmit:Afibrinogenämie,disseminierterintravasalerGerinnung,Hyperfibrinolyse,Hypofibrinogenämie";"O460"
10297;"SonstigepräpartaleBlutung";"O468"
10298;"PräpartaleBlutung,nichtnäherbezeichnet";"O469"
10300;"FrustraneKontraktionenvordervollendeten37.Schwangerschaftswoche";"O470"
10301;"FrustraneKontraktionenab37odermehrvollendetenSchwangerschaftswochen";"O471"
10302;"FrustraneKontraktionen,nichtnäherbezeichnet";"O479"
10303;"ÜbertrageneSchwangerschaft,Tragzeitüberschreitung";"O48"
14518;"VorzeitigeWehenohneEntbindung";"O600"
14519;"VorzeitigespontaneWehenmitvorzeitigerEntbindung";"O601"
14520;"VorzeitigeWehenmittermingerechterEntbindung";"O602"
14521;"VorzeitigeEntbindungohnespontaneWehen";"O603"
10306;"MißlungenemedikamentöseGeburtseinleitung,MißlungeneInduktion(vonWehen)durch:Oxytozin[Ocytocin],Prostaglandine";"O610"
10307;"MißlungeneinstrumentelleGeburtseinleitung,MißlungeneGeburtseinleitung:mechanisch,operativ";"O611"
10308;"SonstigemißlungeneGeburtseinleitung";"O618"
10309;"MißlungeneGeburtseinleitung,nichtnäherbezeichnet";"O619"
10311;"PrimäreWehenschwäche,AusbleibenderEröffnungderCervixuteri,PrimärehypotoneuterineDysfunktion";"O620"
10312;"SekundäreWehenschwäche,SekundärehypotoneuterineDysfunktion,UnterbrocheneaktiveWehenphase";"O621"
10313;"SonstigeWehenschwäche,GeringeKontraktionen,HypotoneuterineDysfunktiono.n.A.,SporadischeWehen,UnregelmäßigeWehen,Uterusatonie,Wehenschwächeo.n.A.";"O622"
10314;"ÜberstürzteGeburt";"O623"
10315;"Hypertone,unkoordinierteundanhaltendeUteruskontraktionen";"O624"
10316;"SonstigeabnormeWehentätigkeit";"O628"
10317;"AbnormeWehentätigkeit,nichtnäherbezeichnet";"O629"
10319;"ProtrahiertverlaufendeEröffnungsperiode(beiderGeburt)";"O630"
10320;"ProtrahiertverlaufendeAustreibungsperiode(beiderGeburt)";"O631"
10321;"ProtrahierteGeburtdeszweitenZwillings,Drillingsusw.";"O632"
10322;"ProtrahierteGeburt,nichtnäherbezeichnet,ProtrahierteGeburto.n.A.";"O639"
10324;"GeburtshindernisdurchunvollständigeDrehungdeskindlichenKopfes";"O640"
10325;"GeburtshindernisdurchBeckenendlage";"O641"
10326;"GeburtshindernisdurchGesichtslage,GeburtshindernisdurchKinnlage";"O642"
10327;"GeburtshindernisdurchStirnlage";"O643"
10328;"GeburtshindernisdurchQuerlage,Armvorfall";"O644"
10329;"GeburtshindernisdurchkombinierteEinstellungsanomalien";"O645"
10330;"GeburtshindernisdurchsonstigeLage-,Haltungs-undEinstellungsanomalien";"O648"
10331;"GeburtshindernisdurchLage-,Haltungs-undEinstellungsanomalien,nichtnäherbezeichnet";"O649"
10333;"GeburtshindernisdurchBeckendeformität";"O650"
10334;"GeburtshindernisdurchallgemeinverengtesBecken";"O651"
10335;"GeburtshindernisdurchBeckeneingangsverengung";"O652"
10336;"GeburtshindernisdurchBeckenausgangsverengungundVerengunginBeckenmitte";"O653"
10337;"GeburtshindernisdurchMißverhältniszwischenFetundBecken,nichtnäherbezeichnet";"O654"
10338;"GeburtshindernisdurchAnomaliedermütterlichenBeckenorgane,GeburtshindernisdurchZustände,dieunterO34.-aufgeführtsind";"O655"
10339;"GeburtshindernisdurchsonstigeAnomaliendesmütterlichenBeckens";"O658"
10340;"GeburtshindernisdurchAnomaliedesmütterlichenBeckens,nichtnäherbezeichnet";"O659"
10342;"GeburtshindernisdurchSchulterdystokie,EingekeilteSchultern";"O660"
10343;"GeburtshindernisdurchverhakteZwillinge";"O661"
10344;"GeburtshindernisdurchungewöhnlichgroßenFeten";"O662"
10345;"GeburtshindernisdurchsonstigeAnomaliendesFeten";"O663"
10346;"MißlungenerVersuchderGeburtsbeendigung,nichtnäherbezeichnet,MißlungenerVersuchderGeburtsbeendigungmitnachfolgenderSchnittentbindung";"O664"
10347;"MißlungenerVersucheinerVakuum-oderZangenextraktion,nichtnäherbezeichnet,MißlungeneAnwendungvonVakuumextraktoroderZangemitnachfolgenderZangen-oderSchnittentbindung";"O665"
10348;"SonstigesnäherbezeichnetesGeburtshindernis";"O668"
10349;"Geburtshindernis,nichtnäherbezeichnet,Dystokie:durchfetaleUrsacheno.n.A.,durchmütterlicheUrsacheno.n.A.,o.n.A.";"O669"
10351;"IntrapartaleBlutungbeiGerinnungsstörung,IntrapartaleBlutung(verstärkt)imZusammenhangmit:Afibrinogenämie,disseminierterintravasalerGerinnung,Hyperfibrinolyse,Hypofibrinogenämie";"O670"
10352;"SonstigeintrapartaleBlutung,VerstärkteintrapartaleBlutung";"O678"
10353;"IntrapartaleBlutung,nichtnäherbezeichnet";"O679"
10355;"KomplikationenbeiWehenundEntbindungdurchabnormefetaleHerzfrequenz,Fetal:Bradykardie,Tachykardie,unregelmäßigeHerzfrequenz";"O680"
10356;"KomplikationenbeiWehenundEntbindungdurchMekoniumimFruchtwasser";"O681"
10357;"KomplikationenbeiWehenundEntbindungdurchabnormefetaleHerzfrequenzmitMekoniumimFruchtwasser";"O682"
10358;"KomplikationenbeiWehenundEntbindungdurchfetalenDistreß,biochemischnachgewiesen,Azidose,GestörterSäure-Basen-Haushalt,beimFeten";"O683"
10359;"KomplikationenbeiWehenundEntbindungdurchfetalenDistreß,mittelsandererUntersuchungsmethodennachgewiesen,NachweisvonfetalemDistreßdurch:Elektrokardiogramm,Ultraschall";"O688"
10360;"KomplikationbeiWehenundEntbindungdurchfetalenDistreß,nichtnäherbezeichnet";"O689"
10362;"KomplikationenbeiWehenundEntbindungdurchNabelschnurvorfall";"O690"
10363;"KomplikationenbeiWehenundEntbindungdurchNabelschnurumschlingungdesHalsesmitKompressionderNabelschnur";"O691"
10364;"KomplikationenbeiWehenundEntbindungdurchsonstigeNabelschnurverschlingung,Nabelschnurknoten,NabelschnurverschlingungbeimonoamniotischenZwillingen";"O692"
10365;"KomplikationenbeiWehenundEntbindungdurchzukurzeNabelschnur";"O693"
10366;"KomplikationenbeiWehenundEntbindungdurchVasapraevia,BlutungbeiVasapraevia";"O694"
10367;"KomplikationenbeiWehenundEntbindungdurchGefäßverletzungderNabelschnur,Nabelschnur:Hämatom,Quetschung,ThrombosederNabelschnurgefäße";"O695"
10368;"KomplikationenbeiWehenundEntbindungdurchsonstigeNabelschnurkomplikationen";"O698"
10369;"KomplikationbeiWehenundEntbindungdurchNabelschnurkomplikation,nichtnäherbezeichnet";"O699"
10371;"Dammriß1.GradesunterderGeburt,Verletzung,RupturoderRißdesPerineums(mitBeteiligungvon):Frenulumlabiorumpudendi,geringfügig,Haut,Labien,Vagina,Vulva,unterderGeburt";"O700"
10372;"Dammriß2.GradesunterderGeburt,Verletzung,RupturoderRißdesPerineums,wieunterO70.0angegeben,außerdemmitBeteiligungvon:Beckenboden,Dammuskulatur,Vaginalmuskulatur,unterderGeburt";"O701"
10373;"Dammriß3.GradesunterderGeburt,Verletzung,RupturoderRißdesPerineums,wieunterO70.1angegeben,außerdemmitBeteiligungvon:Septumrectovaginale,Sphincterani,Sphinktero.n.A.";"O702"
10374;"Dammriß4.GradesunterderGeburt,Verletzung,RupturoderRißdesPerineums,wieunterO70.2angegeben,außerdemmitBeteiligungvon:Analschleimhaut,RektumschleimhautunterderGeburt";"O703"
10375;"DammrißunterderGeburt,nichtnäherbezeichnet";"O709"
10377;"UterusrupturvorWehenbeginn";"O710"
10378;"UterusrupturwährendderGeburt,UterusrupturohneAngabe,obvorWehenbeginneingetreten";"O711"
10379;"Inversiouteri,postpartal";"O712"
10380;"ZervixrißunterderGeburt,RingförmigeZervixabtrennung";"O713"
10381;"HoherScheidenrißunterderGeburtohneDammriß,VerletzungderScheidenwandohneAngabeeinerVerletzungdesPerineums";"O714"
10382;"SonstigeVerletzungvonBeckenorganenunterderGeburt,VerletzungunterderGeburt:Harnblase,Urethra";"O715"
10383;"SchädigungvonBeckengelenkenund-bändernunterderGeburt,AbrißdesinnerenSymphysenknorpels,SchädigungdesSteißbeins,TraumatischeSymphysensprengungunterderGeburt";"O716"
10384;"BeckenhämatomunterderGeburt,HämatomunterderGeburt:Perineum,Vagina,Vulva";"O717"
10385;"SonstigenäherbezeichneteVerletzungenunterderGeburt";"O718"
10386;"VerletzungunterderGeburt,nichtnäherbezeichnet";"O719"
10388;"BlutunginderNachgeburtsperiode,Blutung,verbundenmitPlazentaretentionoderPlacentaadhaerens,Plazentaretentiono.n.A.";"O720"
10389;"SonstigeunmittelbarpostpartalauftretendeBlutung,BlutungnachAusstoßungderPlazenta,PostpartaleBlutung(atonisch)o.n.A.";"O721"
10390;"SpätblutungundspäteNachgeburtsblutung,BlutunginVerbindungmitRetentionvonPlazenta-oderEihautresten,RetentionvonKonzeptionsprodukteno.n.A.,nachEntbindung";"O722"
10391;"PostpartaleGerinnungstörungen,Postpartal:Afibrinogenämie,Fibrinolyse";"O723"
10393;"RetentionderPlazentaohneBlutung,PlacentaadhaerensohneBlutung";"O730"
10394;"RetentionvonPlazenta-oderEihautrestenohneBlutung,RetentionvonKonzeptionsproduktennachEntbindung,ohneBlutung";"O731"
10396;"AspirationspneumoniedurchAnästhesiewährendderWehentätigkeitundbeiderEntbindung";"O740"
10397;"SonstigepulmonaleKomplikationenbeiAnästhesiewährendderWehentätigkeitundbeiderEntbindung,PneumothoraxdurchAnästhesiewährendderWehentätigkeitundbeiderEntbindung";"O741"
10398;"KardialeKomplikationenbeiAnästhesiewährendderWehentätigkeitundbeiderEntbindung,Herz:Stillstand,Versagen,durchAnästhesiewährendderWehentätigkeitundbeiderEntbindung";"O742"
10400;"ToxischeReaktionaufLokalanästhesiewährendderWehentätigkeitundbeiderEntbindung";"O744"
10401;"KopfschmerzennachSpinal-oderPeriduralanästhesiewährendderWehentätigkeitundbeiderEntbindung";"O745"
10402;"SonstigeKomplikationenbeiSpinal-oderPeriduralanästhesiewährendderWehentätigkeitundbeiderEntbindung";"O746"
10403;"MißlingenoderSchwierigkeitenbeiderIntubationwährendderWehentätigkeitundbeiderEntbindung";"O747"
10404;"SonstigeKomplikationenbeiAnästhesiewährendderWehentätigkeitundbeiderEntbindung";"O748"
10405;"KomplikationbeiAnästhesiewährendderWehentätigkeitundbeiderEntbindung,nichtnäherbezeichnet";"O749"
10407;"MütterlicherGefahrenzustandwährendderWehentätigkeitundbeiderEntbindung,MaternalerDistreß";"O750"
10408;"SchockwährendodernachWehentätigkeitundEntbindung,Geburtsschock";"O751"
10409;"FieberunterderGeburt,anderenortsnichtklassifiziert";"O752"
10410;"SonstigeInfektionunterderGeburt,SepsisunterderGeburt";"O753"
10411;"SonstigeKomplikationenbeigeburtshilflichenOperationenundMaßnahmen";"O754"
10412;"ProtrahierteGeburtnachBlasensprengung";"O755"
10413;"ProtrahierteGeburtnachspontanemodernichtnäherbezeichnetemBlasensprung";"O756"
10414;"VaginaleEntbindungnachvorangegangenerSchnittentbindung";"O757"
10415;"SonstigenäherbezeichneteKomplikationenbeiWehentätigkeitundEntbindung";"O758"
10416;"KomplikationbeiWehentätigkeitundEntbindung,nichtnäherbezeichnet";"O759"
10418;"SpontangeburtausSchädellage";"O800"
10419;"SpontangeburtausBeckenendlage";"O801"
10420;"SonstigeSpontangeburteinesEinlings";"O808"
10421;"SpontangeburteinesEinlings,nichtnäherbezeichnet,Spontangeburto.n.A.";"O809"
10423;"ZangenentbindungausBeckenausgang";"O810"
10424;"ZangenentbindungausBeckenmitte";"O811"
10425;"ZangenentbindungausBeckenmittemitRotation";"O812"
10426;"SonstigeundnichtnäherbezeichneteZangenentbindung";"O813"
10427;"EntbindungmittelsVakuumextraktor,EntbindungmittelsSaugglocke";"O814"
10428;"EntbindungmittelsKombinationvonVakuum-undZangenextraktion,EntbindungmittelsVakuumextraktorundZange";"O815"
10430;"GeburtdurchelektiveSchnittentbindung,PrimäreSektio,Re-Sectiocaesareao.n.A.";"O820"
10431;"GeburtdurchSchnittentbindungbeiGefahrenzustandfürMutteroderKind,SekundäreSektio";"O821"
10432;"GeburtdurchSchnittentbindungmitHysterektomie";"O822"
10433;"SonstigeGeburteinesEinlingsdurchSchnittentbindung";"O828"
10434;"GeburtdurchSchnittentbindung,nichtnäherbezeichnet";"O829"
10436;"ExtraktionausBeckenendlage";"O830"
10437;"ManualhilfebeiEntbindungausBeckenendlage,EntbindungausBeckenendlageo.n.A.";"O831"
10438;"SonstigegeburtshilflicheHandgriffebeiEntbindung,WendungmitExtraktion";"O832"
10439;"EntbindungeineslebensfähigenFetenbeiAbdominalgravidität";"O833"
10441;"SonstigenäherbezeichnetegeburtshilflicheMaßnahmenbeiGeburteinesEinlings";"O838"
10442;"GeburtshilflicheMaßnahmebeiGeburteinesEinlings,nichtnäherbezeichnet,GeburtshilflicheMaßnahmebeiEntbindungo.n.A.";"O839"
10444;"Mehrlingsgeburt,SpontangeburtallerKinder";"O840"
10445;"Mehrlingsgeburt,GeburtallerKinderdurchVakuum-oderZangenextraktion";"O841"
10446;"Mehrlingsgeburt,GeburtallerKinderdurchSchnittentbindung";"O842"
10447;"SonstigeMehrlingsgeburt,MehrlingsgeburtdurchkombinierteMethoden";"O848"
10448;"Mehrlingsgeburt,ArtderGeburtnichtnäherbezeichnet";"O849"
10449;"Puerperalfieber,Kindbettfieber,Puerperal:Endometritis,Peritonitis,Sepsis,Septikämie";"O85"
10451;"InfektionderWundenachoperativemgeburtshilflichemEingriff,Infiziert:Dammnaht,Schnittentbindungswunde,nachEntbindung";"O860"
10452;"SonstigeInfektiondesGenitaltraktesnachEntbindung,Vaginitis,Zervizitis,nachEntbindung";"O861"
10453;"InfektiondesHarntraktesnachEntbindung,KrankheitszuständeunterN10-N12,N15.-,N30.-,N34.-,N39.0nachEntbindung";"O862"
10454;"SonstigeInfektionendesUrogenitaltraktesnachEntbindung,WochenbettinfektiondesUrogenitaltrakteso.n.A.";"O863"
10455;"FieberunbekanntenUrsprungsnachEntbindung,Fiebero.n.A.,Infektiono.n.A.,imWochenbett";"O864"
10456;"SonstigenäherbezeichneteWochenbettinfektionen";"O868"
10458;"OberflächlicheThrombophlebitisimWochenbett";"O870"
10459;"TiefeVenenthromboseimWochenbett,ThrombophlebitisderBeckenvenen,postpartal,TiefeVenenthrombose,postpartal";"O871"
10460;"HämorrhoidenimWochenbett";"O872"
10461;"HirnvenenthromboseimWochenbett,ZerebrovenöseSinusthromboseimWochenbett";"O873"
10462;"SonstigeVenenkrankheitenalsKomplikationimWochenbett,GenitalvarizenimWochenbett";"O878"
10463;"VenenkrankheitalsKomplikationimWochenbett,nichtnäherbezeichnet,Puerperal:Phlebitiso.n.A.,Phlebopathieo.n.A.,Thromboseo.n.A.";"O879"
10466;"Fruchtwasserembolie";"O881"
10467;"ThromboemboliewährendderGestationsperiode,Embolie(Lunge)o.n.A.imWochenbett,Embolie(Lunge)o.n.A.währendderGestationsperiode";"O882"
10468;"PyämischeundseptischeEmboliewährendderGestationsperiode";"O883"
10469;"SonstigeEmboliewährendderGestationsperiode,FettemboliewährendderGestationsperiode";"O888"
10471;"PulmonaleKomplikationenbeiAnästhesieimWochenbett,AspirationvonMageninhaltoder-sekreto.n.A.,Aspirationspneumonie,Mendelson-Syndrom,PneumothoraxdurchAnästhesieimWochenbett";"O890"
10472;"KardialeKomplikationenbeiAnästhesieimWochenbett,Herz:Stillstand,Versagen,durchAnästhesieimWochenbett";"O891"
10473;"KomplikationendesZentralnervensystemsbeiAnästhesieimWochenbett,ZerebraleAnoxiedurchAnästhesieimWochenbett";"O892"
10475;"KopfschmerzennachSpinal-oderPeriduralanästhesieimWochenbett";"O894"
10476;"SonstigeKomplikationennachSpinal-oderPeriduralanästhesieimWochenbett";"O895"
10478;"SonstigeKomplikationenbeiAnästhesieimWochenbett";"O898"
10481;"DehiszenzeinerSchnittentbindungswunde";"O900"
10482;"DehiszenzeinergeburtshilflichenDammwunde,DehiszenzeinerWunde:Dammriß,Episiotomie,SekundärerDammriß";"O901"
10483;"HämatomeinergeburtshilflichenWunde";"O902"
10484;"KardiomyopathieimWochenbett,KrankheitszuständeunterI42.-";"O903"
10485;"PostpartalesakutesNierenversagen,HepatorenalesSyndromnachWehenundEntbindung";"O904"
10486;"PostpartaleThyreoiditis";"O905"
10487;"SonstigeWochenbettkomplikationen,anderenortsnichtklassifiziert,Plazentapolyp";"O908"
10488;"Wochenbettkomplikation,nichtnäherbezeichnet";"O909"
10490;"InfektionderBrustwarzeimZusammenhangmitderGestation,AbszeßderBrustwarze:imWochenbett,schwangerschaftsbedingt";"O910"
10491;"AbszeßderMammaimZusammenhangmitderGestation,EitrigeMastitis,Mammaabszeß,Subareolarabszeß,schwangerschaftsbedingtoderimWochenbett";"O911"
10492;"NichteitrigeMastitisimZusammenhangmitderGestation,LymphangitisderMamma,Mastitis:interstitiell,parenchymatös,o.n.A.,schwangerschaftsbedingtoderimWochenbett";"O912"
10494;"HohlwarzeimZusammenhangmitderGestation";"O920"
10495;"RhagadederBrustwarzeimZusammenhangmitderGestation,FissurderBrustwarze,schwangerschaftsbedingtoderimWochenbett";"O921"
10496;"SonstigeundnichtnäherbezeichneteKrankheitenderMammaimZusammenhangmitderGestation";"O922"
10497;"Agalaktie,PrimäreAgalaktie";"O923"
10498;"Hypogalaktie";"O924"
10499;"HemmungderLaktation,Agalaktie:elektiv,sekundär,therapeutisch";"O925"
10500;"Galaktorrhoe";"O926"
10501;"SonstigeundnichtnäherbezeichneteLaktationsstörungen,PuerperaleGalaktozele";"O927"
14522;"FolgenvonKomplikationenwährendSchwangerschaft,GeburtundWochenbett";"O94"
10502;"SterbefallwährendderGestationsperiodenichtnäherbezeichneterUrsache,TodderMutterinfolgenichtnäherbezeichneterUrsachewährendderSchwangerschaft,derWehenundGeburtoderimWochenbett";"O95"
14748;"TodinfolgenichtnäherbezeichnetergestationsbedingterUrsachennachmehrals42TagenbisuntereinemJahrnachderEntbindung";"O969"
14754;"TodandenFolgenindirektgestationsbedingterUrsachen";"O971"
10506;"Tuberkulose,dieSchwangerschaft,GeburtundWochenbettkompliziert,KrankheitszuständeunterA15-A19";"O980"
10507;"Syphilis,dieSchwangerschaft,GeburtundWochenbettkompliziert,KrankheitszuständeunterA50-A53";"O981"
10508;"Gonorrhoe,dieSchwangerschaft,GeburtundWochenbettkompliziert,KrankheitszuständeunterA54.-";"O982"
10509;"SonstigeInfektionen,hauptsächlichdurchGeschlechtsverkehrübertragen,dieSchwangerschaft,GeburtundWochenbettkomplizieren,KrankheitszuständeunterA55-A64";"O983"
10510;"Virushepatitis,dieSchwangerschaft,GeburtundWochenbettkompliziert,KrankheitszuständeunterB15-B19";"O984"
10511;"SonstigeViruskrankheiten,dieSchwangerschaft,GeburtundWochenbettkomplizieren,KrankheitszuständeunterA80-B09,B25-B34";"O985"
10512;"Protozoenkrankheiten,dieSchwangerschaft,GeburtoderWochenbettkomplizieren,KrankheitszuständeunterB50-B64";"O986"
14523;"HIV-Krankheit[HumaneImmundefizienz-Viruskrankheit],dieSchwangerschaft,GeburtundWochenbettkompliziert";"O987"
10513;"SonstigeinfektiöseundparasitäreKrankheitenderMutter,dieSchwangerschaft,GeburtundWochenbettkomplizieren";"O988"
10514;"NichtnäherbezeichneteinfektiöseoderparasitäreKrankheitderMutter,dieSchwangerschaft,GeburtundWochenbettkompliziert";"O989"
10516;"Anämie,dieSchwangerschaft,GeburtundWochenbettkompliziert,KrankheitszuständeunterD50-D64";"O990"
10517;"SonstigeKrankheitendesBlutesundderblutbildendenOrganesowiebestimmteStörungenmitBeteiligungdesImmunsystems,dieSchwangerschaft,GeburtundWochenbettkomplizieren";"O991"
10518;"Endokrine,Ernährungs-undStoffwechselkrankheiten,dieSchwangerschaft,GeburtundWochenbettkomplizieren,KrankheitszuständeunterE00-E90";"O992"
10519;"PsychischeKrankheitensowieKrankheitendesNervensystems,dieSchwangerschaft,GeburtundWochenbettkomplizieren,KrankheitszuständeunterF00-F99undG00-G99";"O993"
10520;"KrankheitendesKreislaufsystems,dieSchwangerschaft,GeburtundWochenbettkomplizieren,KrankheitszuständeunterI00-I99";"O994"
10521;"KrankheitendesAtmungssystems,dieSchwangerschaft,GeburtundWochenbettkomplizieren,KrankheitszuständeunterJ00-J99";"O995"
10522;"KrankheitendesVerdauungssystems,dieSchwangerschaft,GeburtundWochenbettkomplizieren,KrankheitszuständeunterK00-K93";"O996"
10523;"KrankheitenderHautunddesUnterhautgewebes,dieSchwangerschaft,GeburtundWochenbettkomplizieren,KrankheitszuständeunterL00-L99";"O997"
10524;"SonstigenäherbezeichneteKrankheitenundZustände,dieSchwangerschaft,GeburtundWochenbettkomplizieren";"O998"
10526;"SchädigungdesFetenundNeugeborenendurchhypertensiveKrankheitenderMutter,SchädigungdesFetenoderNeugeborenendurchZuständederMutter,dieunterO10-O11undO13-O16klassifizierbarsind";"P000"
10527;"SchädigungdesFetenundNeugeborenendurchNieren-undHarnwegskrankheitenderMutter,SchädigungdesFetenoderNeugeborenendurchZuständederMutter,dieunterN00-N39klassifizierbarsind";"P001"
10528;"SchädigungdesFetenundNeugeborenendurchinfektiöseundparasitäreKrankheitenderMutter";"P002"
10529;"SchädigungdesFetenundNeugeborenendurchsonstigeKreislauf-undAtemwegskrankheitenderMutter";"P003"
10530;"SchädigungdesFetenundNeugeborenendurchErnährungsstörungderMutter";"P004"
10531;"SchädigungdesFetenundNeugeborenendurchVerletzungderMutter";"P005"
10532;"SchädigungdesFetenundNeugeborenendurchchirurgischenEingriffbeiderMutter";"P006"
10533;"SchädigungdesFetenundNeugeborenendurchsonstigemedizinischeMaßnahmenbeiderMutter,anderenortsnichtklassifiziert";"P007"
10534;"SchädigungdesFetenundNeugeborenendurchsonstigeZuständederMutter";"P008"
10535;"SchädigungdesFetenundNeugeborenendurchnichtnäherbezeichnetenZustandderMutter";"P009"
10537;"SchädigungdesFetenundNeugeborenendurchZervixinsuffizienz";"P010"
10538;"SchädigungdesFetenundNeugeborenendurchvorzeitigenBlasensprung";"P011"
10539;"SchädigungdesFetenundNeugeborenendurchOligohydramnion";"P012"
10540;"SchädigungdesFetenundNeugeborenendurchPolyhydramnion,Hydramnion";"P013"
10541;"SchädigungdesFetenundNeugeborenenbeiExtrauteringravidität,Abdominalgravidität";"P014"
10542;"SchädigungdesFetenundNeugeborenenbeiMehrlingsschwangerschaft,Drillingsschwangerschaft,Zwillingsschwangerschaft";"P015"
10543;"SchädigungdesFetenundNeugeborenendurchTodderMutter";"P016"
10544;"SchädigungdesFetenundNeugeborenendurchLageanomalievorWehenbeginn,ÄußereWendung,Beckenendlage,Gesichtslage,Querlage,WechselndeKindslage,vorWehenbeginn";"P017"
10545;"SchädigungdesFetenundNeugeborenendurchsonstigemütterlicheSchwangerschaftskomplikationen,Spontanabort,Fet";"P018"
10546;"SchädigungdesFetenundNeugeborenendurchmütterlicheSchwangerschaftskomplikation,nichtnäherbezeichnet";"P019"
10548;"SchädigungdesFetenundNeugeborenendurchPlacentapraevia";"P020"
10549;"SchädigungdesFetenundNeugeborenendurchsonstigeFormenderPlazentalösungund-blutung";"P021"
10550;"SchädigungdesFetenundNeugeborenendurchsonstigeundnichtnäherbezeichnetemorphologischeundfunktionellePlazentaanomalien,Plazenta-:Dysfunktion,Infarkt,Insuffizienz";"P022"
10551;"SchädigungdesFetenundNeugeborenendurchtransplazentareTransfusionssyndrome,FetofetaleodersonstigetransplazentareTransfusionalsFolgevonAnomalienderPlazentaundderNabelschnur";"P023"
10552;"SchädigungdesFetenundNeugeborenendurchNabelschnurvorfall";"P024"
10553;"SchädigungdesFetenundNeugeborenendurchsonstigeFormenderNabelschnurkompression,Nabelschnur(straff)umdenHals,Nabelschnurknoten,Nabelschnurverschlingung";"P025"
10554;"SchädigungdesFetenundNeugeborenendurchsonstigeundnichtnäherbezeichneteZuständederNabelschnur,Vasapraevia,ZukurzeNabelschnur";"P026"
10555;"SchädigungdesFetenundNeugeborenendurchChorioamnionitis,Amnionitis,EntzündungderEihäute,Plazentitis";"P027"
10557;"SchädigungdesFetenundNeugeborenendurchAnomaliederEihäute,nichtnäherbezeichnet";"P029"
10559;"SchädigungdesFetenundNeugeborenendurchEntbindungundExtraktionausBeckenendlage";"P030"
10560;"SchädigungdesFetenundNeugeborenendurchsonstigeLage-,Haltungs-undEinstellungsanomaliensowieMißverhältniswährendWehenundEntbindung";"P031"
10561;"SchädigungdesFetenundNeugeborenendurchZangenentbindung";"P032"
10562;"SchädigungdesFetenundNeugeborenendurchEntbindungmittelsVakuumextraktors[Saugglocke]";"P033"
10563;"SchädigungdesFetenundNeugeborenendurchSchnittentbindung";"P034"
10564;"SchädigungdesFetenundNeugeborenendurchüberstürzteGeburt,VerkürzteAustreibungsperiode";"P035"
10565;"SchädigungdesFetenundNeugeborenendurchabnormeUteruskontraktionen";"P036"
10566;"SchädigungdesFetenundNeugeborenendurchsonstigenäherbezeichneteKomplikationenbeiWehenundEntbindung";"P038"
10567;"SchädigungdesFetenundNeugeborenendurchKomplikationbeiWehenundEntbindung,nichtnäherbezeichnet";"P039"
10569;"SchädigungdesFetenundNeugeborenendurchAnästhesieundAnalgesiebeiderMutterwährendSchwangerschaft,WehenundEntbindung";"P040"
10570;"SchädigungdesFetenundNeugeborenendurchsonstigeMedikationbeiderMutterwieChemotherapiebeiKrebs,ZytotoxischeArzneimittel";"P041"
10571;"SchädigungdesFetenundNeugeborenendurchTabakkonsumderMutter";"P042"
10572;"SchädigungdesFetenundNeugeborenendurchAlkoholkonsumderMutter";"P043"
10573;"SchädigungdesFetenundNeugeborenendurchEinnahmevonabhängigkeitserzeugendenArzneimittelnoderDrogendurchdieMutter";"P044"
10574;"SchädigungdesFetenundNeugeborenendurchchemischeSubstanzen,diemitderNahrungderMutteraufgenommenwurden";"P045"
10576;"SchädigungendesFetenundNeugeborenendurchsonstigeNoxen,vonderMutterübertragen";"P048"
10577;"SchädigungdesFetenundNeugeborenendurchnichtnäherbezeichneteNoxen,vonderMutterübertragen";"P049"
10579;"FürdasGestationsalterzuleichteNeugeborene";"P050"
10580;"FürdasGestationsalterzukleineNeugeborene";"P051"
10581;"FetaleMangelernährungdesNeugeborenenohneAngabevonzuleichtoderzukleinfürdasGestationsalter[lightorsmallforgestationalage]";"P052"
10582;"IntrauterineMangelentwicklung,nichtnäherbezeichnet,FetaleWachstumsretardierungo.n.A.";"P059"
10584;"NeugeborenesmitextremniedrigemGeburtsgewicht,Geburtsgewichtvon999Grammoderweniger.";"P070"
10585;"NeugeborenesmitsonstigemniedrigemGeburtsgewicht,Geburtsgewichtvon1000bis2499Gramm.";"P071"
10586;")NeugeborenesmitsonstigemniedrigemGeburtsgewicht,Geburtsgewichtvon1000bis1499Gramm.";"P071"
10587;")NeugeborenesmitsonstigemniedrigemGeburtsgewicht,Geburtsgewichtvon1500bis1799Gramm.";"P071"
10588;")NeugeborenesmitsonstigemniedrigemGeburtsgewicht,Geburtsgewichtvon1800bis2499Gramm.";"P071"
10589;"NeugeborenesmitextremerUnreife,Gestationsaltervonwenigerals28vollendetenWochen(vonwenigerals196vollendetenTagen).";"P072"
10590;"SonstigevordemTerminGeborene,Gestationsaltervon28odermehrvollendetenWochen,jedochwenigerals37vollendetenWochen";"P073"
10591;")SonstigevordemTerminGeborene,Gestationsaltervon28oder29vollendetenWochen";"P073"
10592;")SonstigevordemTerminGeborene,Gestationsaltervon30bis32mehrvollendetenWochen";"P073"
10593;")SonstigevordemTerminGeborene,Gestationsaltervon33bis37vollendetenWochen";"P073"
10595;"ÜbergewichtigeNeugeborene.EinKindmiteinemGeburtsgewichtvon4500Grammodermehr.";"P080"
10596;"SonstigefürdasGestationsalterzuschwereNeugeborene.SonstigeFetenoderNeugeborene,diefürdasGestationsalterzuschweroderzugroßsind,ungeachtetderSchwangerschaftsdauer.";"P081"
10597;"NachdemTerminGeborenes,nichtzuschwerfürdasGestationsalter.FetoderNeugeborenesmiteinemGestationsaltervon42odermehrvollendetenWochen(294Tageodermehr)";"P082"
10599;"SubduraleBlutungdurchGeburtsverletzung,SubduralesHämatom(lokalisiert)durchGeburtsverletzung";"P100"
10600;"ZerebraleBlutungdurchGeburtsverletzung";"P101"
10601;"IntraventrikuläreBlutungdurchGeburtsverletzung";"P102"
10602;"SubarachnoidaleBlutungdurchGeburtsverletzung";"P103"
10603;"TentoriumrißdurchGeburtsverletzung";"P104"
10604;"SonstigeintrakranielleVerletzungenundBlutungendurchGeburtsverletzung";"P108"
10607;"HirnödemdurchGeburtsverletzung";"P110"
10608;"SonstigenäherbezeichneteHirnschädigungdurchGeburtsverletzung";"P111"
10610;"GeburtsverletzungdesN.facialis[VII.Hirnnerv],FazialislähmungdurchGeburtsverletzung";"P113"
10612;"GeburtsverletzungderWirbelsäuleunddesRückenmarkes,WirbelsäulenfrakturdurchGeburtsverletzung";"P115"
10615;"KephalhämatomdurchGeburtsverletzung";"P120"
10616;"GeburtsgeschwulstdurchGeburtsverletzung";"P121"
10617;"EpikraniellesubaponeurotischeBlutungdurchGeburtsverletzung";"P122"
10618;"QuetschwundederbehaartenKopfhautdurchGeburtsverletzung";"P123"
10619;"ÜberwachungsbedingteVerletzungderbehaartenKopfhautbeimNeugeborenen,Probeinzision,VerletzungdurchKopfschwartenklammer(Elektrode)";"P124"
10620;"SonstigeGeburtsverletzungenderbehaartenKopfhaut";"P128"
10621;"GeburtsverletzungderbehaartenKopfhaut,nichtnäherbezeichnet";"P129"
10623;"FrakturdesSchädelsdurchGeburtsverletzung";"P130"
10624;"SonstigeGeburtsverletzungdesSchädels";"P131"
10625;"GeburtsverletzungdesFemurs";"P132"
10626;"GeburtsverletzungsonstigerRöhrenknochen";"P133"
10627;"KlavikularfrakturdurchGeburtsverletzung";"P134"
10628;"GeburtsverletzungenansonstigenTeilendesSkeletts";"P138"
10629;"GeburtsverletzungdesSkeletts,nichtnäherbezeichnet";"P139"
10631;"Erb-LähmungdurchGeburtsverletzung,ObereArmplexuslähmung";"P140"
10632;"Klumpke-LähmungdurchGeburtsverletzung,UntereArmplexuslähmung";"P141"
10633;"LähmungdesN.phrenicusdurchGeburtsverletzung";"P142"
10634;"SonstigeGeburtsverletzungendesPlexusbrachialis";"P143"
10636;"GeburtsverletzungdesperipherenNervensystems,nichtnäherbezeichnet";"P149"
10638;"GeburtsverletzungderLeber,LeberrupturdurchGeburtsverletzung";"P150"
10640;"VerletzungdesM.sternocleidomastoideusdurchGeburtsverletzung";"P152"
10641;"GeburtsverletzungdesAuges,SubkonjunktivaleBlutung,TraumatischesGlaukom,durchGeburtsverletzung";"P153"
10642;"GeburtsverletzungdesGesichtes,BlutstauungdesGesichtesdurchGeburtsverletzung";"P154"
10643;"GeburtsverletzungderäußerenGenitalorgane";"P155"
10644;"AdiponecrosissubcutaneaneonatorumdurchGeburtsverletzung";"P156"
10645;"SonstigenäherbezeichneteGeburtsverletzungen";"P158"
10646;"Geburtsverletzung,nichtnäherbezeichnet";"P159"
10648;"IntrauterineHypoxie,erstmalsvorWehenbeginnfestgestellt";"P200"
10649;"IntrauterineHypoxie,erstmalswährendWehenundEntbindungfestgestellt";"P201"
10650;"IntrauterineHypoxie,nichtnäherbezeichnet";"P209"
10652;"SchwereAsphyxieunterderGeburt";"P210"
10653;"LeichteodermäßigeAsphyxieunterderGeburt";"P211"
10654;"AsphyxieunterderGeburt,nichtnäherbezeichnet,Anoxie,Asphyxie,Hypoxie,o.n.A.";"P219"
10656;"Atemnotsyndrom[Respiratorydistresssyndrome]desNeugeborenen,HyalineMembranenkrankheit";"P220"
10657;"TransitorischeTachypnoebeimNeugeborenen";"P221"
10658;"SonstigeAtemnot[Respiratorydistress]beimNeugeborenen";"P228"
10659;"Atemnot[Respiratorydistress]beimNeugeborenen,nichtnäherbezeichnet";"P229"
10661;"AngeborenePneumoniedurchViren";"P230"
10663;"AngeborenePneumoniedurchStaphylokokken";"P232"
10664;"AngeborenePneumoniedurchStreptokokken,GruppeB";"P233"
10667;"AngeborenePneumoniedurchsonstigeBakterien,Haemophilusinfluenzae,Klebsiellapneumoniae,Mykoplasma,Streptokokkus,ausgenommenGruppeB";"P236"
10668;"AngeborenePneumoniedurchsonstigeErreger";"P238"
10669;"AngeborenePneumonie,nichtnäherbezeichnet";"P239"
10671;"MekoniumaspirationdurchdasNeugeborene";"P240"
10672;"Fruchtwasser-undSchleimaspirationdurchdasNeugeborene,AspirationvonLiquor(amnii)";"P241"
10673;"BlutaspirationdurchdasNeugeborene";"P242"
10674;"AspirationvonMilchundregurgitierterNahrungdurchdasNeugeborene";"P243"
10675;"SonstigeAspirationssyndromebeimNeugeborenen";"P248"
10676;"AspirationssyndrombeimNeugeborenen,nichtnäherbezeichnet,NeonataleAspirationspneumonieo.n.A.";"P249"
10678;"InterstitiellesEmphysemmitUrsprunginderPerinatalperiode";"P250"
10679;"PneumothoraxmitUrsprunginderPerinatalperiode";"P251"
10680;"PneumomediastinummitUrsprunginderPerinatalperiode";"P252"
10681;"PneumoperikardmitUrsprunginderPerinatalperiode";"P253"
10682;"SonstigeZuständeinVerbindungmitinterstitiellemEmphysemmitUrsprunginderPerinatalperiode";"P258"
10684;"TracheobronchialeBlutungmitUrsprunginderPerinatalperiode";"P260"
10685;"MassiveLungenblutungmitUrsprunginderPerinatalperiode";"P261"
10686;"SonstigeLungenblutungmitUrsprunginderPerinatalperiode";"P268"
10687;"NichtnäherbezeichneteLungenblutungmitUrsprunginderPerinatalperiode";"P269"
10689;"Mikity-Wilson-Syndrom";"P270"
10690;"BronchopulmonaleDysplasiemitUrsprunginderPerinatalperiode";"P271"
10691;"SonstigechronischeAtemwegskrankheitenmitUrsprunginderPerinatalperiode,AngeboreneLungenfibrose,BeatmungslungebeimNeugeborenen";"P278"
10692;"NichtnäherbezeichnetechronischeAtemwegskrankheitmitUrsprunginderPerinatalperiode";"P279"
10694;"PrimäreAtelektasebeimNeugeborenen,FehlendeEntfaltungderterminalenLungenabschnitte,PulmonaleHypoplasieverbundenmitkurzerSchwangerschaftsdauer,UnreifederLungeno.n.A.";"P280"
10695;"SonstigeundnichtnäherbezeichneteAtelektasebeimNeugeborenen,Atelektase:partiell,sekundär,o.n.A.,ResorptionsatelektaseohneAtemnotsyndrom";"P281"
10696;"ZyanoseanfällebeimNeugeborenen";"P282"
10697;"PrimäreSchlafapnoebeimNeugeborenen,SchlafapnoebeimNeugeboreneno.n.A.";"P283"
10698;")primäreSchlafapnoebeimNeugeborenen,Dauer>15Sekunden,welchezurBeatmungmitdemBeutelodermehrals5malin8StundenzurexternenStimulationzwingt";"P283"
10699;")primäreSchlafapnoebeimNeugeborenen,NNB";"P283"
10700;"SonstigeApnoebeimNeugeborenen";"P284"
10701;")sonstigeSchlafapnoebeimNeugeborenen,Dauer>15Sekunden,welchezurBeatmungmitdemBeutelodermehrals5malin8StundenzurexternenStimulationzwingt";"P284"
10702;")sonstigeSchlafapnoebeimNeugeborenen,NNB";"P284"
10703;"RespiratorischesVersagenbeimNeugeborenen";"P285"
10704;"SonstigenäherbezeichneteStörungenderAtmungbeimNeugeborenen,ChronischerSchnupfenbeimNeugeborenen";"P288"
10705;"StörungderAtmungbeimNeugeborenen,nichtnäherbezeichnet";"P289"
10707;"HerzinsuffizienzbeimNeugeborenen";"P290"
10708;"HerzrhythmusstörungbeimNeugeborenen";"P291"
10709;"HypertoniebeimNeugeborenen";"P292"
10710;"PersistierenderFetalkreislauf,VerzögerterVerschlußdesDuctusarteriosus";"P293"
10711;"TransitorischeMyokardischämiebeimNeugeborenen";"P294"
10712;"SonstigekardiovaskuläreKrankheitenmitUrsprunginderPerinatalperiode";"P298"
10713;"KardiovaskuläreKrankheitmitUrsprunginderPerinatalperiode,nichtnäherbezeichnet";"P299"
10715;"Rötelnembryopathie,KongenitaleRöteln-Pneumonie";"P350"
10716;"AngeboreneZytomegalie";"P351"
10717;"AngeboreneInfektiondurchHerpesviren[Herpessimplex]";"P352"
10718;"AngeboreneVirushepatitis";"P353"
10719;"SonstigeangeboreneViruskrankheiten,AngeboreneVarizellen[Windpocken]";"P358"
10720;"AngeboreneViruskrankheit,nichtnäherbezeichnet";"P359"
10722;"SepsisbeimNeugeborenendurchStreptokokken,GruppeB";"P360"
10723;"SepsisbeimNeugeborenendurchsonstigeundnichtnäherbezeichneteStreptokokken";"P361"
10724;"SepsisbeimNeugeborenendurchStaphylococcusaureus";"P362"
10725;"SepsisbeimNeugeborenendurchsonstigeundnichtnäherbezeichneteStaphylokokken";"P363"
10726;"SepsisbeimNeugeborenendurchEscherichiacoli";"P364"
10727;"SepsisbeimNeugeborenendurchAnaerobier";"P365"
10728;"SonstigebakterielleSepsisbeimNeugeborenen";"P368"
10729;"BakterielleSepsisbeimNeugeborenen,nichtnäherbezeichnet";"P369"
10731;"AngeboreneTuberkulose";"P370"
10732;"AngeboreneToxoplasmose,HydrozephalusdurchangeboreneToxoplasmose";"P371"
10733;"Neugeborenenlisteriose(disseminiert)";"P372"
10734;"AngeboreneMalariatropica";"P373"
10736;"KandidosebeimNeugeborenen";"P375"
10737;"SonstigenäherbezeichneteangeboreneinfektiöseundparasitäreKrankheiten";"P378"
10738;"AngeboreneinfektiöseoderparasitäreKrankheit,nichtnäherbezeichnet";"P379"
10739;"OmphalitisbeimNeugeborenenmitoderohneleichteBlutung";"P38"
10741;"InfektiöseMastitisbeimNeugeborenen";"P390"
10742;"KonjunktivitisundDakryozystitisbeimNeugeborenen,KonjunktivitisdurchChlamydienbeimNeugeborenen,Ophthalmianeonatorumo.n.A.";"P391"
10743;"IntraamnialeInfektiondesFeten,anderenortsnichtklassifiziert";"P392"
10744;"HarnwegsinfektionbeimNeugeborenen";"P393"
10745;"HautinfektionbeimNeugeborenen,PyodermiebeimNeugeborenen";"P394"
10746;"SonstigenäherbezeichneteInfektionen,diefürdiePerinatalperiodespezifischsind";"P398"
10747;"Infektion,diefürdiePerinatalperiodespezifischist,nichtnäherbezeichnet";"P399"
10749;"FetalerBlutverlustbeiInsertiovelamentosa[Vasapraevia]";"P500"
10750;"FetalerBlutverlustausderrupturiertenNabelschnur";"P501"
10751;"FetalerBlutverlustausderPlazenta";"P502"
10752;"BlutungindenanderenMehrling(fetofetal)";"P503"
10753;"BlutungindenKreislaufderMutter(fetomaternal)";"P504"
10755;"SonstigerfetalerBlutverlust";"P508"
10756;"FetalerBlutverlust,nichtnäherbezeichnet";"P509"
10758;"MassiveNabelblutungbeimNeugeborenen";"P510"
10759;"SonstigeNabelblutungenbeimNeugeborenen,SichlöseneinerNabelschnurligaturo.n.A.";"P518"
10760;"NabelblutungbeimNeugeborenen,nichtnäherbezeichnet";"P519"
10762;"Intraventrikuläre(nichttraumatische)Blutung1.GradesbeimFetenundNeugeborenen,Subependymblutung(ohneintraventrikuläreAusdehnung)";"P520"
10763;"Intraventrikuläre(nichttraumatische)Blutung2.GradesbeimFetenundNeugeborenen,SubependymblutungmitintraventrikulärerAusdehnung";"P521"
10764;"Intraventrikuläre(nichttraumatische)Blutung3.GradesbeimFetenundNeugeborenen,SubependymblutungmitintraventrikulärerundintrazerebralerAusdehnunggleichzeitig";"P522"
10765;"Nichtnäherbezeichneteintraventrikuläre(nichttraumatische)BlutungbeimFetenundNeugeborenen";"P523"
10766;"Intrazerebrale(nichttraumatische)BlutungbeimFetenundNeugeborenen";"P524"
10767;"Subarachnoidalblutung(nichttraumatisch)beimFetenundNeugeborenen";"P525"
10768;"Kleinhirnblutung(nichttraumatisch)undBlutungindieFossacraniiposteriorbeimFetenundNeugeborenen";"P526"
10769;"Sonstigeintrakranielle(nichttraumatische)BlutungenbeimFetenundNeugeborenen";"P528"
10770;"Intrakranielle(nichttraumatische)BlutungbeimFetenundNeugeborenen,nichtnäherbezeichnet";"P529"
10771;"HämorrhagischeKrankheitbeimFetenundNeugeborenen,Vitamin-K-MangelbeimNeugeborenen";"P53"
10773;"HämatemesisbeimNeugeborenen";"P540"
10774;"MelänabeimNeugeborenen";"P541"
10775;"RektumblutungbeimNeugeborenen";"P542"
10776;"SonstigegastrointestinaleBlutungbeimNeugeborenen";"P543"
10777;"NebennierenblutungbeimNeugeborenen";"P544"
10778;"HautblutungbeimNeugeborenen,Ekchymosen,OberflächlicheHämatome,Petechien,Quetschwunde,beimFetenoderNeugeborenen";"P545"
10779;"BlutungausderVaginabeimNeugeborenen,Pseudomenstruation";"P546"
10780;"SonstigenäherbezeichneteBlutungenbeimNeugeborenen";"P548"
10781;"BlutungbeimNeugeborenen,nichtnäherbezeichnet";"P549"
10783;"Rh-IsoimmunisierungbeimFetenundNeugeborenen";"P550"
10784;"AB0-IsoimmunisierungbeimFetenundNeugeborenen";"P551"
10785;"SonstigehämolytischeKrankheitenbeimFetenundNeugeborenen";"P558"
10786;"HämolytischeKrankheitbeimFetenundNeugeborenen,nichtnäherbezeichnet";"P559"
10788;"HydropsfetalisdurchIsoimmunisierung";"P560"
10789;"HydropsfetalisdurchsonstigeundnichtnäherbezeichnetehämolytischeKrankheit";"P569"
10791;"KernikterusdurchIsoimmunisierung";"P570"
10792;"SonstigernäherbezeichneterKernikterus";"P578"
10793;"Kernikterus,nichtnäherbezeichnet";"P579"
10795;"NeugeborenenikterusdurchQuetschwunde";"P580"
10796;"NeugeborenenikterusdurchBlutung";"P581"
10797;"NeugeborenenikterusdurchInfektion";"P582"
10798;"NeugeborenenikterusdurchPolyglobulie";"P583"
10800;"NeugeborenenikterusdurchVerschluckenmütterlichenBlutes";"P585"
10801;"NeugeborenenikterusdurchsonstigenäherbezeichnetegesteigerteHämolyse";"P588"
10802;"NeugeborenenikterusdurchgesteigerteHämolyse,nichtnäherbezeichnet";"P589"
10804;"NeugeborenenikterusinVerbindungmitvorzeitigerGeburt,HyperbilirubinämiebeiPrämaturität,IkterusinfolgeverzögerterKonjugationinVerbindungmitvorzeitigerGeburt";"P590"
10805;"Gallepfropf-Syndrom(desNeugeborenen)";"P591"
10806;"NeugeborenenikterusdurchsonstigeundnichtnäherbezeichneteLeberzellschädigung";"P592"
10807;"NeugeborenenikterusdurchMuttermilch-Inhibitor";"P593"
10808;"NeugeborenenikterusdurchsonstigenäherbezeichneteUrsachen";"P598"
10809;"Neugeborenenikterus,nichtnäherbezeichnet,PhysiologischerIkterus(verstärkt)(verlängert)o.n.A.";"P599"
10810;"DisseminierteintravasaleGerinnungbeimFetenundNeugeborenen,DefibrinationssyndrombeimFetenoderNeugeborenen";"P60"
10812;"TransitorischeThrombozytopeniebeimNeugeborenen,ThrombozytopeniebeimNeugeborenendurch:Austauschtransfusion,idiopathischeThrombozytopeniederMutter,Isoimmunisierung";"P610"
10813;"PolyglobuliebeimNeugeborenen";"P611"
10814;"AnämiebeiPrämaturität";"P612"
10815;"AngeboreneAnämiedurchfetalenBlutverlust";"P613"
10816;"SonstigeangeboreneAnämien,anderenortsnichtklassifiziert,AngeboreneAnämieo.n.A.";"P614"
10817;"TransitorischeNeutropeniebeimNeugeborenen";"P615"
10818;"SonstigetransitorischeGerinnungsstörungenbeimNeugeborenen";"P616"
10819;"SonstigenäherbezeichnetehämatologischeKrankheiteninderPerinatalperiode";"P618"
10820;"HämatologischeKrankheitinderPerinatalperiode,nichtnäherbezeichnet";"P619"
10822;"SyndromdesKindeseinerMuttermitgestationsbedingtemDiabetesmellitus";"P700"
10823;"SyndromdesKindeseinerdiabetischenMutter,DiabetesmellitusderMutter(vorherbestehend),dersichaufdenFetenoderdasNeugeboreneauswirkt(mitHypoglykämie)";"P701"
10824;"DiabetesmellitusbeimNeugeborenen";"P702"
10825;"IatrogeneHypoglykämiebeimNeugeborenen";"P703"
10826;"SonstigeHypoglykämiebeimNeugeborenen,TransitorischeHypoglykämiebeimNeugeborenen";"P704"
10827;"SonstigetransitorischeStörungendesKohlenhydratstoffwechselsbeimFetenundNeugeborenen";"P708"
10828;"TransitorischeStörungdesKohlenhydratstoffwechselsbeimFetenundNeugeborenen,nichtnäherbezeichnet";"P709"
10830;"Kuhmilch-HypokalzämiebeimNeugeborenen";"P710"
10831;"SonstigeHypokalzämiebeimNeugeborenen";"P711"
10832;"HypomagnesiämiebeimNeugeborenen";"P712"
10833;"TetaniebeimNeugeborenen,ohneKalzium-oderMagnesiummangel,TetaniebeimNeugeboreneno.n.A.";"P713"
10834;"TransitorischerHypoparathyreoidismusbeimNeugeborenen";"P714"
10835;"SonstigetransitorischeStörungendesKalzium-undMagnesiumstoffwechselsbeimNeugeborenen";"P718"
10836;"TransitorischeStörungdesKalzium-undMagnesiumstoffwechselsbeimNeugeborenen,nichtnäherbezeichnet";"P719"
10839;"TransitorischeHyperthyreosebeimNeugeborenen,ThyreotoxikosebeimNeugeborenen";"P721"
10840;"SonstigetransitorischeStörungenderSchilddrüsenfunktionbeimNeugeborenen,anderenortsnichtklassifiziert,TransitorischeHypothyreosebeimNeugeborenen";"P722"
10841;"SonstigenäherbezeichnetetransitorischeendokrineKrankheitenbeimNeugeborenen";"P728"
10842;"TransitorischeendokrineKrankheitbeimNeugeborenen,nichtnäherbezeichnet";"P729"
10844;"MetabolischeSpätazidosebeimNeugeborenen";"P740"
10845;"DehydratationbeimNeugeborenen";"P741"
10846;"StörungendesNatriumgleichgewichtesbeimNeugeborenen";"P742"
10847;"StörungendesKaliumgleichgewichtesbeimNeugeborenen";"P743"
10848;"SonstigetransitorischeStörungendesElektrolythaushaltesbeimNeugeborenen";"P744"
10850;"SonstigetransitorischeStoffwechselstörungenbeimNeugeborenen";"P748"
10851;"TransitorischeStoffwechselstörungbeimNeugeborenen,nichtnäherbezeichnet";"P749"
10852;"Mekoniumileus(E84.1+)";"P75"
10854;"Mekoniumpfropf-Syndrom";"P760"
10855;"TransitorischerIleusbeimNeugeborenen";"P761"
10856;"DarmverschlußbeimNeugeborenendurcheingedickteMilch";"P762"
10857;"SonstigernäherbezeichneterDarmverschlußbeimNeugeborenen";"P768"
10858;"DarmverschlußbeimNeugeborenen,nichtnäherbezeichnet";"P769"
10859;"EnterocolitisnecroticansbeimFetenundNeugeborenen";"P77"
10861;"DarmperforationinderPerinatalperiode,Mekoniumperitonitis";"P780"
10862;"SonstigePeritonitisbeimNeugeborenen,NeonatalePeritonitiso.n.A.";"P781"
10863;"HämatemesisundMelänabeimNeugeborenendurchVerschluckenmütterlichenBlutes";"P782"
10864;"NichtinfektiöseDiarrhoebeimNeugeborenen,DiarrhoebeimNeugeboreneno.n.A.";"P783"
10865;"SonstigenäherbezeichneteKrankheitendesVerdauungssystemsinderPerinatalperiode,AngeboreneZirrhose(derLeber),UlcuspepticumbeimNeugeborenen";"P788"
10866;"KrankheitdesVerdauungssystemsinderPerinatalperiode,nichtnäherbezeichnet";"P789"
10868;"KältesyndrombeimNeugeborenen,SchwereundgewöhnlichchronischeHypothermieinVerbindungmitRötungvonGesichtundAkren,Ödemen,neurologischenundbiochemischenAuffälligkeiten.";"P800"
10869;"SonstigeHypothermiebeimNeugeborenen,GeringgradigeHypothermiebeimNeugeborenen";"P808"
10870;"HypothermiebeimNeugeborenen,nichtnäherbezeichnet";"P809"
10872;"UmweltbedingteHyperthermiebeimNeugeborenen";"P810"
10873;"SonstigenäherbezeichneteStörungenderTemperaturregulationbeimNeugeborenen";"P818"
10874;"StörungderTemperaturregulationbeimNeugeborenen,nichtnäherbezeichnet,FieberbeimNeugeboreneno.n.A.";"P819"
10876;"Scleremaneonatorum";"P830"
10877;"Erythematoxicumneonatorum";"P831"
10878;"Hydropsfetalis,nichtdurchhämolytischeKrankheitbedingt,Hydropsfetaliso.n.A.";"P832"
10879;"SonstigesundnichtnäherbezeichnetesÖdem,dasfürdenFetenunddasNeugeborenespezifischist";"P833"
10880;"BrustdrüsenschwellungbeimNeugeborenen,NichtinfektiöseMastitisbeimNeugeborenen";"P834"
10881;"AngeboreneHydrozele";"P835"
10882;"UmbilikalerPolypbeimNeugeborenen";"P836"
10883;"SonstigenäherbezeichneteKrankheitszuständederHaut,diefürdenFetenunddasNeugeborenespezifischsind,Bronze-Baby,SklerodermiebeimNeugeborenen,Urticarianeonatorum";"P838"
10884;"KrankheitszustandderHaut,derfürdenFetenunddasNeugeborenespezifischist,nichtnäherbezeichnet";"P839"
10885;"KrämpfebeimNeugeborenen";"P90"
10887;"ZerebraleIschämiebeimNeugeborenen";"P910"
10888;"ErworbeneperiventrikuläreZystenbeimNeugeborenen";"P911"
10889;"ZerebraleLeukomalaziebeimNeugeborenen";"P912"
10890;"ZerebraleÜbererregbarkeitdesNeugeborenen";"P913"
10891;"ZerebralerDepressionszustanddesNeugeborenen";"P914"
10892;"KomabeimNeugeborenen";"P915"
14524;"Hypoxisch-ischämischeEnzephalopathiebeimNeugeborenen[HIE]";"P916"
14745;"ErworbenerHydrozephalusbeimNeugeborenen";"P917"
10893;"SonstigenäherbezeichnetezerebraleStörungenbeimNeugeborenen";"P918"
10894;"ZerebraleStörungbeimNeugeborenen,nichtnäherbezeichnet";"P919"
10896;"ErbrechenbeimNeugeborenen";"P920"
10897;"RegurgitationundRuminationbeimNeugeborenen";"P921"
10898;"TrinkunlustbeimNeugeborenen";"P922"
10899;"UnterernährungbeimNeugeborenen";"P923"
10900;"ÜberernährungbeimNeugeborenen";"P924"
10901;"SchwierigkeitbeimNeugeborenenbeiBrusternährung";"P925"
10902;"SonstigeErnährungsproblemebeimNeugeborenen";"P928"
10903;"ErnährungsproblembeimNeugeborenen,nichtnäherbezeichnet";"P929"
10904;"ReaktionenundIntoxikationendurchArzneimitteloderDrogen,diedemFetenundNeugeborenenverabreichtwurden,Grey-SyndrombeimNeugeborenendurchChloramphenicolgabe";"P93"
10906;"TransitorischeMyastheniagravisbeimNeugeborenen";"P940"
10907;"AngeboreneMuskelhypertonie";"P941"
10908;"AngeboreneMuskelhypotonie,UnspezifischesFloppy-Infant-Syndrom";"P942"
10909;"SonstigeStörungendesMuskeltonusbeimNeugeborenen";"P948"
10910;"StörungdesMuskeltonusbeimNeugeborenen,nichtnäherbezeichnet";"P949"
10911;"FetaltodnichtnäherbezeichneterUrsache,TotgeborenerFeto.n.A.,Totgeburto.n.A.";"P95"
10913;"AngeboreneNiereninsuffizienz,UrämiebeimNeugeborenen";"P960"
10914;"EntzugssymptomebeimNeugeborenenbeiEinnahmevonabhängigkeitserzeugendenArzneimittelnoderDrogendurchdieMutter,DrogenentzugssyndrombeimKindeinerabhängigenMutter";"P961"
10915;"EntzugssymptomebeitherapeutischerAnwendungvonArzneimittelnbeimNeugeborenen";"P962"
10916;"WeiteSchädelnähtebeimNeugeborenen,KraniotabesbeimNeugeborenen";"P963"
10917;"SchwangerschaftsabbruchalsUrsachevonZuständenbeimFetusundNeugeborenem";"P964"
10918;"KomplikationenbeiintrauterinenEingriffen,anderenortsnichtklassifiziert,alsUrsachevonZuständenbeimFetusundNeugeborenem";"P965"
10919;"SonstigenäherbezeichneteZustände,dieihrenUrsprunginderPerinatalperiodehaben";"P968"
10920;"Zustand,derseinenUrsprunginderPerinatalperiodehat,nichtnäherbezeichnet,AngeboreneSchwächeo.n.A.";"P969"
10922;"Anenzephalie,Akranie,Amyelenzephalie,Azephalie,Hemienzephalie,Hemizephalie";"Q000"
10924;"Inienzephalie";"Q002"
10926;"FrontaleEnzephalozele";"Q010"
10927;"NasofrontaleEnzephalozele";"Q011"
10928;"OkzipitaleEnzephalozele";"Q012"
10929;"EnzephalozelesonstigerLokalisationen";"Q018"
10930;"Enzephalozele,nichtnäherbezeichnet";"Q019"
10931;"Mikrozephalie,Hydromikrozephalie,Mikrenzephalie";"Q02"
10933;"FehlbildungendesAquaeductuscerebri,Aquaeductuscerebri:Anomalie,Obstruktion,angeboren,Stenose";"Q030"
10934;"AtresiederAperturamediana[ForamenMagendii]oderderAperturaelaterales[ForaminaLuschkae]desviertenVentrikels,Dandy-Walker-Syndrom";"Q031"
10935;"SonstigerangeborenerHydrozephalus";"Q038"
10936;"AngeborenerHydrozephalus,nichtnäherbezeichnet";"Q039"
10938;"AngeboreneFehlbildungendesCorpuscallosum,AgenesiedesCorpuscallosum";"Q040"
10939;"Arrhinenzephalie";"Q041"
10940;"Holoprosenzephalie-Syndrom";"Q042"
10941;"SonstigeReduktionsdeformitätendesGehirns,Agenesie,Aplasie,Fehlen,Hypoplasie,einesGehirnteils,Agyrie,Hydranenzephalie,Lissenzephalie,Mikrogyrie,Pachygyrie";"Q043"
10942;"SeptooptischeDysplasie";"Q044"
10943;"Megalenzephalie";"Q045"
10944;"AngeboreneGehirnzysten,Porenzephalie,Schizenzephalie";"Q046"
10945;"SonstigenäherbezeichneteangeboreneFehlbildungendesGehirns,Makrogyrie";"Q048"
10946;"AngeboreneFehlbildungdesGehirns,nichtnäherbezeichnet,Angeboren:Anomalie,Deformität,KrankheitoderSchädigung,multipleAnomalien,Gehirno.n.A.";"Q049"
10948;"ZervikaleSpinabifidamitHydrozephalus";"Q050"
10949;"ThorakaleSpinabifidamitHydrozephalus,Spinabifida:dorsal,thorakolumbal,mitHydrozephalus";"Q051"
10950;"LumbaleSpinabifidamitHydrozephalus,LumbosakraleSpinabifidamitHydrozephalus";"Q052"
10951;"SakraleSpinabifidamitHydrozephalus";"Q053"
10952;"NichtnäherbezeichneteSpinabifidamitHydrozephalus";"Q054"
10953;"ZervikaleSpinabifidaohneHydrozephalus";"Q055"
10954;"ThorakaleSpinabifidaohneHydrozephalus,Spinabifida:dorsalo.n.A.,thorakolumbalo.n.A.";"Q056"
10955;"LumbaleSpinabifidaohneHydrozephalus,LumbosakraleSpinabifidao.n.A.";"Q057"
10956;"SakraleSpinabifidaohneHydrozephalus";"Q058"
10957;"Spinabifida,nichtnäherbezeichnet";"Q059"
10959;"Amyelie";"Q060"
10960;"HypoplasieundDysplasiedesRückenmarks,Atelomyelie,Myelatelie,MyelodysplasiedesRückenmarks";"Q061"
10961;"Diastematomyelie";"Q062"
10962;"SonstigeangeboreneFehlbildungenderCaudaequina";"Q063"
10963;"Hydromyelie,Hydrorrhachis";"Q064"
10964;"SonstigenäherbezeichneteangeboreneFehlbildungendesRückenmarks";"Q068"
10965;"AngeboreneFehlbildungdesRückenmarks,nichtnäherbezeichnet,Angeboren:Anomalie,Deformität,KrankheitoderSchädigung,RückenmarkoderRückenmarkhäuteo.n.A.";"Q069"
10967;"Arnold-Chiari-Syndrom";"Q070"
10968;"SonstigenäherbezeichneteangeboreneFehlbildungendesNervensystems,AgenesievonNerven,Kiefer-Lid-Syndrom,(Marcus-)Gunn-Syndrom,VerlagerungdesPlexusbrachialis";"Q078"
10969;"AngeboreneFehlbildungdesNervensystems,nichtnäherbezeichnet,Angeboren:Anomalie,Deformität,KrankheitoderSchädigung,Nervensystemo.n.A.";"Q079"
10971;"AngeborenePtose";"Q100"
10972;"AngeborenesEktropium";"Q101"
10973;"AngeborenesEntropium";"Q102"
10974;"SonstigeangeboreneFehlbildungendesAugenlides";"Q103"
10975;"FehlenundAgenesiedesTränenapparates,FehlendesPunctumlacrimale";"Q104"
10976;"AngeboreneStenoseundStrikturdesCanaliculuslacrimalis";"Q105"
10977;"SonstigeangeboreneFehlbildungendesTränenapparates,AngeboreneFehlbildungdesTränenapparateso.n.A.";"Q106"
10978;"AngeboreneFehlbildungderOrbita";"Q107"
10981;"SonstigerAnophthalmus,Agenesie,Aplasie,Auge";"Q111"
10982;"Mikrophthalmus,DysplasiedesAuges,HypoplasiedesAuges,Kryptophthalmuso.n.A.,RudimentäresAuge";"Q112"
10985;"Cataractacongenita";"Q120"
10986;"AngeboreneLinsenverlagerung";"Q121"
10987;"Linsenkolobom";"Q122"
10988;"AngeboreneAphakie";"Q123"
10989;"Sphärophakie";"Q124"
10990;"SonstigeangeboreneFehlbildungenderLinse";"Q128"
10991;"AngeboreneFehlbildungderLinse,nichtnäherbezeichnet";"Q129"
10993;"Iriskolobom,Kolobomo.n.A.";"Q130"
10994;"FehlenderIris(angeboren),Aniridie";"Q131"
10995;"SonstigeangeboreneFehlbildungenderIris,AngeboreneFehlbildungderIriso.n.A.,Anisokorie,angeboren,AtresiederPupille,Korektopie";"Q132"
10996;"AngeboreneHornhauttrübung";"Q133"
10997;"SonstigeangeboreneFehlbildungenderKornea,AngeboreneFehlbildungderKorneao.n.A.,Mikrokornea,Peters-Anomalie";"Q134"
10999;"SonstigeangeboreneFehlbildungendesvorderenAugenabschnittes,Rieger-Syndrom";"Q138"
11000;"AngeboreneFehlbildungdesvorderenAugenabschnittes,nichtnäherbezeichnet";"Q139"
11002;"AngeboreneFehlbildungdesGlaskörpers,AngeboreneGlaskörpertrübung";"Q140"
11003;"AngeboreneFehlbildungderRetina,AngeborenesAneurysmaderRetina";"Q141"
11004;"AngeboreneFehlbildungderPapille,KolobomderPapille";"Q142"
11005;"AngeboreneFehlbildungderChorioidea";"Q143"
11006;"SonstigeangeboreneFehlbildungendeshinterenAugenabschnittes,KolobomdesAugenhintergrundes";"Q148"
11007;"AngeboreneFehlbildungdeshinterenAugenabschnittes,nichtnäherbezeichnet";"Q149"
11009;"AngeborenesGlaukom";"Q150"
11010;"SonstigenäherbezeichneteangeboreneFehlbildungendesAuges";"Q158"
11011;"AngeboreneFehlbildungdesAuges,nichtnäherbezeichnet,Angeboren:Anomalie,Deformität,Augeo.n.A.";"Q159"
11013;"AngeborenesFehlenderOhrmuschel";"Q160"
11014;"Angeborene(s)Fehlen,AtresieundStrikturdes(äußeren)Gehörganges,AtresieoderStrikturdesknöchernenGehörganges";"Q161"
11015;"FehlenderTubaauditiva(angeboren)";"Q162"
11016;"AngeboreneFehlbildungderGehörknöchelchen,VerschmelzungderGehörknöchelchen";"Q163"
11017;"SonstigeangeboreneFehlbildungendesMittelohres,AngeboreneFehlbildungdesMittelohreso.n.A.";"Q164"
11018;"AngeboreneFehlbildungdesInnenohres,Anomalie:Corti-Organ,häutigesLabyrinth";"Q165"
11019;"AngeboreneFehlbildungdesOhresalsUrsacheeinerBeeinträchtigungdesHörvermögens,nichtnäherbezeichnet,AngeborenesFehleneinesOhreso.n.A.";"Q169"
11021;"AkzessorischeOhrmuschel,AkzessorischerTragus,Aurikularanhang,Polyotie,Überzählig:Ohr,Ohrläppchen";"Q170"
11022;"Makrotie";"Q171"
11023;"Mikrotie";"Q172"
11024;"SonstigesfehlgebildetesOhr,Spitzohr";"Q173"
11025;"LageanomaliedesOhres,Ohrtiefstand";"Q174"
11026;"AbstehendesOhr";"Q175"
11027;"SonstigenäherbezeichneteangeboreneFehlbildungendesOhres,AngeborenesFehlendesOhrläppchens";"Q178"
11028;"AngeboreneFehlbildungdesOhres,nichtnäherbezeichnet,AngeboreneAnomaliedesOhreso.n.A.";"Q179"
11030;"Branchiogene(r)Sinus,FistelundZyste,BranchiogenesÜberbleibsel";"Q180"
11031;"Präaurikuläre(r)SinusundZyste,Fistel:aurikulär,angeboren,zervikoaurikulär";"Q181"
11032;"SonstigebranchiogeneFehlbildungen,BranchiogeneFehlbildungo.n.A.,Halsanhang,Otozephalie";"Q182"
11033;"FlügelfelldesHalses,Pterygiumcolli";"Q183"
11034;"Makrostomie";"Q184"
11035;"Mikrostomie";"Q185"
11036;"Makrocheilie,Lippenverdickung,angeboren";"Q186"
11037;"Mikrocheilie";"Q187"
11038;"SonstigenäherbezeichneteangeboreneFehlbildungendesGesichtesunddesHalses,Medial:Fistel,Sinus,Zyste,anGesichtundHals";"Q188"
11039;"AngeboreneFehlbildungdesGesichtesunddesHalses,nichtnäherbezeichnet,AngeboreneAnomalieo.n.A.anGesichtundHals";"Q189"
11041;"Truncusarteriosuscommunis,PersistierenderTruncusarteriosus";"Q200"
11042;"RechterDoppelausstromventrikel[Doubleoutletrightventricle],Taussig-Bing-Syndrom";"Q201"
11043;"LinkerDoppelausstromventrikel[Doubleoutletleftventricle]";"Q202"
11044;"DiskordanteventrikuloarterielleVerbindung,Dextro-TranspositionderAorta,TranspositiondergroßenGefäße(vollständig)";"Q203"
11045;"Doppeleinstromventrikel[Doubleinletventricle],Cortrilocularebiatriatum,GemeinsamerVentrikel,SingulärerVentrikel";"Q204"
11046;"DiskordanteatrioventrikuläreVerbindung,KorrigierteTranspositiondergroßenGefäße,Lävo-Transposition,Ventrikelinversion";"Q205"
11047;"Vorhofisomerismus,VorhofisomerismusmitAsplenieoderPolysplenie";"Q206"
11048;"SonstigeangeboreneFehlbildungenderHerzhöhlenundverbindenderStrukturen";"Q208"
11049;"AngeboreneFehlbildungderHerzhöhlenundverbindenderStrukturen,nichtnäherbezeichnet";"Q209"
11051;"Ventrikelseptumdefekt";"Q210"
11052;"Vorhofseptumdefekt,Offenoderpersistierend:Foramenovale,Ostiumsecundum,Ostium-secundum-Defekt(ASDII),Sinus-coronarius-Defekt,Sinus-venosus-Defekt";"Q211"
11053;"DefektdesVorhof-undKammerseptums,Canalisatrioventriculariscommunis,Endokardkissendefekt,Ostium-primum-Defekt(ASDI)";"Q212"
11054;"Fallot-Tetralogie,VentrikelseptumdefektmitPulmonalstenoseoder-atresie,DextropositionderAortaundHypertrophiedesrechtenVentrikels";"Q213"
11055;"AortopulmonalerSeptumdefekt,AortopulmonalesFenster,DefektdesSeptumaorticopulmonale";"Q214"
11056;"SonstigeangeboreneFehlbildungenderHerzsepten,Eisenmenger-Komplex,Fallot-Pentalogie";"Q218"
11057;"AngeboreneFehlbildungdesHerzseptums,nichtnäherbezeichnet,(Herz-)Septumdefekto.n.A.";"Q219"
11059;"Pulmonalklappenatresie";"Q220"
11060;"AngeborenePulmonalklappenstenose";"Q221"
11061;"AngeborenePulmonalklappeninsuffizienz,RegurgitationbeiangeborenerPulmonalklappeninsuffizienz";"Q222"
11062;"SonstigeangeboreneFehlbildungenderPulmonalklappe,AngeboreneFehlbildungderPulmonalklappeo.n.A.";"Q223"
11063;"AngeboreneTrikuspidalklappenstenose,Trikuspidalatresie";"Q224"
11064;"Ebstein-Anomalie";"Q225"
11065;"HypoplastischesRechtsherzsyndrom";"Q226"
11066;"SonstigeangeboreneFehlbildungenderTrikuspidalklappe";"Q228"
11067;"AngeboreneFehlbildungderTrikuspidalklappe,nichtnäherbezeichnet";"Q229"
11069;"AngeboreneAortenklappenstenose,AngeboreneAortenatresie,AngeboreneAortenstenose";"Q230"
11070;"AngeboreneAortenklappeninsuffizienz,AngeboreneAorteninsuffizienz,BikuspidaleAortenklappe";"Q231"
11071;"AngeboreneMitralklappenstenose,AngeboreneMitralatresie";"Q232"
11072;"AngeboreneMitralklappeninsuffizienz";"Q233"
11073;"HypoplastischesLinksherzsyndrom";"Q234"
11074;"SonstigeangeboreneFehlbildungenderAorten-undMitralklappe";"Q238"
11075;"AngeboreneFehlbildungderAorten-undMitralklappe,nichtnäherbezeichnet";"Q239"
11077;"Dextrokardie";"Q240"
11078;"Lävokardie";"Q241"
11079;"Cortriatriatum";"Q242"
11080;"InfundibulärePulmonalstenose";"Q243"
11081;"AngeborenesubvalvuläreAortenstenose";"Q244"
11082;"FehlbildungderKoronargefäße,AngeborenesKoronar-(Arterien-)Aneurysma";"Q245"
11083;"AngeborenerHerzblock";"Q246"
11084;"SonstigenäherbezeichneteangeboreneFehlbildungendesHerzens,AngeboreneFehlbildung:Myokard,Perikard,AngeborenesDivertikeldeslinkenVentrikels,MalpositiondesHerzens,Uhl-Anomalie";"Q248"
11085;"AngeboreneFehlbildungdesHerzens,nichtnäherbezeichnet,Angeboren:Anomalie,Krankheit,Herzo.n.A.";"Q249"
11087;"OffenerDuctusarteriosus,OffenerDuctusBotalli,PersistierenderDuctusarteriosus";"Q250"
11088;"KoarktationderAorta,Aortenisthmusstenose(präduktal)(postduktal)";"Q251"
11089;"AtresiederAorta";"Q252"
11090;"StenosederAorta(angeboren),SupravalvuläreAortenstenose";"Q253"
11091;"SonstigeangeboreneFehlbildungenderAorta";"Q254"
11092;"AtresiederA.pulmonalis";"Q255"
11093;"StenosederA.pulmonalis(angeboren)";"Q256"
11094;"SonstigeangeboreneFehlbildungenderA.pulmonalis,AberrierendeA.pulmonalis,Agenesie,Aneurysma,Anomalie,Hypoplasie,A.pulmonalis,angeboren,PulmonalesarteriovenösesAneurysma";"Q257"
11095;"SonstigeangeboreneFehlbildungendergroßenArterien";"Q258"
11096;"AngeboreneFehlbildungdergroßenArterien,nichtnäherbezeichnet";"Q259"
11098;"AngeboreneStenosederV.cava,AngeboreneStenosederV.cava(inferior)(superior)";"Q260"
11099;"PersistenzderlinkenV.cavasuperior";"Q261"
11100;"TotaleFehleinmündungderLungenvenen";"Q262"
11101;"PartielleFehleinmündungderLungenvenen";"Q263"
11102;"FehleinmündungderLungenvenen,nichtnäherbezeichnet";"Q264"
11103;"FehleinmündungderPfortader";"Q265"
11104;"FistelzwischenV.portaeundA.hepatica(angeboren)";"Q266"
11105;"SonstigeangeboreneFehlbildungendergroßenVenen,Azygos-KontinuationderV.cavainferior,FehlenderV.cava(inferior)(superior),PersistenzderlinkenV.cardinalisposterior,Scimitar-Anomalie";"Q268"
11106;"AngeboreneFehlbildungeinergroßenVene,nichtnäherbezeichnet,AnomaliederV.cava(inferior)(superior)o.n.A.";"Q269"
11108;"AngeborenesFehlenoderHypoplasiederA.umbilicalis,SinguläreA.umbilicalis";"Q270"
11109;"AngeboreneNierenarterienstenose";"Q271"
11110;"SonstigeangeboreneFehlbildungenderNierenarterie,AngeboreneFehlbildungderNierenarterieo.n.A.,MultipleNierenarterien";"Q272"
11111;"ArteriovenöseFehlbildungderperipherenGefäße,ArteriovenösesAneurysma";"Q273"
11112;"AngeborenePhlebektasie";"Q274"
11113;"SonstigenäherbezeichneteangeboreneFehlbildungendesperipherenGefäßsystems";"Q278"
11114;"AngeboreneFehlbildungdesperipherenGefäßsystems,nichtnäherbezeichnet,AnomalieeinerArterieoderVeneo.n.A.";"Q279"
11116;"ArteriovenöseFehlbildungextrakraniellerhirnversorgenderGefäße,AngeborenesarteriovenösesAneurysma(nichtrupturiert)extrakraniellerhirnversorgenderGefäße";"Q280"
11117;"SonstigeFehlbildungenextrakraniellerhirnversorgenderGefäße";"Q281"
11118;"ArteriovenöseFehlbildungderHirngefäße,AngeborenesarteriovenösesHirngefäßaneurysma(nichtrupturiert),ArteriovenöseFehlbildungdesGehirnso.n.A.";"Q282"
11119;"SonstigeFehlbildungenderHirngefäße,Angeboren:FehlbildungderHirngefäßeo.n.A.,Hirngefäßaneurysma(nichtrupturiert)";"Q283"
11120;"SonstigenäherbezeichneteangeboreneFehlbildungendesKreislaufsystems,AngeborenesAneurysmanäherbezeichneterLokalisation,anderenortsnichtklassifiziert";"Q288"
11121;"AngeboreneFehlbildungdesKreislaufsystems,nichtnäherbezeichnet";"Q289"
11123;"Choanalatresie,AngeboreneStenose,Atresie,Nasenöffnungen(vordere)(hintere)";"Q300"
11124;"AgenesieundUnterentwicklungderNase,AngeborenesFehlenderNase";"Q301"
11125;"Nasenfurche,NaseneinkerbungundSpaltnase";"Q302"
11126;"AngeborenePerforationdesNasenseptums";"Q303"
11127;"SonstigeangeboreneFehlbildungenderNase,AkzessorischeNase,AngeboreneAnomaliederNasennebenhöhlenwand";"Q308"
11128;"AngeboreneFehlbildungderNase,nichtnäherbezeichnet";"Q309"
11130;"Kehlkopfsegel,Kehlkopfsegel:glottisch,subglottisch,o.n.A.";"Q310"
11131;"AngeborenesubglottischeStenose";"Q311"
11132;"HypoplasiedesKehlkopfes";"Q312"
11133;"Laryngozele(angeboren)";"Q313"
14525;"AngeboreneLaryngomalazie";"Q315"
11135;"SonstigeangeboreneFehlbildungendesKehlkopfes";"Q318"
11136;"AngeboreneFehlbildungdesKehlkopfes,nichtnäherbezeichnet";"Q319"
11138;"AngeboreneTracheomalazie";"Q320"
11139;"SonstigeangeboreneFehlbildungenderTrachea,Angeboren:Dilatation,Fehlbildung,Stenose,Trachea,Tracheozele,AnomaliedesTrachealknorpels,AtresiederTrachea";"Q321"
11140;"AngeboreneBronchomalazie";"Q322"
11141;"AngeboreneBronchusstenose";"Q323"
11142;"SonstigeangeboreneFehlbildungenderBronchien,Agenesie,AngeboreneFehlbildungo.n.A.,Atresie,Divertikel,Fehlen,Bronchus";"Q324"
11144;"AngeboreneZystenlunge,Angeboren:Lungenkrankheit:polyzystisch,zystisch,Wabenlunge";"Q330"
11145;"AkzessorischerLungenlappen";"Q331"
11146;"Lungensequestration(angeboren)";"Q332"
11147;"AgenesiederLunge,FehlenderLunge(n)(-Lappen)";"Q333"
11148;"AngeboreneBronchiektasie";"Q334"
11149;"EktopischesGewebeinderLunge(angeboren)";"Q335"
11150;"HypoplasieundDysplasiederLunge";"Q336"
11151;"SonstigeangeboreneFehlbildungenderLunge";"Q338"
11152;"AngeboreneFehlbildungderLunge,nichtnäherbezeichnet";"Q339"
11154;"AnomaliederPleura";"Q340"
11155;"AngeboreneMediastinalzyste";"Q341"
11156;"SonstigenäherbezeichneteangeboreneFehlbildungendesAtmungssystems,AtresiedesNasopharynx";"Q348"
11157;"AngeboreneFehlbildungdesAtmungssystems,nichtnäherbezeichnet,Angeboren:Anomalieo.n.A.,Fehlen,Atmungsorgan";"Q349"
11159;"SpaltedeshartenGaumens";"Q351"
11160;"SpaltedesweichenGaumens,Gaumensegelspalte";"Q353"
11161;"SpaltedeshartenunddesweichenGaumens";"Q355"
11163;"Uvulaspalte";"Q357"
11164;"Gaumenspalte,nichtnäherbezeichnet,Gaumenspalteo.n.A.";"Q359"
11166;"Lippenspalte,beidseitig";"Q360"
11167;"Lippenspalte,median";"Q361"
11168;"Lippenspalte,einseitig,Lippenspalteo.n.A.";"Q369"
11170;"SpaltedeshartenGaumensmitbeidseitigerLippenspalte,Lippen-Kieferspalte,beidseitig";"Q370"
11171;"SpaltedeshartenGaumensmiteinseitigerLippenspalte,Lippen-Kieferspalte,einseitigodero.n.A.,SpaltedeshartenGaumensmitLippenspalteo.n.A.";"Q371"
11172;"SpaltedesweichenGaumensmitbeidseitigerLippenspalte";"Q372"
11173;"SpaltedesweichenGaumensmiteinseitigerLippenspalte,SpaltedesweichenGaumensmitLippenspalteo.n.A.";"Q373"
11174;"SpaltedeshartenunddesweichenGaumensmitbeidseitigerLippenspalte,Lippen-Kiefer-Gaumenspalte,beidseitig";"Q374"
11175;"SpaltedeshartenunddesweichenGaumensmiteinseitigerLippenspalte,Lippen-Kiefer-Gaumenspalte,einseitigodero.n.A.,SpaltedeshartenunddesweichenGaumensmitLippenspalteo.n.A.";"Q375"
11176;"Gaumenspalte,nichtnäherbezeichnet,mitbeidseitigerLippenspalte";"Q378"
11177;"Gaumenspalte,nichtnäherbezeichnet,miteinseitigerLippenspalte,GaumenspaltemitLippenspalteo.n.A.";"Q379"
11179;"AngeboreneFehlbildungenderLippen,anderenortsnichtklassifiziert,Angeboren:FehlbildungderLippeo.n.A.,FistelderLippe,van-der-Woude-Syndrom";"Q380"
11180;"Ankyloglosson,VerkürzungdesZungenbändchens";"Q381"
11181;"Makroglossie(angeboren)";"Q382"
11182;"SonstigeangeboreneFehlbildungenderZunge,Aglossie,Angeboren:Adhäsion,Fehlbildungo.n.A.,FissurZunge,Hypoglossie,HypoplasiederZunge,Mikroglossie,Spaltzunge";"Q383"
11183;"AngeboreneFehlbildungenderSpeicheldrüsenundSpeicheldrüsenausführungsgänge,Akzessorisch,Atresie,Fehlen,SpeicheldrüseoderSpeicheldrüsenausführungsgänge,AngeboreneFistelderSpeicheldrüse";"Q384"
11184;"AngeboreneFehlbildungendesGaumens,anderenortsnichtklassifiziert,AngeboreneFehlbildungdesGaumenso.n.A.,FehlenderUvula,HoherGaumen";"Q385"
11185;"SonstigeangeboreneFehlbildungendesMundes,AngeboreneFehlbildungdesMundeso.n.A.";"Q386"
11186;"Schlundtasche,Rachendivertikel";"Q387"
11187;"SonstigeangeboreneFehlbildungendesRachens,AngeboreneFehlbildungdesRachenso.n.A.";"Q388"
11189;"ÖsophagusatresieohneFistel,Ösophagusatresieo.n.A.";"Q390"
11190;"ÖsophagusatresiemitÖsophagotrachealfistel,ÖsophagusatresiemitÖsophagobronchialfistel";"Q391"
11191;"AngeboreneÖsophagotrachealfistelohneAtresie,AngeboreneÖsophagotrachealfistelo.n.A.";"Q392"
11192;"AngeboreneÖsophagusstenoseund-striktur";"Q393"
11193;"Ösophagusmembran";"Q394"
11194;"AngeboreneDilatationdesÖsophagus";"Q395"
11195;"Ösophagusdivertikel(angeboren),Ösophagustasche";"Q396"
11196;"SonstigeangeboreneFehlbildungendesÖsophagus,AngeboreneVerlagerung,Duplikatur,Fehlen,Ösophagus";"Q398"
11197;"AngeboreneFehlbildungdesÖsophagus,nichtnäherbezeichnet";"Q399"
11199;"AngeborenehypertrophischePylorusstenose,Angeborenoderinfantil:Hypertrophie,Konstriktion,Spasmus,Stenose,Striktur,Pylorus";"Q400"
11200;"AngeboreneHiatushernie,VerlagerungderKardiadurchdenHiatusoesophageus";"Q401"
11201;"SonstigenäherbezeichneteangeboreneFehlbildungendesMagens,Angeboren:Magendivertikel,Sanduhrmagen,VerlagerungdesMagens,DuplikaturdesMagens,Magenerweiterung,Mikrogastrie";"Q402"
11202;"AngeboreneFehlbildungdesMagens,nichtnäherbezeichnet";"Q403"
11203;"SonstigenäherbezeichneteangeboreneFehlbildungendesoberenVerdauungstraktes";"Q408"
11204;"AngeboreneFehlbildungdesoberenVerdauungstraktes,nichtnäherbezeichnet,Angeboren:Anomalie,Deformität,obererVerdauungstrakto.n.A.";"Q409"
11206;"Angeborene(s)Fehlen,AtresieundStenosedesDuodenums";"Q410"
11207;"Angeborene(s)Fehlen,AtresieundStenosedesJejunums,HereditäreJejunalatresie[Apple-peel-Syndrom],Jejunumimperforatum";"Q411"
11208;"Angeborene(s)Fehlen,AtresieundStenosedesIleums";"Q412"
11209;"Angeborene(s)Fehlen,AtresieundStenosesonstigernäherbezeichneterTeiledesDünndarmes";"Q418"
11210;"Angeborene(s)Fehlen,AtresieundStenosedesDünndarmes,Teilnichtnäherbezeichnet,Angeborene(s)Fehlen,AtresieundStenosedesDarmeso.n.A.";"Q419"
11212;"Angeborene(s)Fehlen,AtresieundStenosedesRektumsmitFistel";"Q420"
11213;"Angeborene(s)Fehlen,AtresieundStenosedesRektumsohneFistel,Rectumimperforatum";"Q421"
11214;"Angeborene(s)Fehlen,AtresieundStenosedesAnusmitFistel";"Q422"
11215;"Angeborene(s)Fehlen,AtresieundStenosedesAnusohneFistel,Anusimperforatus";"Q423"
11216;"Angeborene(s)Fehlen,AtresieundStenosesonstigerTeiledesDickdarmes";"Q428"
11217;"Angeborene(s)Fehlen,AtresieundStenosedesDickdarmes,Teilnichtnäherbezeichnet";"Q429"
11219;"Meckel-Divertikel,Persistenz:Dottergang,Ductusomphaloentericus";"Q430"
11220;"Hirschsprung-Krankheit,Aganglionose,Megacoloncongenitum(aganglionär)";"Q431"
11221;"SonstigeangeboreneFunktionsstörungendesKolons,AngeboreneDilatationdesKolons";"Q432"
11222;"AngeboreneFehlbildungen,diedieDarmfixationbetreffen";"Q433"
11223;"DuplikaturdesDarmes";"Q434"
11224;"Ektopiaani";"Q435"
11225;"AngeboreneFisteldesRektumsunddesAnus";"Q436"
11226;"Kloakenpersistenz,Kloakeo.n.A.";"Q437"
11227;"SonstigenäherbezeichneteangeboreneFehlbildungendesDarmes";"Q438"
11228;"AngeboreneFehlbildungdesDarmes,nichtnäherbezeichnet";"Q439"
11230;"Agenesie,AplasieundHypoplasiederGallenblase,AngeborenesFehlenderGallenblase";"Q440"
11231;"SonstigeangeboreneFehlbildungenderGallenblase,AngeboreneFehlbildungderGallenblaseo.n.A.,IntrahepatischeGallenblase";"Q441"
11232;"AtresiederGallengänge";"Q442"
11233;"AngeboreneStenoseundStrikturderGallengänge";"Q443"
11234;"Choledochuszyste";"Q444"
11235;"SonstigeangeboreneFehlbildungenderGallengänge,AkzessorischerDuctushepaticus,AngeboreneFehlbildungdesGallengangeso.n.A.,Duplikatur:Gallenblasengang,Gallengang";"Q445"
11236;"ZystischeLeberkrankheit[Zystenleber],FibrozystischeLeberkrankheit";"Q446"
11237;"SonstigeangeboreneFehlbildungenderLeber,AkzessorischeLeber,Alagille-Syndrom,Angeboren:FehlbildungderLebero.n.A.,FehlenderLeber,Hepatomegalie";"Q447"
11239;"Agenesie,AplasieundHypoplasiedesPankreas,AngeborenesFehlendesPankreas";"Q450"
11240;"Pancreasanulare";"Q451"
11241;"AngeborenePankreaszyste";"Q452"
11242;"SonstigeangeboreneFehlbildungendesPankreasunddesDuctuspancreaticus,AkzessorischesPankreas,AngeboreneFehlbildungdesPankreasoderdesDuctuspancreaticuso.n.A.";"Q453"
11243;"SonstigenäherbezeichneteangeboreneFehlbildungendesVerdauungssystems,Fehlen(vollständig)(teilweise)desVerdauungskanalso.n.A.,Duplikatur,Malposition,angeboren,Verdauungsorganeo.n.A.";"Q458"
11244;"AngeboreneFehlbildungdesVerdauungssystems,nichtnäherbezeichnet,Angeboren:Anomalie,Deformität,Verdauungssystemo.n.A.";"Q459"
11246;"AngeborenesFehlendesOvars";"Q500"
11247;"DysontogenetischeOvarialzyste";"Q501"
11248;"AngeboreneTorsiondesOvars";"Q502"
11249;"SonstigeangeboreneFehlbildungendesOvars,AkzessorischesOvar,AngeboreneFehlbildungdesOvarso.n.A.,Streak-Ovar";"Q503"
11250;"EmbryonaleZystederTubauterina,Fimbrienzyste";"Q504"
11251;"EmbryonaleZystedesLig.latumuteri,Zyste:Epoophoron,Gartner-Gang,Parovarial-";"Q505"
11252;"SonstigeangeboreneFehlbildungenderTubauterinaunddesLig.latumuteri";"Q506"
11254;"AgenesieundAplasiedesUterus,AngeborenesFehlendesUterus";"Q510"
11255;"UterusduplexmitUterusbicollisundVaginaduplex";"Q511"
11256;"SonstigeFormendesUterusduplex,Uterusduplexo.n.A.";"Q512"
11257;"Uterusbicornis";"Q513"
11258;"Uterusunicornis";"Q514"
11259;"AgenesieundAplasiederCervixuteri,AngeborenesFehlenderCervixuteri";"Q515"
11260;"EmbryonaleZystederCervixuteri";"Q516"
11261;"AngeboreneFistelnzwischenUterusundVerdauungs-oderHarntrakt";"Q517"
11262;"SonstigeangeboreneFehlbildungendesUterusundderCervixuteri,HypoplasiedesUterusundderCervixuteri";"Q518"
11263;"AngeboreneFehlbildungdesUterusundderCervixuteri,nichtnäherbezeichnet";"Q519"
11265;"AngeborenesFehlenderVagina";"Q520"
11266;"Vaginaduplex,Vaginasepta";"Q521"
11267;"AngeborenerektovaginaleFistel";"Q522"
11268;"Hymenalatresie";"Q523"
11269;"SonstigeangeboreneFehlbildungenderVagina,AngeboreneFehlbildungderVaginao.n.A.,Zyste:embryonal,vaginal,Processusvaginalisperitonei[Nuck-Kanal],angeboren";"Q524"
11270;"VerschmelzungderLabien";"Q525"
11271;"AngeboreneFehlbildungenderKlitoris";"Q526"
11272;"SonstigeangeboreneFehlbildungenderVulva,Angeboren:Fehlbildungo.n.A.,Fehlen,Zyste,Vulva";"Q527"
11273;"SonstigenäherbezeichneteangeboreneFehlbildungenderweiblichenGenitalorgane";"Q528"
11274;"AngeboreneFehlbildungderweiblichenGenitalorgane,nichtnäherbezeichnet";"Q529"
11276;"Ektopiatestis,Ektopiatestis,einseitigoderbeidseitig";"Q530"
11277;"Nondescensustestis,einseitig";"Q531"
11278;"Nondescensustestis,beidseitig";"Q532"
11279;"Nondescensustestis,nichtnäherbezeichnet,Kryptorchismuso.n.A.";"Q539"
11281;"GlanduläreHypospadie,Hypospadia:coronaria,glandularis";"Q540"
11282;"PenileHypospadie";"Q541"
11283;"PenoskrotaleHypospadie";"Q542"
11284;"PerinealeHypospadie";"Q543"
11285;"AngeboreneVentralverkrümmungdesPenis";"Q544"
11286;"SonstigeFormenderHypospadie";"Q548"
11287;"Hypospadie,nichtnäherbezeichnet";"Q549"
11289;"FehlenundAplasiedesHodens,Monorchie";"Q550"
11290;"HypoplasiedesHodensunddesSkrotums,Hodenverschmelzung";"Q551"
11291;"SonstigeangeboreneFehlbildungendesHodensunddesSkrotums,AngeboreneFehlbildungdesHodensoderdesSkrotumso.n.A.,Pendelhoden,Polyorchie,Wanderhoden";"Q552"
11292;"AtresiedesDuctusdeferens";"Q553"
11293;"SonstigeangeboreneFehlbildungendesDuctusdeferens,desNebenhodens,derVesiculaeseminalesundderProstata";"Q554"
11294;"AngeborenesFehlenundAplasiedesPenis";"Q555"
11295;"SonstigeangeboreneFehlbildungendesPenis,AngeboreneFehlbildungdesPeniso.n.A.,HypoplasiedesPenis,Penisverkrümmung(lateral)";"Q556"
11296;"SonstigenäherbezeichneteangeboreneFehlbildungendermännlichenGenitalorgane";"Q558"
11297;"AngeboreneFehlbildungdermännlichenGenitalorgane,nichtnäherbezeichnet,Angeboren:Anomalie,Deformität,männlicheGenitalorganeo.n.A.";"Q559"
11299;"Hermaphroditismus,anderenortsnichtklassifiziert,Ovotestis";"Q560"
11300;"Pseudohermaphroditismusmasculinus,anderenortsnichtklassifiziert,Pseudohermaphroditismusmasculinuso.n.A.";"Q561"
11301;"Pseudohermaphroditismusfemininus,anderenortsnichtklassifiziert,Pseudohermaphroditismusfemininuso.n.A.";"Q562"
11302;"Pseudohermaphroditismus,nichtnäherbezeichnet";"Q563"
11303;"UnbestimmtesGeschlecht,nichtnäherbezeichnet,NichteindeutigdifferenzierbareGenitalien";"Q564"
11305;"Nierenagenesie,einseitig";"Q600"
11306;"Nierenagenesie,beidseitig";"Q601"
11307;"Nierenagenesie,nichtnäherbezeichnet";"Q602"
11308;"Nierenhypoplasie,einseitig";"Q603"
11309;"Nierenhypoplasie,beidseitig";"Q604"
11310;"Nierenhypoplasie,nichtnäherbezeichnet";"Q605"
11311;"Potter-Syndrom";"Q606"
11313;"AngeborenesolitäreNierenzyste,ZystederNiere(angeboren)(solitär)";"Q610"
11314;"PolyzystischeNiere,infantilerTyp";"Q611"
11315;"PolyzystischeNiere,Erwachsenentyp";"Q612"
11316;"PolyzystischeNiere,nichtnäherbezeichnet";"Q613"
11317;"Nierendysplasie";"Q614"
11318;"MedulläreZystenniere,Schwammniereo.n.A.";"Q615"
11319;"SonstigezystischeNierenkrankheiten,Fibrozystisch:Niere,Nierendegenerationoder-krankheit";"Q618"
11320;"ZystischeNierenkrankheit,nichtnäherbezeichnet,Meckel-Gruber-Syndrom";"Q619"
11322;"AngeboreneHydronephrose";"Q620"
11323;"Atresieund(angeborene)StenosedesUreters,AngeborenerVerschluß:Ureter,Uretermündung,ureteropelvinerÜbergang,UndurchgängigkeitdesUreters";"Q621"
11324;"AngeborenerMegaureter,AngeboreneDilatationdesUreters";"Q622"
11325;"Sonstige(angeborene)obstruktiveDefektedesNierenbeckensunddesUreters,AngeboreneUreterozele";"Q623"
11326;"AgenesiedesUreters,FehlendesUreters";"Q624"
11327;"DuplikaturdesUreters,Ureter:akzessorisch,doppelt";"Q625"
11328;"LageanomaliedesUreters,Deviation,Ektopie,Implantation,anomal,VerlagerungUreteroderUretermündung";"Q626"
11329;"Angeborenervesiko-uretero-renalerReflux";"Q627"
11330;"SonstigeangeboreneFehlbildungendesUreters,AnomaliedesUreterso.n.A.";"Q628"
11332;"AkzessorischeNiere";"Q630"
11333;"GelappteNiere,verschmolzeneNiereundHufeisenniere";"Q631"
11334;"EktopeNiere,AngeboreneNierenverlagerung,MalrotationderNiere";"Q632"
11335;"HyperplastischeNiereundRiesenniere";"Q633"
11336;"SonstigenäherbezeichneteangeboreneFehlbildungenderNiere,AngeboreneNierensteine";"Q638"
11337;"AngeboreneFehlbildungderNiere,nichtnäherbezeichnet";"Q639"
11339;"Epispadie";"Q640"
11340;"EkstrophiederHarnblase,EktopiederHarnblase,ExtroversionderHarnblase";"Q641"
11341;"AngeboreneUrethralklappenimhinterenTeilderHarnröhre";"Q642"
11342;"SonstigeAtresieund(angeborene)StenosederUrethraunddesHarnblasenhalses,Angeboren:Harnblasenhalsobstruktion,Striktur:,Meatus,Uretermündung,Urethra,UndurchgängigkeitderUrethra";"Q643"
11343;"FehlbildungdesUrachus,ProlapsdesUrachus,Urachusfistel,Urachuszyste";"Q644"
11344;"AngeborenesFehlenderHarnblaseundderUrethra";"Q645"
11345;"AngeborenesDivertikelderHarnblase";"Q646"
11346;"SonstigeangeboreneFehlbildungenderHarnblaseundderUrethra";"Q647"
11347;"SonstigenäherbezeichneteangeboreneFehlbildungendesHarnsystems";"Q648"
11348;"AngeboreneFehlbildungdesHarnsystems,nichtnäherbezeichnet,Angeboren:Anomalie,Deformität,Harnsystemo.n.A.";"Q649"
11350;"AngeboreneLuxationdesHüftgelenkes,einseitig";"Q650"
11351;"AngeboreneLuxationdesHüftgelenkes,beidseitig";"Q651"
11352;"AngeboreneLuxationdesHüftgelenkes,nichtnäherbezeichnet";"Q652"
11353;"AngeboreneSubluxationdesHüftgelenkes,einseitig";"Q653"
11354;"AngeboreneSubluxationdesHüftgelenkes,beidseitig";"Q654"
11355;"AngeboreneSubluxationdesHüftgelenkes,nichtnäherbezeichnet";"Q655"
11356;"InstabilesHüftgelenk(angeboren),LuxierbareHüfte,SubluxierbareHüfte";"Q656"
11357;"SonstigeangeboreneDeformitätenderHüfte,AngeboreneAzetabulumdysplasie,Coxa:valga,vara,congenita,VermehrteAntetorsiondesSchenkelhalses";"Q658"
11358;"AngeboreneDeformitätderHüfte,nichtnäherbezeichnet";"Q659"
11360;"Pesequinovaruscongenitus,Klumpfußo.n.A.";"Q660"
11361;"Pescalcaneovaruscongenitus";"Q661"
11362;"Pesadductus(congenitus)";"Q662"
11363;"SonstigeangeboreneVarusdeformitätenderFüße,Halluxvaruscongenitus";"Q663"
11364;"Pescalcaneovalguscongenitus";"Q664"
11365;"Pesplanuscongenitus,Plattfuß:angeboren,kontrakt,spastisch(evertiert)";"Q665"
11366;"SonstigeangeboreneValgusdeformitätenderFüße,Metatarsusvalgus";"Q666"
11367;"Pescavus";"Q667"
11368;"SonstigeangeboreneDeformitätenderFüße,Hammerzehe,angeborenTalipes:asymmetrisch,o.n.A.,Talusverticalis,VerschmelzungtarsalerKnochenkerne[tarsalcoalition]";"Q668"
11369;"AngeboreneDeformitätderFüße,nichtnäherbezeichnet";"Q669"
11371;"Gesichtsasymmetrie";"Q670"
11373;"Dolichozephalie";"Q672"
11374;"Plagiozephalie";"Q673"
11375;"SonstigeangeboreneDeformitätendesSchädels,desGesichtesunddesKiefers";"Q674"
11376;"AngeboreneDeformitätenderWirbelsäule,AngeboreneSkoliose:lagebedingt,o.n.A.";"Q675"
11377;"Pectusexcavatum,AngeboreneTrichterbrust";"Q676"
11378;"Pectuscarinatum,AngeboreneHühnerbrust";"Q677"
11379;"SonstigeangeboreneDeformitätendesThorax,AngeboreneDeformitätderThoraxwando.n.A.";"Q678"
11381;"AngeboreneDeformitätendesM.sternocleidomastoideus,KontrakturdesM.sternocleidomastoideus,Kopfnickerhämatom(angeboren),Torticolliscongenitus(muscularis)";"Q680"
11382;"AngeboreneDeformitätderHand,AngeboreneKlumpfinger,Löffelhand(angeboren)";"Q681"
11383;"AngeboreneDeformitätdesKnies,Angeboren:Genurecurvatum,Kniegelenkluxation";"Q682"
11384;"AngeboreneVerbiegungdesFemurs";"Q683"
11385;"AngeboreneVerbiegungderTibiaundderFibula";"Q684"
11386;"AngeboreneVerbiegungderlangenBeinknochen,nichtnäherbezeichnet";"Q685"
11387;"SonstigenäherbezeichneteangeboreneMuskel-Skelett-Deformitäten,Angeboren:Deformität:Ellenbogen,Klavikula,Skapula,Unterarm,Luxation:Ellenbogen,Schulter";"Q688"
11389;"Akzessorische(r)Finger";"Q690"
11390;"Akzessorische(r)Daumen";"Q691"
11391;"AkzessorischeZehe(n),AkzessorischeGroßzehe";"Q692"
11392;"Polydaktylie,nichtnäherbezeichnet,Überzählige(r)FingeroderZehe(n)o.n.A.";"Q699"
11394;"MiteinanderverwachseneFinger,KnöcherneSyndaktylievonFingern";"Q700"
11395;"SchwimmhautbildungandenFingern,HäutigeSyndaktylievonFingern";"Q701"
11396;"MiteinanderverwachseneZehen,KnöcherneSyndaktylievonZehen";"Q702"
11397;"SchwimmhautbildungandenZehen,HäutigeSyndaktylievonZehen";"Q703"
11398;"Polysyndaktylie";"Q704"
11399;"Syndaktylie,nichtnäherbezeichnet,Symphalangieo.n.A.";"Q709"
11401;"AngeborenesvollständigesFehlenderoberenExtremität(en)";"Q710"
11402;"AngeborenesFehlendesOber-undUnterarmesbeivorhandenerHand";"Q711"
11403;"AngeborenesFehlensowohldesUnterarmesalsauchderHand";"Q712"
11404;"AngeborenesFehlenderHandodereinesodermehrererFinger";"Q713"
11405;"LongitudinalerReduktionsdefektdesRadius,Klumphand(angeboren),RadialeKlumphand";"Q714"
11406;"LongitudinalerReduktionsdefektderUlna";"Q715"
11407;"Spalthand";"Q716"
11408;"SonstigeReduktionsdefektederoberenExtremität(en),AngeboreneVerkürzungderoberenExtremität(en)";"Q718"
11409;"ReduktionsdefektderoberenExtremität,nichtnäherbezeichnet";"Q719"
11411;"AngeborenesvollständigesFehlenderunterenExtremität(en)";"Q720"
11412;"AngeborenesFehlendesOber-undUnterschenkelsbeivorhandenemFuß";"Q721"
11413;"AngeborenesFehlensowohldesUnterschenkelsalsauchdesFußes";"Q722"
11414;"AngeborenesFehlendesFußesodereinerodermehrererZehen";"Q723"
11415;"LongitudinalerReduktionsdefektdesFemurs,Femur-Fibula-Ulna-Komplex[proximalfemoralfocaldeficiency]";"Q724"
11416;"LongitudinalerReduktionsdefektderTibia";"Q725"
11417;"LongitudinalerReduktionsdefektderFibula";"Q726"
11418;"Spaltfuß";"Q727"
11419;"SonstigeReduktionsdefektederunterenExtremität(en),AngeboreneVerkürzungderunterenExtremität(en)";"Q728"
11420;"ReduktionsdefektderunterenExtremität,nichtnäherbezeichnet";"Q729"
11422;"AngeborenesFehlennichtnäherbezeichneterExtremität(en),Amelieo.n.A.";"Q730"
11423;"PhokomelienichtnäherbezeichneterExtremität(en),Phokomelieo.n.A.";"Q731"
11424;"SonstigeReduktionsdefektenichtnäherbezeichneterExtremität(en)";"Q738"
11426;"SonstigeangeboreneFehlbildungenderoberenExtremität(en)unddesSchultergürtels";"Q740"
11427;"AngeboreneFehlbildungdesKnies,Angeboren:FehlenderPatella,Genu:valgum,varum,LuxationderPatella,RudimentärePatella";"Q741"
11428;"SonstigeangeboreneFehlbildungenderunterenExtremität(en)unddesBeckengürtels,Angeboren:Fehlbildung:Knöchel(Sprunggelenk),Iliosakralgelenk,VerschmelzungdesIliosakralgelenkes";"Q742"
11429;"Arthrogryposismultiplexcongenita";"Q743"
11430;"SonstigenäherbezeichneteangeboreneFehlbildungenderExtremität(en)";"Q748"
11431;"NichtnäherbezeichneteangeboreneFehlbildungderExtremität(en),AngeboreneAnomaliederExtremität(en)o.n.A.";"Q749"
11433;"Kraniosynostosen,Akrozephalie,Oxyzephalie,Trigonozephalie,UnvollständigeVerschmelzungvonSchädelknochen";"Q750"
11434;"Dysostosiscraniofacialis,Crouzon-Syndrom";"Q751"
11435;"Hypertelorismus";"Q752"
11436;"Makrozephalie";"Q753"
11437;"Dysostosismandibulofacialis,Franceschetti-I-Syndrom[(Treacher-)Collins-Syndrom]";"Q754"
11438;"Okulo-mandibulo-fazialesSyndrom";"Q755"
11439;"SonstigenäherbezeichneteangeboreneFehlbildungenderSchädel-undGesichtsschädelknochen,AngeboreneStirndeformität,FehlenvonSchädelknochen,angeboren,Platybasie";"Q758"
11440;"AngeboreneFehlbildungderSchädel-undGesichtsschädelknochen,nichtnäherbezeichnet,AngeboreneAnomalie:Gesichtsschädelknocheno.n.A.,Schädelo.n.A.";"Q759"
11442;"Spinabifidaocculta";"Q760"
11443;"Klippel-Feil-Syndrom,VerschmelzungvonHalswirbelkörpern";"Q761"
11444;"AngeboreneSpondylolisthesis,AngeboreneSpondylolyse";"Q762"
11445;"AngeboreneSkoliosedurchangeboreneKnochenfehlbildung,HalbwirbelverschmelzungoderSegmentationsfehlermitSkoliose";"Q763"
11446;"SonstigeangeboreneFehlbildungenderWirbelsäuleohneSkoliose";"Q764"
11447;"Halsrippe,ÜberzähligeRippeinderHalsregion";"Q765"
11448;"SonstigeangeboreneFehlbildungenderRippen,AkzessorischeRippe,Angeboren:FehleneinerRippe,Rippenfehlbildungo.n.A.,VerschmelzungvonRippen";"Q766"
11449;"AngeboreneFehlbildungdesSternums,AngeborenesFehlendesSternums,Sternumspalte";"Q767"
11450;"SonstigeangeboreneFehlbildungendesknöchernenThorax";"Q768"
11451;"AngeboreneFehlbildungdesknöchernenThorax,nichtnäherbezeichnet";"Q769"
11453;"Achondrogenesie,Hypochondrogenesie";"Q770"
11454;"ThanatophoreDysplasie";"Q771"
11455;"Kurzripp-Polydaktylie-Syndrome,AsphyxierendeThoraxdysplasie[Jeune]";"Q772"
11456;"Chondrodysplasia-punctata-Syndrome";"Q773"
11457;"Achondroplasie,Hypochondroplasie";"Q774"
11458;"DiastrophischeDysplasie";"Q775"
11459;"ChondroektodermaleDysplasie,Ellis-van-Creveld-Syndrom";"Q776"
11460;"Dysplasiaspondyloepiphysaria";"Q777"
11461;"SonstigeOsteochondrodysplasienmitWachstumsstörungenderRöhrenknochenundderWirbelsäule";"Q778"
11462;"OsteochondrodysplasiemitWachstumsstörungenderRöhrenknochenundderWirbelsäule,nichtnäherbezeichnet";"Q779"
11464;"Osteogenesisimperfecta,Fragilitasossium,Osteopsathyrosis";"Q780"
11465;"PolyostotischefibröseDysplasie[Jaffé-Lichtenstein-Syndrom],McCune-Albright-Syndrom";"Q781"
11466;"Marmorknochenkrankheit,Albers-Schönberg-Syndrom";"Q782"
11467;"ProgredientediaphysäreDysplasie,Camurati-Engelmann-Syndrom";"Q783"
11468;"Enchondromatose,Maffucci-Syndrom,Ollier-Krankheit";"Q784"
11469;"MetaphysäreDysplasie,Pyle-Syndrom";"Q785"
11470;"AngeborenemultipleExostosen,MultiplekartilaginäreExostosen";"Q786"
11471;"SonstigenäherbezeichneteOsteochondrodysplasien,Osteopoikilie";"Q788"
11472;"Osteochondrodysplasie,nichtnäherbezeichnet,Chondrodystrophieo.n.A.,Osteodystrophieo.n.A.";"Q789"
11474;"AngeboreneZwerchfellhernie";"Q790"
11475;"SonstigeangeboreneFehlbildungendesZwerchfells,AngeboreneFehlbildungdesZwerchfellso.n.A.,Eventratiodiaphragmatica,FehlendesZwerchfells";"Q791"
11476;"Exomphalus,Omphalozele";"Q792"
11477;"Gastroschisis";"Q793"
11478;"Bauchdeckenaplasie-Syndrom";"Q794"
11479;"SonstigeangeboreneFehlbildungenderBauchdecke";"Q795"
11480;"Ehlers-Danlos-Syndrom";"Q796"
11481;"SonstigeangeboreneFehlbildungendesMuskel-Skelett-Systems,AkzessorischerMuskel,AmniotischeSchnürfurchen,AngeboreneSehnenverkürzung,Fehlen:Muskel,Sehne,Myatrophiacongenita,Poland-Syndrom";"Q798"
11482;"AngeboreneFehlbildungdesMuskel-Skelett-Systems,nichtnäherbezeichnet,Angeboren:Anomalieo.n.A.,Deformitäto.n.A.,Muskel-Skelett-Systemo.n.A.";"Q799"
11484;"Ichthyosisvulgaris";"Q800"
11485;"X-chromosomal-rezessiveIchthyosis";"Q801"
11486;"LamelläreIchthyosis,Kollodium-Baby";"Q802"
11487;"BullösekongenitaleichthyosiformeErythrodermie";"Q803"
11488;"Ichthyosiscongenitagravis[Harlekinfetus]";"Q804"
11489;"SonstigeIchthyosiscongenita";"Q808"
11490;"Ichthyosiscongenita,nichtnäherbezeichnet";"Q809"
11492;"Epidermolysisbullosasimplex";"Q810"
11493;"Epidermolysisbullosaatrophicansgravis,Herlitz-Syndrom";"Q811"
11494;"Epidermolysisbullosadystrophica";"Q812"
11495;"SonstigeEpidermolysisbullosa";"Q818"
11496;"Epidermolysisbullosa,nichtnäherbezeichnet";"Q819"
11498;"HereditäresLymphödem";"Q820"
11499;"Xerodermapigmentosum";"Q821"
11500;"Mastozytose(angeboren),Urticariapigmentosa";"Q822"
11501;"Incontinentiapigmenti";"Q823"
11502;"EktodermaleDysplasie(anhidrotisch)";"Q824"
11503;"AngeborenernichtneoplastischerNävus,Blutschwamm,Feuermal,Muttermalo.n.A.,Naevus:flammeus,vasculosuso.n.A.,verrucosus,Portweinfleck";"Q825"
11504;"SonstigenäherbezeichneteangeboreneFehlbildungenderHaut";"Q828"
11505;"AngeboreneFehlbildungderHaut,nichtnäherbezeichnet";"Q829"
11507;"AngeborenesFehlenderMammaverbundenmitfehlenderBrustwarze";"Q830"
11508;"AkzessorischeMamma,ÜberzähligeMamma";"Q831"
11509;"FehlenderBrustwarze(angeboren)";"Q832"
11510;"AkzessorischeBrustwarze,ÜberzähligeBrustwarze";"Q833"
11511;"SonstigeangeboreneFehlbildungenderMamma,HypoplasiederMamma";"Q838"
11512;"AngeboreneFehlbildungderMamma,nichtnäherbezeichnet";"Q839"
11514;"AngeboreneAlopezie,AngeboreneAtrichie";"Q840"
11515;"AngeborenemorphologischeStörungenderHaare,anderenortsnichtklassifiziert,Monilethrix,Pilianulati,Spindelhaare";"Q841"
11516;"SonstigeangeboreneFehlbildungenderHaare,Angeboren:FehlbildungderHaareo.n.A.,Hypertrichose,PersistierendeLanugobehaarung";"Q842"
11518;"AngeboreneLeukonychie";"Q844"
11519;"VergrößerteundhypertrophierteNägel(angeboren),AngeboreneOnychauxis,Pachyonychie";"Q845"
11520;"SonstigeangeboreneFehlbildungenderNägel,Angeboren:FehlbildungdesNagelso.n.A.,Klumpnägel,Koilonychie";"Q846"
11521;"SonstigenäherbezeichneteangeboreneFehlbildungendesIntegumentes,Aplasiacutiscongenita";"Q848"
11522;"AngeboreneFehlbildungdesIntegumentes,nichtnäherbezeichnet,Angeboren:Anomalieo.n.A.,Deformitäto.n.A.,Integumento.n.A.";"Q849"
11524;"Neurofibromatose(nichtbösartig),von-Recklinghausen-Krankheit";"Q850"
11525;"Tuberöse(Hirn-)Sklerose,Bourneville-(Pringle-)Syndrom,Epiloia";"Q851"
11526;"SonstigePhakomatosen,anderenortsnichtklassifiziert,Syndrom:von-Hippel-Lindau-,Peutz-Jeghers-,Sturge-Weber-(Dimitri-)";"Q858"
11527;"Phakomatose,nichtnäherbezeichnet,Hamartoseo.n.A.";"Q859"
11529;"Alkohol-Embryopathie(mitDysmorphien)";"Q860"
11530;"Antiepileptika-Embryopathie,EmbryofetalesHydantoin-Syndrom";"Q861"
11532;"SonstigeangeboreneFehlbildungssyndromedurchbekannteäußereUrsachen";"Q868"
11534;"AngeboreneFehlbildungssyndromemitvorwiegenderBeteiligungdesGesichtes";"Q870"
11535;"AngeboreneFehlbildungssyndrome,dievorwiegendmitMinderwuchseinhergehen";"Q871"
11536;"AngeboreneFehlbildungssyndromemitvorwiegenderBeteiligungderExtremitäten";"Q872"
11537;"AngeboreneFehlbildungssyndromemitvermehrtemGewebewachstumimfrühenKindesalter,Sotos-Syndrom,Weaver-Syndrom,Wiedemann-Beckwith-Syndrom";"Q873"
11538;"Marfan-Syndrom";"Q874"
11539;"SonstigeangeboreneFehlbildungssyndromemitsonstigenSkelettveränderungen";"Q875"
11540;"SonstigenäherbezeichneteangeboreneFehlbildungssyndrome,anderenortsnichtklassifiziert,Alport-Syndrom,Laurence-Moon-Biedl-Bardet-Syndrom,Zellweger-Syndrom";"Q878"
11542;"AngeboreneFehlbildungenderMilz,AngeboreneSplenomegalie,Asplenie(angeboren)";"Q890"
11543;"AngeboreneFehlbildungenderNebenniere";"Q891"
11544;"AngeboreneFehlbildungensonstigerendokrinerDrüsen,AngeboreneFehlbildungderNebenschilddrüseoderSchilddrüse,PersistenzdesDuctusthyroglossus,Thyroglossuszyste";"Q892"
11545;"Situsinversus";"Q893"
11546;"SiamesischeZwillinge,Dizephalus,Doppelfehlbildung,Kraniopagus,Pygopagus,Thorakopagus";"Q894"
11547;"MultipleangeboreneFehlbildungen,anderenortsnichtklassifiziert,Monstrumo.n.A.,Multipel,angeboren:Anomalieno.n.A.,Deformitäteno.n.A.";"Q897"
11548;"SonstigenäherbezeichneteangeboreneFehlbildungen";"Q898"
11549;"AngeboreneFehlbildung,nichtnäherbezeichnet,Angeboren:Anomalieo.n.A.,Deformitäto.n.A.";"Q899"
11551;"Trisomie21,meiotischeNon-disjunction[Down-Syndrom]";"Q900"
11552;"Trisomie21,Mosaik(mitotischeNon-disjunction)[Down-Syndrom]";"Q901"
11553;"Trisomie21,Translokation[Down-Syndrom]";"Q902"
11554;"Down-Syndrom,nichtnäherbezeichnet,Trisomie21o.n.A.";"Q909"
11556;"Trisomie18,meiotischeNon-disjunction[Edwards-Syndrom]";"Q910"
11557;"Trisomie18,Mosaik(mitotischeNon-disjunction)[Edwards-Syndrom]";"Q911"
11558;"Trisomie18,Translokation[Edwards-Syndrom]";"Q912"
11559;"Edwards-Syndrom,nichtnäherbezeichnet";"Q913"
11560;"Trisomie13,meiotischeNon-disjunction[Patau-Syndrom]";"Q914"
11561;"Trisomie13,Mosaik(mitotischeNon-disjunction)[Patau-Syndrom]";"Q915"
11562;"Trisomie13,Translokation[Patau-Syndrom]";"Q916"
11563;"Patau-Syndrom,nichtnäherbezeichnet";"Q917"
11565;"VollständigeTrisomie,meiotischeNon-disjunction";"Q920"
11566;"VollständigeTrisomie,Mosaik(mitotischeNon-disjunction)";"Q921"
11567;"PartielleTrisomie,Majorform.EinganzerArmodermehrverdoppelt";"Q922"
11568;"PartielleTrisomie,Minorform.WenigeralseinganzerArmverdoppelt";"Q923"
11569;"Chromosomenduplikationen,dienurinderPrometaphasesichtbarwerden";"Q924"
11570;"ChromosomenduplikationenmitsonstigenkomplexenRearrangements";"Q925"
11571;"ÜberzähligeMarker-Chromosomen";"Q926"
11572;"TriploidieundPolyploidie";"Q927"
11573;"SonstigenäherbezeichneteTrisomienundpartielleTrisomienderAutosomen";"Q928"
11574;"TrisomieundpartielleTrisomiederAutosomen,nichtnäherbezeichnet";"Q929"
11576;"VollständigeMonosomie,meiotischeNon-disjunction";"Q930"
11577;"VollständigeMonosomie,Mosaik(mitotischeNon-disjunction)";"Q931"
11578;"RingchromosomenunddizentrischeChromosomen";"Q932"
11579;"DeletiondeskurzenArmesdesChromosoms4,Wolf-Hirschhorn-Syndrom";"Q933"
11580;"DeletiondeskurzenArmesdesChromosoms5,Katzenschrei-Syndrom";"Q934"
11581;"SonstigeDeletioneneinesChromosomenteils";"Q935"
11583;"DeletionenmitsonstigenkomplexenRearrangements";"Q937"
11584;"SonstigeDeletionenderAutosomen";"Q938"
11585;"DeletionderAutosomen,nichtnäherbezeichnet";"Q939"
11587;"BalancierteTranslokationundInsertionbeimnormalenIndividuum";"Q950"
11588;"Chromosomen-InversionbeimnormalenIndividuum";"Q951"
11589;"BalanciertesRearrangementderAutosomenbeimabnormenIndividuum";"Q952"
11594;"BalanciertesChromosomen-RearrangementundStruktur-Marker,nichtnäherbezeichnet";"Q959"
11596;"Karyotyp45,X[Turner-Syndrom]";"Q960"
11599;"Mosaik,45,X/46,XXoder45,X/46,XY[Turner-Syndrom]";"Q963"
11600;"Mosaik,45,X/sonstigeZellinie(n)mitGonosomenanomalie[Turner-Syndrom]";"Q964"
11601;"SonstigeVariantendesTurner-Syndroms";"Q968"
11602;"Turner-Syndrom,nichtnäherbezeichnet";"Q969"
11604;"WeiblicherPhänotypmitKaryotyp47,XXX";"Q970"
11605;"WeiblicherPhänotypmitmehralsdreiX-Chromosomen";"Q971"
11606;"WeiblicherPhänotypmitgonosomalemMosaik,ZellinienmitunterschiedlicherAnzahlvonX-Chromosomen";"Q972"
11607;"WeiblicherPhänotypmitKaryotyp46,XY";"Q973"
11608;"SonstigenäherbezeichneteAnomalienderGonosomenbeiweiblichemPhänotyp";"Q978"
11609;"AnomaliederGonosomenbeiweiblichemPhänotyp,nichtnäherbezeichnet";"Q979"
11611;"Klinefelter-Syndrom,Karyotyp47,XXY";"Q980"
11612;"Klinefelter-Syndrom,männlicherPhänotypmitmehralszweiX-Chromosomen";"Q981"
11613;"Klinefelter-Syndrom,männlicherPhänotypmitKaryotyp46,XX";"Q982"
11614;"SonstigermännlicherPhänotypmitKaryotyp46,XX";"Q983"
11615;"Klinefelter-Syndrom,nichtnäherbezeichnet";"Q984"
11616;"MännlicherPhänotypmitKaryotyp47,XYY";"Q985"
11618;"MännlicherPhänotypmitGonosomen-Mosaik";"Q987"
11619;"SonstigenäherbezeichneteAnomalienderGonosomenbeimännlichemPhänotyp";"Q988"
11622;"Chimäre46,XX/46,XY,Chimäre46,XX/46,XYmitHermaphroditismusverus";"Q990"
11623;"HermaphroditismusverusmitKaryotyp46,XX,ReineGonadendysgenesie,46,XXmitStreak-Gonaden,46,XYmitStreak-Gonaden";"Q991"
11624;"FragilesX-Chromosom,SyndromdesfragilenX-Chromosoms";"Q992"
11625;"SonstigenäherbezeichneteChromosomenanomalien";"Q998"
11626;"Chromosomenanomalie,nichtnäherbezeichnet";"Q999"
11628;"Tachykardie,nichtnäherbezeichnet,BeschleunigungdesHerzschlages";"R000"
11629;"Bradykardie,nichtnäherbezeichnet,VerlangsamungdesHerzschlages";"R001"
11630;"Palpitationen,Herzklopfen";"R002"
11631;"SonstigeundnichtnäherbezeichneteStörungendesHerzschlages";"R008"
11633;"BenigneundakzidentelleHerzgeräusche,FunktionellesHerzgeräusch";"R010"
11634;"Herzgeräusch,nichtnäherbezeichnet,Herzgeräuscho.n.A.";"R011"
11635;"SonstigeHerz-Schallphänomene,Herzdämpfung,verbreitertoderverringert,PräkordialesReiben";"R012"
11636;"Gangrän,anderenortsnichtklassifiziert";"R02"
11638;"ErhöhterBlutdruckwertohneDiagnoseeinesBluthochdrucks";"R030"
11639;"UnspezifischerniedrigerBlutdruckwert";"R031"
11641;"Epistaxis,BlutungausderNase,Nasenbluten";"R040"
11642;"BlutungausdemRachen";"R041"
11643;"Hämoptoe,Bluthusten,BlutimSputum";"R042"
11644;"BlutungaussonstigenLokalisationenindenAtemwegen,Lungenblutungo.n.A.";"R048"
11645;"BlutungausdenAtemwegen,nichtnäherbezeichnet";"R049"
11646;"Husten";"R05"
11648;"Dyspnoe,Kurzatmigkeit,Orthopnoe";"R060"
11649;"Stridor";"R061"
11650;"ZiehendeAtmung";"R062"
11651;"PeriodischeAtmung,Cheyne-Stokes-Atmung";"R063"
11652;"Hyperventilation";"R064"
11653;"Mundatmung,Schnarchen";"R065"
11654;"Singultus";"R066"
11655;"Niesen";"R067"
11656;"SonstigeundnichtnäherbezeichneteStörungenderAtmung,Apnoeo.n.A.,Erstickungsgefühl,RespiratorischeAffektkrämpfe,Seufzen";"R068"
11658;"Halsschmerzen";"R070"
11659;"BrustschmerzenbeiderAtmung,SchmerzhafteAtmung";"R071"
11660;"PräkordialeSchmerzen";"R072"
11661;"SonstigeBrustschmerzen,SchmerzenindervorderenBrustwando.n.A.";"R073"
11662;"Brustschmerzen,nichtnäherbezeichnet";"R074"
11664;"Asphyxie";"R090"
11665;"Pleuritis";"R091"
11666;"Atemstillstand,Herz-Lungen-Versagen";"R092"
11667;"AbnormesSputum,Abnorm:Farbe,Geruch,Menge,Vermehrt,Sputum";"R093"
11668;"SonstigenäherbezeichneteSymptome,diedasKreislaufsystemunddasAtmungssystembetreffen";"R098"
11670;"AkutesAbdomen,StarkeBauchschmerzen(generalisiert)(lokalisiert)(mitBauchdeckenspannung)";"R100"
11671;"SchmerzenimBereichdesOberbauches,SchmerzenimEpigastrium";"R101"
11672;"SchmerzenimBeckenundamDamm";"R102"
11673;"SchmerzenmitLokalisationinanderenTeilendesUnterbauches";"R103"
11674;"SonstigeundnichtnäherbezeichneteBauchschmerzen,DruckschmerzhaftigkeitdesBaucheso.n.A.,Kolik:beimSäuglingundKleinkind,o.n.A.";"R104"
11675;"ÜbelkeitundErbrechen";"R11"
11676;"Sodbrennen";"R12"
11677;"Dysphagie,Schluckbeschwerden";"R13"
11678;"FlatulenzundverwandteZustände,Aufstoßen,Blähbauch,Blähungen,Meteorismus";"R14"
11679;"Stuhlinkontinenz,Enkopresiso.n.A.";"R15"
11681;"Hepatomegalie,anderenortsnichtklassifiziert,Hepatomegalieo.n.A.";"R160"
11682;"Splenomegalie,anderenortsnichtklassifiziert,Splenomegalieo.n.A.";"R161"
11683;"HepatomegalieverbundenmitSplenomegalie,anderenortsnichtklassifiziert,Hepatosplenomegalieo.n.A.";"R162"
11684;"Gelbsucht,nichtnäherbezeichnet";"R17"
11685;"Aszites,FlüssigkeitsansammlunginderBauchhöhle";"R18"
11687;"Schwellung,RaumforderungundKnotenimAbdomenundBecken,DiffuseodergeneralisierteSchwellungoderRaumforderung:intraabdominalo.n.A.,pelvino.n.A.,umbilikal";"R190"
11688;"AbnormeDarmgeräusche,FehlendeDarmgeräusche,ÜbermäßigeDarmgeräusche";"R191"
11689;"SichtbarePeristaltik,Hyperperistaltik";"R192"
11690;"Bauchdeckenspannung";"R193"
11691;"VeränderungenderStuhlgewohnheiten";"R194"
11692;"SonstigeStuhlveränderungen,AbnormeStuhlfarbe,ErhöhteStuhlmenge,SchleimigerStuhl";"R195"
11693;"Mundgeruch";"R196"
11694;"SonstigenäherbezeichneteSymptome,diedasVerdauungssystemunddasAbdomenbetreffen";"R198"
11696;"AnästhesiederHaut";"R200"
11697;"HypästhesiederHaut";"R201"
11698;"ParästhesiederHaut,Ameisenlaufen,Kribbelgefühl,Nadelstichgefühl";"R202"
11699;"HyperästhesiederHaut";"R203"
11700;"SonstigeundnichtnäherbezeichneteSensibilitätsstörungenderHaut";"R208"
11701;"HautausschlagundsonstigeunspezifischeHauteruptionen";"R21"
11703;"LokalisierteSchwellung,RaumforderungundKnotenderHautundderUnterhautamKopf";"R220"
11704;"LokalisierteSchwellung,RaumforderungundKnotenderHautundderUnterhautamHals";"R221"
11705;"LokalisierteSchwellung,RaumforderungundKnotenderHautundderUnterhautamRumpf";"R222"
11706;"LokalisierteSchwellung,RaumforderungundKnotenderHautundderUnterhautandenoberenExtremitäten";"R223"
11707;"LokalisierteSchwellung,RaumforderungundKnotenderHautundderUnterhautandenunterenExtremitäten";"R224"
11708;"LokalisierteSchwellung,RaumforderungundKnotenderHautundderUnterhautanmehrerenLokalisationen";"R227"
11709;"LokalisierteSchwellung,RaumforderungundKnotenderHautundderUnterhaut,nichtnäherbezeichnet";"R229"
11711;"Zyanose";"R230"
11712;"Blässe,FeuchtkalteHaut";"R231"
11713;"Gesichtsrötung[Flush],ÜbermäßigesErröten";"R232"
11714;"SpontaneEkchymosen,Petechien";"R233"
11715;"VeränderungendesHautreliefs,Abschuppung,Desquamation,Verhärtung,Haut";"R234"
11716;"SonstigeundnichtnäherbezeichneteHautveränderungen";"R238"
11718;"AbnormeKopfbewegungen";"R250"
11719;"Tremor,nichtnäherbezeichnet";"R251"
11720;"KrämpfeundSpasmenderMuskulatur";"R252"
11721;"Faszikulation,Zuckungeno.n.A.";"R253"
11722;"SonstigeundnichtnäherbezeichneteabnormeunwillkürlicheBewegungen";"R258"
11724;"AtaktischerGang,TaumelnderGang";"R260"
11725;"ParetischerGang,SpastischerGang";"R261"
11726;"Gehbeschwerden,anderenortsnichtklassifiziert";"R262"
14526;"Immobilität";"R263"
11727;"SonstigeundnichtnäherbezeichneteStörungendesGangesundderMobilität,Standunsicherheito.n.A.";"R268"
11729;"Ataxie,nichtnäherbezeichnet";"R270"
11730;"SonstigeundnichtnäherbezeichneteKoordinationsstörungen";"R278"
11732;"Tetanie,Karpopedalspasmen";"R290"
11733;"Meningismus";"R291"
11734;"AbnormeReflexe";"R292"
11735;"AbnormeKörperhaltung";"R293"
11736;"SchnappendeHüfte,Ortolani-Phänomen";"R294"
14527;"Sturzneigung,anderenortsnichtklassifiziert";"R296"
11737;"SonstigeundnichtnäherbezeichneteSymptome,diedasNervensystemunddasMuskel-Skelett-Systembetreffen";"R298"
11739;"Dysurie,Strangurie";"R300"
11740;"Tenesmusvesicae";"R301"
11741;"SchmerzenbeimWasserlassen,nichtnäherbezeichnet,SchmerzenbeimWasserlasseno.n.A.";"R309"
11742;"NichtnäherbezeichneteHämaturie";"R31"
11743;"NichtnäherbezeichneteHarninkontinenz,Enuresiso.n.A.";"R32"
11744;"Harnverhaltung";"R33"
11745;"AnurieundOligurie";"R34"
11746;"Polyurie,HäufigeMiktion,Nykturie";"R35"
11747;"AusflußausderHarnröhre,AusflußausdemPenis,Urethrorrhoe";"R36"
11749;"Urin-Extravasation";"R390"
11750;"SonstigeMiktionsstörungen,GespaltenerHarnstrahl,SchwacherHarnstrahl,VerzögerteMiktion";"R391"
11751;"ExtrarenaleUrämie,PrärenaleUrämie";"R392"
11752;"SonstigeundnichtnäherbezeichneteSymptome,diedasHarnsystembetreffen";"R398"
11754;"Somnolenz,Benommenheit";"R400"
11755;"Stupor,Präkoma";"R401"
11756;"Koma,nichtnäherbezeichnet,Bewußtlosigkeito.n.A.";"R402"
11758;"Orientierungsstörung,nichtnäherbezeichnet,Verwirrtheito.n.A.";"R410"
11759;"AnterogradeAmnesie";"R411"
11760;"RetrogradeAmnesie";"R412"
11761;"SonstigeAmnesie,Amnesieo.n.A.";"R413"
11762;"SonstigeundnichtnäherbezeichneteSymptome,diedasErkennungsvermögenunddasBewußtseinbetreffen";"R418"
11763;"SchwindelundTaumel,Vertigoo.n.A.";"R42"
11765;"Anosmie";"R430"
11766;"Parosmie";"R431"
11767;"Parageusie";"R432"
11768;"SonstigeundnichtnäherbezeichneteStörungendesGeruchs-undGeschmackssinnes,KombinierteStörungdesGeruchs-undGeschmackssinnes";"R438"
11770;"AkustischeHalluzinationen";"R440"
11771;"OptischeHalluzinationen";"R441"
11772;"SonstigeHalluzinationen";"R442"
11773;"Halluzinationen,nichtnäherbezeichnet";"R443"
11774;"SonstigeundnichtnäherbezeichneteSymptome,diedieSinneswahrnehmungenunddasWahrnehmungsvermögenbetreffen";"R448"
11776;"Nervosität,NervöserSpannungszustand";"R450"
11777;"RuhelosigkeitundErregung";"R451"
11778;"Unglücklichsein,Sorgeno.n.A.";"R452"
11779;"DemoralisierungundApathie";"R453"
11780;"ReizbarkeitundWut";"R454"
11781;"Feindseligkeit";"R455"
11782;"KörperlicheGewalt";"R456"
11783;"EmotionellerSchockoderStreß,nichtnäherbezeichnet";"R457"
11784;"SonstigeSymptome,diedieStimmungbetreffen";"R458"
11786;"StarkvernachlässigteKörperpflege";"R460"
11787;"BesondersauffälligesäußeresErscheinungsbild";"R461"
11788;"SeltsamesundunerklärlichesVerhalten";"R462"
11789;"Hyperaktivität";"R463"
11790;"VerlangsamungundherabgesetztesReaktionsvermögen";"R464"
11791;"MißtrauenoderausweichendesVerhalten";"R465"
11792;"UnangemesseneBetroffenheitundBeschäftigungmitStreßereignissen";"R466"
11793;"WortschwalloderumständlicheDetailschilderung,diedieGründefüreineKonsultationoderInanspruchnahmeverschleiern";"R467"
11794;"SonstigeSymptome,diedasäußereErscheinungsbildunddasVerhaltenbetreffen";"R468"
11796;"DysphasieundAphasie";"R470"
11797;"DysarthrieundAnarthrie";"R471"
11798;"SonstigeundnichtnäherbezeichneteSprech-undSprachstörungen";"R478"
11800;"DyslexieundAlexie";"R480"
11801;"Agnosie";"R481"
11802;"Apraxie";"R482"
11803;"SonstigeundnichtnäherbezeichneteWerkzeugstörungen,Agraphie,Akalkulie";"R488"
11805;"Dysphonie,Heiserkeit";"R490"
11806;"Aphonie,Stimmlosigkeit";"R491"
11807;"Rhinophonia(aperta)(clausa)";"R492"
11808;"SonstigeundnichtnäherbezeichneteStörungenderStimme,VeränderungderStimmeo.n.A.";"R498"
14528;"Medikamenten-induziertesFieber[Drugfever]";"R502"
14529;"SonstigesnäherbezeichnetesFieber";"R508"
11812;"Fieber,nichtnäherbezeichnet,Hyperpyrexieo.n.A.,Pyrexieo.n.A.";"R509"
11813;"Kopfschmerz,Gesichtsschmerzo.n.A.";"R51"
11815;"AkuterSchmerz";"R520"
11816;"ChronischerunbeeinflußbarerSchmerz";"R521"
11817;"SonstigerchronischerSchmerz";"R522"
11818;"Schmerz,nichtnäherbezeichnet,DiffuserSchmerzo.n.A.";"R529"
11819;"UnwohlseinundErmüdung,AllgemeinerkörperlicherAbbau,Asthenieo.n.A.,Lethargie,Müdigkeit,Schwäche:chronisch,nervös,o.n.A.";"R53"
11820;"Senilität,Altersschwäche,HohesAlter,Seneszenz,ohneAngabeeinerPsychose";"R54"
11821;"SynkopeundKollaps,Blackout,Ohnmacht";"R55"
11823;"Fieberkrämpfe";"R560"
11824;")komplizierterFieberkrampf(fokaleAnfallszeichen,Dauerlängerals15minoderRezidivkrampfinnerhalb30minbzw.mitneurologischenAusfällen)";"R560"
11825;")sonstigeFieberkrämpfe";"R560"
11826;"SonstigeundnichtnäherbezeichneteKrämpfe,Anfallo.n.A.,Krampfanfallo.n.A.";"R568"
11828;"KardiogenerSchock";"R570"
11829;"HypovolämischerSchock";"R571"
14530;"SeptischerSchock";"R572"
11830;"SonstigeFormendesSchocks,Endotoxinschock";"R578"
11831;"Schock,nichtnäherbezeichnet,PeripheresKreislaufversageno.n.A.";"R579"
11832;"Blutung,anderenortsnichtklassifiziert,Blutungo.n.A.";"R58"
11834;"Lymphknotenvergrößerung,umschrieben";"R590"
11835;"Lymphknotenvergrößerung,generalisiert,Lymphadenopathieo.n.A.";"R591"
11836;"Lymphknotenvergrößerung,nichtnäherbezeichnet";"R599"
11838;"UmschriebenesÖdem";"R600"
11839;"GeneralisiertesÖdem";"R601"
11840;"Ödem,nichtnäherbezeichnet,Flüssigkeitsretentiono.n.A.";"R609"
11842;"Hyperhidrose,umschrieben";"R610"
11843;"Hyperhidrose,generalisiert";"R611"
11844;"Hyperhidrose,nichtnäherbezeichnet,Nachtschweiß,ÜbermäßigesSchwitzen";"R619"
11846;"VerzögertesErreichenvonEntwicklungsstufen,SpätesLaufenlernen,SpätesSprechenlernen,VerzögertesEintreteneinererwartetenphysiologischenEntwicklungsstufe";"R620"
11847;"SonstigesAusbleibendererwartetenphysiologischenEntwicklung,Gedeihstörung,Infantilismuso.n.A.,KörperlichesZurückbleiben,MangelhaftesWachstum,MangelndeGewichtszunahme";"R628"
11848;"AusbleibendererwartetenphysiologischenEntwicklung,nichtnäherbezeichnet";"R629"
11850;"Anorexie,Appetitverlust";"R630"
11851;"Polydipsie,ÜbermäßigerDurst";"R631"
11852;"Polyphagie,Überernährungo.n.A.,ÜbermäßigeNahrungsaufnahme";"R632"
11853;"ErnährungsproblemeundunsachgemäßeErnährung,Ernährungsproblemo.n.A.";"R633"
11854;"AbnormeGewichtsabnahme";"R634"
11855;"AbnormeGewichtszunahme";"R635"
14531;"UngenügendeAufnahmevonNahrungundFlüssigkeitinfolgeVernachlässigungdereigenenPerson";"R636"
11856;"SonstigeSymptome,diedieNahrungs-undFlüssigkeitsaufnahmebetreffen";"R638"
11857;"Kachexie";"R64"
14532;"SystemischesinflammatorischesResponse-Syndrom[SIRS]infektiöserGeneseohneOrgankomplikationen";"R650"
14533;"SystemischesinflammatorischesResponse-Syndrom[SIRS]infektiöserGenesemitOrgankomplikationen";"R651"
14534;"SystemischesinflammatorischesResponse-Syndrom[SIRS]nichtinfektiöserGeneseohneOrgankomplikationen";"R652"
14535;"SystemischesinflammatorischesResponse-Syndrom[SIRS]nichtinfektiöserGenesemitOrgankomplikationen";"R653"
14536;"SystemischesinflammatorischesResponse-Syndrom[SIRS],nichtnäherbezeichnet";"R659"
11859;"Hypothermie,nichtinVerbindungmitniedrigerUmgebungstemperatur";"R680"
11860;"UnspezifischeSymptomeimKleinkindalter,ReizbaresKleinkind,UngewöhnlichhäufigesundstarkesSchreiendesKleinkindes";"R681"
11861;"Mundtrockenheit,nichtnäherbezeichnet";"R682"
11862;"Trommelschlegelfinger,Uhrglasnägel";"R683"
11863;"SonstigenäherbezeichneteAllgemeinsymptome";"R688"
11864;"UnbekannteundnichtnäherbezeichneteKrankheitsursachen,Krankheito.n.A.,NichtdiagnostizierteKrankheitohneAngabederbetroffenenLokalisationoderdesbetroffenenSystems";"R69"
11866;"BeschleunigteBlutkörperchensenkungsreaktion";"R700"
11867;"VerändertePlasmaviskosität";"R701"
11868;"VeränderungderErythrozyten,Anisozytose,Poikilozytose,Verändert:Erythrozytenmorphologieo.n.A.,Erythrozytenvolumeno.n.A.";"R71"
11869;"VeränderungderLeukozyten,anderenortsnichtklassifiziert,AuffälligesDifferentialblutbildo.n.A.";"R72"
11871;"AbnormerGlukosetoleranztest,Diabetes:subklinisch,latent,PathologischeGlukosetoleranz,Prädiabetes";"R730"
11872;"Hyperglykämie,nichtnäherbezeichnet";"R739"
11874;"ErhöhungderTransaminasenwerteunddesLaktat-Dehydrogenase-Wertes[LDH]";"R740"
11875;"SonstigeabnormeSerumenzymwerte,AbnormerWert:alkalischePhosphatase,Amylase,Lipase[Triacylglyzerinlipase],saurePhosphatase";"R748"
11876;"AbnormerWertnichtnäherbezeichneterSerumenzyme";"R749"
11877;"LaborhinweisaufHumanesImmundefizienz-Virus[HIV],NichteindeutigerBefunddesHIV-TestsbeimKleinkind";"R75"
11879;"ErhöhterAntikörpertiter";"R760"
11880;"AbnormeReaktionaufTuberkulintest,AbnormesErgebnisderMendel-Mantoux-Tuberkulinprobe";"R761"
11882;"SonstigenäherbezeichneteabnormeimmunologischeSerumbefunde,ErhöhterImmunglobulinwerto.n.A.";"R768"
11883;"AbnormerimmunologischerSerumbefund,nichtnäherbezeichnet";"R769"
11885;"VeränderungenderAlbumine";"R770"
11886;"VeränderungenderGlobuline,Hyperglobulinämieo.n.A.";"R771"
11887;"VeränderungendesAlpha-Fetoproteins";"R772"
11888;"SonstigenäherbezeichneteVeränderungenderPlasmaproteine";"R778"
11889;"VeränderungeinesPlasmaproteins,nichtnäherbezeichnet";"R779"
11891;"NachweisvonAlkoholimBlut";"R780"
11892;"NachweisvonOpiatenimBlut";"R781"
11893;"NachweisvonKokainimBlut";"R782"
11894;"NachweisvonHalluzinogenenimBlut";"R783"
11895;"NachweissonstigerDrogenmitAbhängigkeitspotentialimBlut";"R784"
11896;"NachweispsychotroperDrogenimBlut";"R785"
11897;"NachweisvonSteroidenimBlut";"R786"
11899;"NachweissonstigernäherbezeichneterSubstanzen,dienormalerweisenichtimBlutvorhandensind,NachweiseinesabnormenLithium-Blutwertes";"R788"
11900;"NachweiseinernichtnäherbezeichnetenSubstanz,dienormalerweisenichtimBlutvorhandenist";"R789"
11902;"AbnormerMineral-Blutwert,AbnormerBlutwert:Eisen,Kobalt,Kupfer,Magnesium,Minerale,anderenortsnichtklassifiziert,Zink";"R790"
11903;"SonstigenäherbezeichneteabnormeBefundederBlutchemie,AbnormerBlutgaswert";"R798"
11904;"AbnormerBefundderBlutchemie,nichtnäherbezeichnet";"R799"
11905;"IsolierteProteinurie,Albuminurieo.n.A.,Bence-Jones-Proteinurie,Proteinurieo.n.A.";"R80"
11906;"Glukosurie";"R81"
11908;"Chylurie";"R820"
11909;"Myoglobinurie";"R821"
11910;"Bilirubinurie";"R822"
11911;"Hämoglobinurie";"R823"
11912;"Azetonurie,Ketonurie";"R824"
11913;"ErhöhteUrinwertefürDrogen,ArzneimittelundbiologischaktiveSubstanzen,ErhöhterUrinwert:Indolessigsäure,Katecholamine,17-Ketosteroide,Steroide";"R825"
11914;"AbnormeUrinwertefürSubstanzenvorwiegendnichtmedizinischerHerkunft,AbnormerUrinwertfürSchwermetalle";"R826"
11915;"AbnormeBefundebeidermikrobiologischenUrinuntersuchung,PositiveKulturen";"R827"
11916;"AbnormeBefundebeiderzytologischenundhistologischenUrinuntersuchung";"R828"
11917;"SonstigeundnichtnäherbezeichneteabnormeUrinbefunde,Kristallurie,Melanurie,ZellenundZylinderimUrin";"R829"
11919;"AbnormeLiquorbefunde\AbnormerEnzymwert";"R830"
11921;"AbnormeLiquorbefunde\AbnormerWertfürsonstigeDrogen,ArzneimittelundbiologischaktiveSubstanzen";"R832"
11922;"AbnormeLiquorbefunde\AbnormerWertfürSubstanzenvorwiegendnichtmedizinischerHerkunft";"R833"
11923;"AbnormeLiquorbefunde\AbnormeimmunologischeBefunde";"R834"
11924;"AbnormeLiquorbefunde\AbnormemikrobiologischeBefunde,PositiveKulturen";"R835"
11925;"AbnormeLiquorbefunde\AbnormezytologischeBefunde,AbnormerPapanicolaou-Abstrich";"R836"
11926;"AbnormeLiquorbefunde\AbnormehistologischeBefunde";"R837"
11927;"AbnormeLiquorbefunde\SonstigeabnormeBefunde,AbnormeChromosomenbefunde";"R838"
11928;"AbnormeLiquorbefunde\NichtnäherbezeichneterabnormerBefund";"R839"
11930;"AbnormeBefundeinUntersuchungsmaterialienausAtemwegenundThorax\AbnormerEnzymwert";"R840"
11931;"AbnormeBefundeinUntersuchungsmaterialienausAtemwegenundThorax\AbnormerHormonwert";"R841"
11932;"AbnormeBefundeinUntersuchungsmaterialienausAtemwegenundThorax\AbnormerWertfürsonstigeDrogen,ArzneimittelundbiologischaktiveSubstanzen";"R842"
11935;"AbnormeBefundeinUntersuchungsmaterialienausAtemwegenundThorax\AbnormemikrobiologischeBefunde,PositiveKulturen";"R845"
11936;"AbnormeBefundeinUntersuchungsmaterialienausAtemwegenundThorax\AbnormezytologischeBefunde,AbnormerPapanicolaou-Abstrich";"R846"
11938;"AbnormeBefundeinUntersuchungsmaterialienausAtemwegenundThorax\SonstigeabnormeBefunde,AbnormeChromosomenbefunde";"R848"
11939;"AbnormeBefundeinUntersuchungsmaterialienausAtemwegenundThorax\NichtnäherbezeichneterabnormerBefund";"R849"
11941;"AbnormeBefundeinUntersuchungsmaterialienausVerdauungsorganenundBauchhöhle\AbnormerEnzymwert";"R850"
11942;"AbnormeBefundeinUntersuchungsmaterialienausVerdauungsorganenundBauchhöhle\AbnormerHormonwert";"R851"
11943;"AbnormeBefundeinUntersuchungsmaterialienausVerdauungsorganenundBauchhöhle\AbnormerWertfürsonstigeDrogen,ArzneimittelundbiologischaktiveSubstanzen";"R852"
11944;"AbnormeBefundeinUntersuchungsmaterialienausVerdauungsorganenundBauchhöhle\AbnormerWertfürSubstanzenvorwiegendnichtmedizinischerHerkunft";"R853"
11945;"AbnormeBefundeinUntersuchungsmaterialienausVerdauungsorganenundBauchhöhle\AbnormeimmunologischeBefunde";"R854"
11946;"AbnormeBefundeinUntersuchungsmaterialienausVerdauungsorganenundBauchhöhle\AbnormemikrobiologischeBefunde,PositiveKulturen";"R855"
11947;"AbnormeBefundeinUntersuchungsmaterialienausVerdauungsorganenundBauchhöhle\AbnormezytologischeBefunde,AbnormerPapanicolaou-Abstrich";"R856"
11948;"AbnormeBefundeinUntersuchungsmaterialienausVerdauungsorganenundBauchhöhle\AbnormehistologischeBefunde";"R857"
11949;"AbnormeBefundeinUntersuchungsmaterialienausVerdauungsorganenundBauchhöhle\SonstigeabnormeBefunde,AbnormeChromosomenbefunde";"R858"
11950;"AbnormeBefundeinUntersuchungsmaterialienausVerdauungsorganenundBauchhöhle\NichtnäherbezeichneterabnormerBefund";"R859"
11952;"AbnormeBefundeinUntersuchungsmaterialienausdenmännlichenGenitalorganen\AbnormerEnzymwert";"R860"
11953;"AbnormeBefundeinUntersuchungsmaterialienausdenmännlichenGenitalorganen\AbnormerHormonwert";"R861"
11954;"AbnormeBefundeinUntersuchungsmaterialienausdenmännlichenGenitalorganen\AbnormerWertfürsonstigeDrogen,ArzneimittelundbiologischaktiveSubstanzen";"R862"
11956;"AbnormeBefundeinUntersuchungsmaterialienausdenmännlichenGenitalorganen\AbnormeimmunologischeBefunde";"R864"
11958;"AbnormeBefundeinUntersuchungsmaterialienausdenmännlichenGenitalorganen\AbnormezytologischeBefunde,AbnormerPapanicolaou-Abstrich";"R866"
11959;"AbnormeBefundeinUntersuchungsmaterialienausdenmännlichenGenitalorganen\AbnormehistologischeBefunde";"R867"
11960;"AbnormeBefundeinUntersuchungsmaterialienausdenmännlichenGenitalorganen\SonstigeabnormeBefunde,AbnormeChromosomenbefunde";"R868"
11961;"AbnormeBefundeinUntersuchungsmaterialienausdenmännlichenGenitalorganen\NichtnäherbezeichneterabnormerBefund";"R869"
11963;"AbnormeBefundeinUntersuchungsmaterialienausdenweiblichenGenitalorganen\AbnormerEnzymwert";"R870"
11964;"AbnormeBefundeinUntersuchungsmaterialienausdenweiblichenGenitalorganen\AbnormerHormonwert";"R871"
11965;"AbnormeBefundeinUntersuchungsmaterialienausdenweiblichenGenitalorganen\AbnormerWertfürsonstigeDrogen,ArzneimittelundbiologischaktiveSubstanzen";"R872"
11966;"AbnormeBefundeinUntersuchungsmaterialienausdenweiblichenGenitalorganen\AbnormerWertfürSubstanzenvorwiegendnichtmedizinischerHerkunft";"R873"
11967;"AbnormeBefundeinUntersuchungsmaterialienausdenweiblichenGenitalorganen\AbnormeimmunologischeBefunde";"R874"
11968;"AbnormeBefundeinUntersuchungsmaterialienausdenweiblichenGenitalorganen\AbnormemikrobiologischeBefunde,PositiveKulturen";"R875"
11969;"AbnormeBefundeinUntersuchungsmaterialienausdenweiblichenGenitalorganen\AbnormezytologischeBefunde,AbnormerPapanicolaou-Abstrich";"R876"
11970;"AbnormeBefundeinUntersuchungsmaterialienausdenweiblichenGenitalorganen\AbnormehistologischeBefunde";"R877"
11971;"AbnormeBefundeinUntersuchungsmaterialienausdenweiblichenGenitalorganen\SonstigeabnormeBefunde,AbnormeChromosomenbefunde";"R878"
11972;"AbnormeBefundeinUntersuchungsmaterialienausdenweiblichenGenitalorganen\NichtnäherbezeichneterabnormerBefund";"R879"
11974;"AbnormeBefundeinUntersuchungsmaterialienausanderenKörperorganen,-systemenund-geweben\AbnormerEnzymwert";"R890"
11975;"AbnormeBefundeinUntersuchungsmaterialienausanderenKörperorganen,-systemenund-geweben\AbnormerHormonwert";"R891"
11976;"AbnormeBefundeinUntersuchungsmaterialienausanderenKörperorganen,-systemenund-geweben\AbnormerWertfürsonstigeDrogen,ArzneimittelundbiologischaktiveSubstanzen";"R892"
11977;"AbnormeBefundeinUntersuchungsmaterialienausanderenKörperorganen,-systemenund-geweben\AbnormerWertfürSubstanzenvorwiegendnichtmedizinischerHerkunft";"R893"
11978;"AbnormeBefundeinUntersuchungsmaterialienausanderenKörperorganen,-systemenund-geweben\AbnormeimmunologischeBefunde";"R894"
11979;"AbnormeBefundeinUntersuchungsmaterialienausanderenKörperorganen,-systemenund-geweben\AbnormemikrobiologischeBefunde,PositiveKulturen";"R895"
11980;"AbnormeBefundeinUntersuchungsmaterialienausanderenKörperorganen,-systemenund-geweben\AbnormezytologischeBefunde,AbnormerPapanicolaou-Abstrich";"R896"
11981;"AbnormeBefundeinUntersuchungsmaterialienausanderenKörperorganen,-systemenund-geweben\AbnormehistologischeBefunde";"R897"
11982;"AbnormeBefundeinUntersuchungsmaterialienausanderenKörperorganen,-systemenund-geweben\SonstigeabnormeBefunde,AbnormeChromosomenbefunde";"R898"
11983;"AbnormeBefundeinUntersuchungsmaterialienausanderenKörperorganen,-systemenund-geweben\NichtnäherbezeichneterabnormerBefund";"R899"
11985;"AbnormeBefundebeiderbildgebendenDiagnostikdesZentralnervensystems:IntrakranielleRaumforderung";"R900"
11986;"SonstigeabnormeBefundebeiderbildgebendenDiagnostikdesZentralnervensystems,AbnormesEchoenzephalogramm";"R908"
11987;"AbnormeBefundebeiderbildgebendenDiagnostikderLunge,Lungenraumforderungo.n.A.,Rundherdo.n.A.";"R91"
11988;"AbnormeBefundebeiderbildgebendenDiagnostikderMamma[Brustdrüse]";"R92"
11990;"AbnormeBefundebeiderbildgebendenDiagnostikdesSchädelsunddesKopfes,anderenortsnichtklassifiziert";"R930"
11991;"AbnormeBefundebeiderbildgebendenDiagnostikdesHerzensunddesKoronarkreislaufes,Abnorm:Echokardiogrammo.n.A.,Herzschatten";"R931"
11992;"AbnormeBefundebeiderbildgebendenDiagnostikderLeberundderGallenwege,NichtdarstellungderGallenblase";"R932"
11993;"AbnormeBefundebeiderbildgebendenDiagnostiksonstigerTeiledesVerdauungstraktes";"R933"
11994;"AbnormeBefundebeiderbildgebendenDiagnostikderHarnorgane,Füllungsdefekt:Harnblase,Niere,Ureter";"R934"
11995;"AbnormeBefundebeiderbildgebendenDiagnostiksonstigerAbdominalregionen,einschließlichdesRetroperitoneums";"R935"
11996;"AbnormeBefundebeiderbildgebendenDiagnostikderExtremitäten";"R936"
11997;"AbnormeBefundebeiderbildgebendenDiagnostiksonstigerAbschnittedesMuskel-Skelett-Systems";"R937"
11998;"AbnormeBefundebeiderbildgebendenDiagnostikansonstigennäherbezeichnetenKörperstrukturen,AbnormerradiologischerBefundderHautunddesUnterhautgewebes,Mediastinalverlagerung";"R938"
12000;"AbnormeErgebnissevonFunktionsprüfungendesZentralnervensystems,AbnormesElektroenzephalogramm[EEG]";"R940"
12001;"AbnormeErgebnissevonFunktionsprüfungendesperipherenNervensystemsundbestimmterSinnesorgane";"R941"
12002;"AbnormeErgebnissevonLungenfunktionsprüfungen,Vermindert:Ventilation,Vitalkapazität";"R942"
12003;"AbnormeErgebnissevonkardiovaskulärenFunktionsprüfungen,Abnorm:Elektrokardiogramm[EKG],intrakardialeelektrophysiologischeUntersuchungsergebnisse,Phonokardiogramm,Vektorkardiogramm";"R943"
12004;"AbnormeErgebnissevonNierenfunktionsprüfungen,NierenfunktionstestmitabnormemBefund";"R944"
12005;"AbnormeErgebnissevonLeberfunktionsprüfungen";"R945"
12006;"AbnormeErgebnissevonSchilddrüsenfunktionsprüfungen";"R946"
12007;"AbnormeErgebnissevonsonstigenendokrinenFunktionsprüfungen";"R947"
12008;"AbnormeErgebnissevonFunktionsprüfungensonstigerOrganeundOrgansysteme,Abnorm:Grundumsatzwert[GU],Harnblasenfunktionstest,Milzfunktionstest";"R948"
14598;"PlötzlicherKindstodmitAngabeeinerObduktion";"R950"
14582;"PlötzlicherKindstodohneAngabeeinerObduktion";"R959"
12011;"PlötzlicheingetretenerTod";"R960"
12012;"Todeseintrittinnerhalbvonwenigerals24StundennachBeginnderSymptome,ohneanderweitigeAngabe";"R961"
12013;"TodohneAnwesenheitandererPersonen,AufgefundeneLeiche,AufgefundenerToter,dessenTodesursachenichtfestgestelltwerdenkonnte";"R98"
12014;"SonstigeungenauodernichtnäherbezeichneteTodesursachen,Todo.n.A.,UnbekannteTodesursache";"R99"
12016;"OberflächlicheVerletzungderbehaartenKopfhaut";"S000"
12017;"PrellungdesAugenlidesundderPeriokularregion,BlauesAuge";"S001"
12018;"SonstigeoberflächlicheVerletzungendesAugenlidesundderPeriokularregion";"S002"
12019;"OberflächlicheVerletzungderNase";"S003"
12020;"OberflächlicheVerletzungdesOhres";"S004"
12021;"OberflächlicheVerletzungderLippeundderMundhöhle";"S005"
12022;"MultipleoberflächlicheVerletzungendesKopfes";"S007"
12023;"OberflächlicheVerletzungsonstigerTeiledesKopfes";"S008"
12024;"OberflächlicheVerletzungdesKopfes,Teilnichtnäherbezeichnet";"S009"
12026;"OffeneWundederbehaartenKopfhaut";"S010"
12027;"OffeneWundedesAugenlidesundderPeriokularregion,OffeneWundedesAugenlidesundderPeriokularregionmitoderohneBeteiligungderTränenwege";"S011"
12028;"OffeneWundederNase";"S012"
12029;"OffeneWundedesOhres";"S013"
12030;"OffeneWundederWangeundderTemporomandibularregion";"S014"
12031;"OffeneWundederLippeundderMundhöhle";"S015"
12032;"MultipleoffeneWundendesKopfes";"S017"
12033;"OffeneWundesonstigerTeiledesKopfes";"S018"
12034;"OffeneWundedesKopfes,Teilnichtnäherbezeichnet";"S019"
12036;"Schädeldachfraktur,Osfrontale,Osparietale";"S020"
12037;")Schädeldachfraktur,Osfrontale,Osparietale\geschlossen";"S020"
12038;")Schädeldachfraktur,Osfrontale,Osparietale\offen";"S020"
12039;"Schädelbasisfraktur:Orbitadach,Osoccipitale,Ossphenoidale,Ostemporale,Schädelgrube:hintere,mittlere,vordere,Sinus:ethmoidalis,frontalis";"S021"
12040;")Schädelbasisfraktur:Orbitadach,Osoccipitale,Ossphenoidale,Ostemporale,Schädelgrube:hintere,mittlere,vordere,Sinus:ethmoidalis,frontalis\geschlossen";"S021"
12041;")Schädelbasisfraktur:Orbitadach,Osoccipitale,Ossphenoidale,Ostemporale,Schädelgrube:hintere,mittlere,vordere,Sinus:ethmoidalis,frontalis\offen";"S021"
12042;"Nasenbeinfraktur";"S022"
12043;")Nasenbeinfraktur\geschlossen";"S022"
12044;")Nasenbeinfraktur\offen";"S022"
12045;"FrakturdesOrbitabodens";"S023"
12046;")FrakturdesOrbitabodens\geschlossen";"S023"
12047;")FrakturdesOrbitabodens\offen";"S023"
12048;"FrakturdesJochbeinsunddesOberkiefers,Maxilla,Oberkiefer(-Knochen),Oszygomaticum";"S024"
12049;")FrakturdesJochbeinsunddesOberkiefers,Maxilla,Oberkiefer(-Knochen),Oszygomaticum\geschlossen";"S024"
12050;")FrakturdesJochbeinsunddesOberkiefers,Maxilla,Oberkiefer(-Knochen),Oszygomaticum\offen";"S024"
12051;"Zahnfraktur";"S025"
12052;"Unterkieferfraktur,Mandibula,Unterkiefer(-Knochen)";"S026"
12053;")Unterkieferfraktur,Mandibula,Unterkiefer(-Knochen)\geschlossen";"S026"
12054;")Unterkieferfraktur,Mandibula,Unterkiefer(-Knochen)\offen";"S026"
12055;"MultipleFrakturenderSchädel-undGesichtsschädelknochen";"S027"
12056;")MultipleFrakturenderSchädel-undGesichtsschädelknochen\geschlossen";"S027"
12057;")MultipleFrakturenderSchädel-undGesichtsschädelknochen\offen";"S027"
12058;"FrakturensonstigerSchädel-undGesichtsschädelknochen,Alveolarfortsatz,Gaumen,Orbitao.n.A.";"S028"
12059;")FrakturensonstigerSchädel-undGesichtsschädelknochen,Alveolarfortsatz,Gaumen,Orbitao.n.A.\geschlossen";"S028"
12060;")FrakturensonstigerSchädel-undGesichtsschädelknochen,Alveolarfortsatz,Gaumen,Orbitao.n.A.\offen";"S028"
12061;"FrakturdesSchädelsundderGesichtsschädelknochen,Teilnichtnäherbezeichnet";"S029"
12062;")FrakturdesSchädelsundderGesichtsschädelknochen,Teilnichtnäherbezeichnet\geschlossen";"S029"
12063;")FrakturdesSchädelsundderGesichtsschädelknochen,Teilnichtnäherbezeichnet\offen";"S029"
12065;"Kieferluxation,Kiefer(-Knorpel)(-Diskus),Kiefergelenk,Mandibula";"S030"
12066;"LuxationdesknorpeligenNasenseptums";"S031"
12067;"Zahnluxation";"S032"
12068;"LuxationsonstigerundnichtnäherbezeichneterTeiledesKopfes";"S033"
12069;"VerstauchungundZerrungdesKiefers,Kiefer(-Gelenk)(-Band)";"S034"
12070;"VerstauchungundZerrungvonGelenkenundBändernsonstigerundnichtnäherbezeichneterTeiledesKopfes";"S035"
12072;"Sehnerv-undSehbahnenverletzung,II.Hirnnerv,Chiasmaopticum,Sehrinde";"S040"
12073;"VerletzungdesN.oculomotorius,III.Hirnnerv";"S041"
12074;"VerletzungdesN.trochlearis,IV.Hirnnerv";"S042"
12075;"VerletzungdesN.trigeminus,V.Hirnnerv";"S043"
12076;"VerletzungdesN.abducens,VI.Hirnnerv";"S044"
12077;"VerletzungdesN.facialis,VII.Hirnnerv";"S045"
12078;"VerletzungdesN.vestibulocochlearis,VIII.Hirnnerv,Hörnerv,N.acusticus[N.statoacusticus]";"S046"
12079;"VerletzungdesN.accessorius,XI.Hirnnerv";"S047"
12080;"VerletzungsonstigerHirnnerven,N.glossopharyngeus[IX.Hirnnerv],N.hypoglossus[XII.Hirnnerv],N.vagus[X.Hirnnerv],Nn.olfactorii[I.Hirnnerv]";"S048"
12081;"VerletzungeinesnichtnäherbezeichnetenHirnnervs";"S049"
12083;"VerletzungderKonjunktivaundAbrasiocorneaeohneAngabeeinesFremdkörpers";"S050"
12084;"PrellungdesAugapfelsunddesOrbitagewebes,Hyphäma,traumatisch";"S051"
12085;"RißverletzungundRupturdesAugesmitProlapsoderVerlustintraokularenGewebes";"S052"
12086;"RißverletzungdesAugesohneProlapsoderVerlustintraokularenGewebes,RißverletzungdesAugeso.n.A.";"S053"
12087;"PenetrierendeWundederOrbitamitoderohneFremdkörper";"S054"
12088;"PenetrierendeWundedesAugapfelsmitFremdkörper";"S055"
12089;"PenetrierendeWundedesAugapfelsohneFremdkörper,PenetrierendeAugenverletzungo.n.A.";"S056"
12090;"AbrißdesAugapfels,TraumatischeEnukleation";"S057"
12091;"SonstigeVerletzungendesAugesundderOrbita,VerletzungdesDuctusnasolacrimalis";"S058"
12092;"VerletzungdesAugesundderOrbita,Teilnichtnäherbezeichnet,VerletzungdesAugeso.n.A.";"S059"
12094;"Gehirnerschütterung,Commotiocerebri";"S060"
12095;"TraumatischesHirnödem";"S061"
12096;")TraumatischesHirnödem\ohneoffeneintrakranielleWunde";"S061"
12097;")TraumatischesHirnödem\mitoffenerintrakraniellerWunde";"S061"
12098;"DiffuseHirnverletzung,Compressiocerebri,traumatisch,o.n.A.,Hirnkontusiono.n.A.,RißverletzungdesGehirnso.n.A.";"S062"
12099;")DiffuseHirnverletzung,Compressiocerebri,traumatisch,o.n.A.,Hirnkontusiono.n.A.,RißverletzungdesGehirnso.n.A.\ohneoffeneintrakranielleWunde";"S062"
12100;")DiffuseHirnverletzung,Compressiocerebri,traumatisch,o.n.A.,Hirnkontusiono.n.A.,RißverletzungdesGehirnso.n.A.\mitoffenerintrakraniellerWunde";"S062"
12101;"UmschriebeneHirnverletzung,Umschrieben:Hirnkontusion,traumatischeintrazerebraleBlutung,RißverletzungdesGehirns";"S063"
12102;")UmschriebeneHirnverletzung,Umschrieben:Hirnkontusion,traumatischeintrazerebraleBlutung,RißverletzungdesGehirns\ohneoffeneintrakranielleWunde";"S063"
12103;")UmschriebeneHirnverletzung,Umschrieben:Hirnkontusion,traumatischeintrazerebraleBlutung,RißverletzungdesGehirns\mitoffenerintrakraniellerWunde";"S063"
12104;"EpiduraleBlutung,ExtraduraleBlutung(traumatisch)";"S064"
12105;")EpiduraleBlutung,ExtraduraleBlutung(traumatisch)\ohneoffeneintrakranielleWunde";"S064"
12106;")EpiduraleBlutung,ExtraduraleBlutung(traumatisch)\mitoffenerintrakraniellerWunde";"S064"
12107;"TraumatischesubduraleBlutung";"S065"
12108;")TraumatischesubduraleBlutung\ohneoffeneintrakranielleWunde";"S065"
12109;")TraumatischesubduraleBlutung\mitoffenerintrakraniellerWunde";"S065"
12110;"TraumatischesubarachnoidaleBlutung";"S066"
12111;")TraumatischesubarachnoidaleBlutung\ohneoffeneintrakranielleWunde";"S066"
12112;")TraumatischesubarachnoidaleBlutung\mitoffenerintrakraniellerWunde";"S066"
12113;"IntrakranielleVerletzungmitverlängertemKoma[Comaprolongé]";"S067"
12114;")IntrakranielleVerletzungmitverlängertemKoma[Comaprolongé]\ohneoffeneintrakranielleWunde";"S067"
12115;")IntrakranielleVerletzungmitverlängertemKoma[Comaprolongé]\mitoffenerintrakraniellerWunde";"S067"
12116;"SonstigeintrakranielleVerletzungen,TraumatischeBlutung:intrakraniello.n.A.,Kleinhirn";"S068"
12117;")SonstigeintrakranielleVerletzungen,TraumatischeBlutung:intrakraniello.n.A.,Kleinhirn\ohneoffeneintrakranielleWunde";"S068"
12118;")SonstigeintrakranielleVerletzungen,TraumatischeBlutung:intrakraniello.n.A.,Kleinhirn\mitoffenerintrakraniellerWunde";"S068"
12119;"IntrakranielleVerletzung,nichtnäherbezeichnet,Hirnverletzungo.n.A.";"S069"
12120;")IntrakranielleVerletzung,nichtnäherbezeichnet,Hirnverletzungo.n.A.\ohneoffeneintrakranielleWunde";"S069"
12121;")IntrakranielleVerletzung,nichtnäherbezeichnet,Hirnverletzungo.n.A.\mitoffenerintrakraniellerWunde";"S069"
12123;"ZerquetschungdesGesichtes";"S070"
12124;"ZerquetschungdesSchädels";"S071"
12125;"ZerquetschungsonstigerTeiledesKopfes";"S078"
12126;"ZerquetschungdesKopfes,Teilnichtnäherbezeichnet";"S079"
12128;"Skalpierungsverletzung";"S080"
12129;"TraumatischeAmputationdesOhres";"S081"
12130;"TraumatischeAmputationsonstigerTeiledesKopfes";"S088"
12131;"TraumatischeAmputationeinesnichtnäherbezeichnetenTeilesdesKopfes";"S089"
12133;"VerletzungvonBlutgefäßendesKopfes,anderenortsnichtklassifiziert";"S090"
12134;"VerletzungvonMuskelnundSehnendesKopfes";"S091"
12135;"TraumatischeTrommelfellruptur";"S092"
12136;"MultipleVerletzungendesKopfes,Verletzungen,dieinmehralseinerderKategorienS00-S09.2klassifizierbarsind";"S097"
12137;"SonstigenäherbezeichneteVerletzungendesKopfes";"S098"
12138;"NichtnäherbezeichneteVerletzungdesKopfes,Verletzung:Gesichto.n.A.,Naseo.n.A.,Ohro.n.A.";"S099"
12140;"PrellungdesRachens,Kehlkopf,Ösophagus,Parscervicalis,Rachen,Trachea";"S100"
12141;"SonstigeundnichtnäherbezeichneteoberflächlicheVerletzungendesRachens";"S101"
12142;"MultipleoberflächlicheVerletzungendesHalses";"S107"
12143;"OberflächlicheVerletzungsonstigerTeiledesHalses";"S108"
12144;"OberflächlicheVerletzungdesHalses,Teilnichtnäherbezeichnet";"S109"
12146;"OffeneWundemitBeteiligungdesKehlkopfesundderTrachea,Trachea:Parscervicalis,o.n.A.";"S110"
12147;"OffeneWundemitBeteiligungderSchilddrüse";"S111"
12148;"OffeneWundemitBeteiligungdesRachensunddesÖsophagus,Parscervicalis";"S112"
12149;"MultipleoffeneWundendesHalses";"S117"
12150;"OffeneWundesonstigerTeiledesHalses";"S118"
12151;"OffeneWundedesHalses,Teilnichtnäherbezeichnet";"S119"
12153;"Frakturdes1.Halswirbels,Atlas";"S120"
12154;")Frakturdes1.Halswirbels,Atlas\geschlossen";"S120"
12155;")Frakturdes1.Halswirbels,Atlas\offen";"S120"
12156;"Frakturdes2.Halswirbels,Axis";"S121"
12157;")Frakturdes2.Halswirbels,Axis\geschlossen";"S121"
12158;")Frakturdes2.Halswirbels,Axis\offen";"S121"
12159;"FraktureinessonstigennäherbezeichnetenHalswirbels";"S122"
12160;")FraktureinessonstigennäherbezeichnetenHalswirbels\geschlossen";"S122"
12161;")FraktureinessonstigennäherbezeichnetenHalswirbels\offen";"S122"
12162;"MultipleFrakturenderHalswirbelsäule";"S127"
12163;")MultipleFrakturenderHalswirbelsäule\geschlossen";"S127"
12164;")MultipleFrakturenderHalswirbelsäule\offen";"S127"
12165;"FraktursonstigerTeileimBereichdesHalses,Kehlkopf,Schildknorpel,Trachea,Zungenbein";"S128"
12166;")FraktursonstigerTeileimBereichdesHalses,Kehlkopf,Schildknorpel,Trachea,Zungenbein\geschlossen";"S128"
12167;")FraktursonstigerTeileimBereichdesHalses,Kehlkopf,Schildknorpel,Trachea,Zungenbein\offen";"S128"
12168;"FrakturimBereichdesHalses,Teilnichtnäherbezeichnet,Fraktur:Halswirbelo.n.A.,Halswirbelsäuleo.n.A.";"S129"
12169;")FrakturimBereichdesHalses,Teilnichtnäherbezeichnet,Fraktur:Halswirbelo.n.A.,Halswirbelsäuleo.n.A.\geschlossen";"S129"
12170;")FrakturimBereichdesHalses,Teilnichtnäherbezeichnet,Fraktur:Halswirbelo.n.A.,Halswirbelsäuleo.n.A.\offen";"S129"
12172;"TraumatischeRuptureinerzervikalenBandscheibe";"S130"
12173;"LuxationeinesHalswirbels,Halswirbelsäuleo.n.A.";"S131"
12174;"LuxationsonstigerundnichtnäherbezeichneterTeileimBereichdesHalses";"S132"
12175;"MultipleLuxationenimBereichdesHalses";"S133"
12176;"VerstauchungundZerrungderHalswirbelsäule,Atlantoaxial(-Gelenk),Atlantookzipital(-Gelenk),Lig.longitudinaleanterius,zervikal,SchleudertraumaderHalswirbelsäule";"S134"
12177;"VerstauchungundZerrunginderSchilddrüsenregion,Krikoarytänoidal(-Gelenk)(-Band),Krikothyreoidal(-Gelenk)(-Band),Schildknorpel";"S135"
12178;"VerstauchungundZerrungvonGelenkenundBändernsonstigerundnichtnäherbezeichneterTeiledesHalses";"S136"
12180;"KontusionundÖdemdeszervikalenRückenmarkes";"S140"
12181;"SonstigeundnichtnäherbezeichneteVerletzungendeszervikalenRückenmarkes,VerletzungdeszervikalenRückenmarkeso.n.A.";"S141"
12182;"VerletzungvonNervenwurzelnderHalswirbelsäule";"S142"
12183;"VerletzungdesPlexusbrachialis";"S143"
12184;"VerletzungperiphererNervendesHalses";"S144"
12185;"VerletzungzervikalersympathischerNerven";"S145"
12186;"VerletzungsonstigerundnichtnäherbezeichneterNervendesHalses";"S146"
12188;"VerletzungderA.carotis,A.carotis(communis)(externa)(interna)";"S150"
12189;"VerletzungderA.vertebralis";"S151"
12190;"VerletzungderV.jugularisexterna";"S152"
12191;"VerletzungderV.jugularisinterna";"S153"
12192;"VerletzungmehrererBlutgefäßeinHöhedesHalses";"S157"
12193;"VerletzungsonstigerBlutgefäßeinHöhedesHalses";"S158"
12194;"VerletzungeinesnichtnäherbezeichnetenBlutgefäßesinHöhedesHalses";"S159"
12195;"VerletzungvonMuskelnundSehneninHalshöhe";"S16"
12197;"ZerquetschungdesKehlkopfesundderTrachea";"S170"
12198;"ZerquetschungsonstigerTeiledesHalses";"S178"
12199;"ZerquetschungdesHalses,Teilnichtnäherbezeichnet";"S179"
12200;"TraumatischeAmputationinHalshöhe,Dekapitation";"S18"
12202;"MultipleVerletzungendesHalses,Verletzungen,dieinmehralseinerderKategorienS10-S18klassifizierbarsind";"S197"
12203;"SonstigenäherbezeichneteVerletzungendesHalses";"S198"
12204;"NichtnäherbezeichneteVerletzungdesHalses";"S199"
12206;"PrellungderMamma[Brustdrüse]";"S200"
12207;"SonstigeundnichtnäherbezeichneteoberflächlicheVerletzungenderMamma[Brustdrüse]";"S201"
12208;"PrellungdesThorax";"S202"
12209;"SonstigeoberflächlicheVerletzungendervorderenThoraxwand";"S203"
12210;"SonstigeoberflächlicheVerletzungenderhinterenThoraxwand";"S204"
12211;"MultipleoberflächlicheVerletzungendesThorax";"S207"
12212;"OberflächlicheVerletzungsonstigerundnichtnäherbezeichneterTeiledesThorax,Thoraxwando.n.A.";"S208"
12214;"OffeneWundederMamma[Brustdrüse]";"S210"
12215;"OffeneWundedervorderenThoraxwand";"S211"
12216;"OffeneWundederhinterenThoraxwand";"S212"
12217;"MultipleoffeneWundenderThoraxwand";"S217"
12218;"OffeneWundesonstigerTeiledesThorax";"S218"
12219;"OffeneWundedesThorax,Teilnichtnäherbezeichnet,Thoraxwando.n.A.";"S219"
12221;"FraktureinesBrustwirbels,FrakturderBrustwirbelsäuleo.n.A.";"S220"
12222;")FraktureinesBrustwirbels,FrakturderBrustwirbelsäuleo.n.A.\geschlossen";"S220"
12223;")FraktureinesBrustwirbels,FrakturderBrustwirbelsäuleo.n.A.\offen";"S220"
12224;"MultipleFrakturenderBrustwirbelsäule";"S221"
12225;")MultipleFrakturenderBrustwirbelsäule\geschlossen";"S221"
12226;")MultipleFrakturenderBrustwirbelsäule\offen";"S221"
12227;"FrakturdesSternums";"S222"
12228;")FrakturdesSternums\geschlossen";"S222"
12229;")FrakturdesSternums\offen";"S222"
12230;"Rippenfraktur";"S223"
12231;")Rippenfraktur\geschlossen";"S223"
12232;")Rippenfraktur\offen";"S223"
12233;"Rippenserienfraktur";"S224"
12234;")Rippenserienfraktur\geschlossen";"S224"
12235;")Rippenserienfraktur\offen";"S224"
12236;"InstabilerThorax";"S225"
12237;")InstabilerThorax\geschlosseneRippenfraktur";"S225"
12238;")InstabilerThorax\offeneRippenfraktur";"S225"
12239;"FraktursonstigerTeiledesknöchernenThorax";"S228"
12240;")FraktursonstigerTeiledesknöchernenThorax\geschlossen";"S228"
12242;"FrakturdesknöchernenThorax,Teilnichtnäherbezeichnet";"S229"
12243;")FrakturdesknöchernenThorax,Teilnichtnäherbezeichnet\geschlossen";"S229"
12244;")FrakturdesknöchernenThorax,Teilnichtnäherbezeichnet\offen";"S229"
12246;"TraumatischeRuptureinerthorakalenBandscheibe";"S230"
12247;"LuxationeinesBrustwirbels,Brustwirbelsäuleo.n.A.";"S231"
12248;"LuxationsonstigerundnichtnäherbezeichneterTeiledesThorax";"S232"
12249;"VerstauchungundZerrungderBrustwirbelsäule";"S233"
12250;"VerstauchungundZerrungderRippenunddesSternums";"S234"
12251;"VerstauchungundZerrungsonstigerundnichtnäherbezeichneterTeiledesThorax";"S235"
12253;"KontusionundÖdemdesthorakalenRückenmarkes";"S240"
12254;"SonstigeundnichtnäherbezeichneteVerletzungendesthorakalenRückenmarkes";"S241"
12255;"VerletzungvonNervenwurzelnderBrustwirbelsäule";"S242"
12256;"VerletzungperiphererNervendesThorax";"S243"
12257;"VerletzungthorakalersympathischerNerven,Gangliathoracica,Ganglioncervicothoracicum[Ganglionstellatum],Plexuscardiacus,Plexusoesophageus,Plexuspulmonalis";"S244"
12258;"VerletzungsonstigerNervendesThorax";"S245"
12259;"VerletzungeinesnichtnäherbezeichnetenNervsdesThorax";"S246"
12261;"VerletzungderAortathoracica,Aortao.n.A.";"S250"
12262;"VerletzungdesTruncusbrachiocephalicusoderderA.subclavia";"S251"
12263;"VerletzungderV.cavasuperior,V.cavao.n.A.";"S252"
12264;"VerletzungderV.brachiocephalicaoderderV.subclavia";"S253"
12265;"VerletzungvonPulmonalgefäßen";"S254"
12266;"VerletzungvonInterkostalgefäßen";"S255"
12267;"VerletzungmehrererBlutgefäßedesThorax";"S257"
12268;"VerletzungsonstigerBlutgefäßedesThorax,V.azygos,A.mammariaoderV.mammaria";"S258"
12269;"VerletzungeinesnichtnäherbezeichnetenBlutgefäßesdesThorax";"S259"
12271;"VerletzungdesHerzensmitHämoperikard";"S260"
12272;")VerletzungdesHerzensmitHämoperikard\ohneoffeneWundeindieBrusthöhle";"S260"
12273;")VerletzungdesHerzensmitHämoperikard\mitoffenerWundeindieBrusthöhle";"S260"
12274;"SonstigeVerletzungendesHerzens";"S268"
12275;")SonstigeVerletzungendesHerzens\ohneoffeneWundeindieBrusthöhle";"S268"
12276;")SonstigeVerletzungendesHerzens\mitoffenerWundeindieBrusthöhle";"S268"
12277;"VerletzungdesHerzens,nichtnäherbezeichnet";"S269"
12278;")VerletzungdesHerzens,nichtnäherbezeichnet\ohneoffeneWundeindieBrusthöhle";"S269"
12279;")VerletzungdesHerzens,nichtnäherbezeichnet\mitoffenerWundeindieBrusthöhle";"S269"
12281;"TraumatischerPneumothorax";"S270"
12282;")TraumatischerPneumothorax\ohneoffeneWundeindieBrusthöhle";"S270"
12283;")TraumatischerPneumothorax\mitoffenerWundeindieBrusthöhle";"S270"
12284;"TraumatischerHämatothorax";"S271"
12285;")TraumatischerHämatothorax\ohneoffeneWundeindieBrusthöhle";"S271"
12286;")TraumatischerHämatothorax\mitoffenerWundeindieBrusthöhle";"S271"
12287;"TraumatischerHämatopneumothorax";"S272"
12288;")TraumatischerHämatopneumothorax\ohneoffeneWundeindieBrusthöhle";"S272"
12289;")TraumatischerHämatopneumothorax\mitoffenerWundeindieBrusthöhle";"S272"
12290;"SonstigeVerletzungenderLunge";"S273"
12291;")SonstigeVerletzungenderLunge\ohneoffeneWundeindieBrusthöhle";"S273"
12292;")SonstigeVerletzungenderLunge\mitoffenerWundeindieBrusthöhle";"S273"
12293;"VerletzungeinesBronchus";"S274"
12294;")VerletzungeinesBronchus\ohneoffeneWundeindieBrusthöhle";"S274"
12295;")VerletzungeinesBronchus\mitoffenerWundeindieBrusthöhle";"S274"
12296;"VerletzungderTrachea,Parsthoracica";"S275"
12297;")VerletzungderTrachea,Parsthoracica\ohneoffeneWundeindieBrusthöhle";"S275"
12298;")VerletzungderTrachea,Parsthoracica\mitoffenerWundeindieBrusthöhle";"S275"
12299;"VerletzungderPleura";"S276"
12300;")VerletzungderPleura\ohneoffeneWundeindieBrusthöhle";"S276"
12301;")VerletzungderPleura\mitoffenerWundeindieBrusthöhle";"S276"
12302;"MultipleVerletzungenintrathorakalerOrgane";"S277"
12303;")MultipleVerletzungenintrathorakalerOrgane\ohneoffeneWundeindieBrusthöhle";"S277"
12304;")MultipleVerletzungenintrathorakalerOrgane\mitoffenerWundeindieBrusthöhle";"S277"
12305;"VerletzungsonstigernäherbezeichneterintrathorakalerOrgane,Ductusthoracicus,Ösophagus(Parsthoracica),Thymus,Zwerchfell";"S278"
12306;")VerletzungsonstigernäherbezeichneterintrathorakalerOrgane,Ductusthoracicus,Ösophagus(Parsthoracica),Thymus,Zwerchfell\ohneoffeneWundeindieBrusthöhle";"S278"
12307;")VerletzungsonstigernäherbezeichneterintrathorakalerOrgane,Ductusthoracicus,Ösophagus(Parsthoracica),Thymus,Zwerchfell\mitoffenerWundeindieBrusthöhle";"S278"
12308;"VerletzungeinesnichtnäherbezeichnetenintrathorakalenOrganes";"S279"
12309;")VerletzungeinesnichtnäherbezeichnetenintrathorakalenOrganes\ohneoffeneWundeindieBrusthöhle";"S279"
12310;")VerletzungeinesnichtnäherbezeichnetenintrathorakalenOrganes\mitoffenerWundeindieBrusthöhle";"S279"
12312;"Brustkorbzerquetschung";"S280"
12313;"TraumatischeAmputationeinesTeilesdesThorax";"S281"
12315;"VerletzungvonMuskelnundSehneninThoraxhöhe";"S290"
12316;"MultipleVerletzungendesThorax,Verletzungen,dieinmehralseinerderKategorienS20-S29.0klassifizierbarsind";"S297"
12317;"SonstigenäherbezeichneteVerletzungendesThorax";"S298"
12318;"NichtnäherbezeichneteVerletzungdesThorax";"S299"
12320;"PrellungderLumbosakralgegendunddesBeckens,Gesäß";"S300"
12321;"PrellungderBauchdecke,Flanke,Leiste";"S301"
12322;"PrellungderäußerenGenitalorgane,Labium(majus)(minus),Penis,Perineum,Skrotum,Testis,Vagina,Vulva";"S302"
12323;"MultipleoberflächlicheVerletzungendesAbdomens,derLumbosakralgegendunddesBeckens";"S307"
12324;"SonstigeoberflächlicheVerletzungendesAbdomens,derLumbosakralgegendunddesBeckens";"S308"
12325;"OberflächlicheVerletzungdesAbdomens,derLumbosakralgegendunddesBeckens,Teilnichtnäherbezeichnet";"S309"
12327;"OffeneWundederLumbosakralgegendunddesBeckens,Gesäß";"S310"
12328;"OffeneWundederBauchdecke,Flanke,Leiste";"S311"
12329;"OffeneWundedesPenis";"S312"
12330;"OffeneWundedesSkrotumsundderTestes";"S313"
12331;"OffeneWundederVaginaundderVulva";"S314"
12332;"OffeneWundesonstigerundnichtnäherbezeichneteräußererGenitalorgane";"S315"
12333;"MultipleoffeneWundendesAbdomens,derLumbosakralgegendunddesBeckens";"S317"
12334;"OffeneWundesonstigerundnichtnäherbezeichneterTeiledesAbdomens";"S318"
12336;"FraktureinesLendenwirbels,FrakturderLendenwirbelsäule";"S320"
12337;")FraktureinesLendenwirbels,FrakturderLendenwirbelsäule\geschlossen";"S320"
12338;")FraktureinesLendenwirbels,FrakturderLendenwirbelsäule\offen";"S320"
12339;"FrakturdesOssacrum";"S321"
12340;")FrakturdesOssacrum\geschlossen";"S321"
12341;")FrakturdesOssacrum\offen";"S321"
12342;"FrakturdesOscoccygis";"S322"
12343;")FrakturdesOscoccygis\geschlossen";"S322"
12344;")FrakturdesOscoccygis\offen";"S322"
12345;"FrakturdesOsilium";"S323"
12346;")FrakturdesOsilium\geschlossen";"S323"
12347;")FrakturdesOsilium\offen";"S323"
12348;"FrakturdesAcetabulums";"S324"
12349;")FrakturdesAcetabulums\geschlossen";"S324"
12350;")FrakturdesAcetabulums\offen";"S324"
12351;"FrakturdesOspubis";"S325"
12352;")FrakturdesOspubis\geschlossen";"S325"
12353;")FrakturdesOspubis\offen";"S325"
12354;"MultipleFrakturenderLendenwirbelsäuleunddesBeckens";"S327"
12355;")MultipleFrakturenderLendenwirbelsäuleunddesBeckens\geschlossen";"S327"
12356;")MultipleFrakturenderLendenwirbelsäuleunddesBeckens\offen";"S327"
12357;"FraktursonstigerundnichtnäherbezeichneterTeilederLendenwirbelsäuleunddesBeckens,Fraktur:Beckeno.n.A.,LendenwirbelsäuleundKreuzbeino.n.A.,Osischium";"S328"
12358;")FraktursonstigerundnichtnäherbezeichneterTeilederLendenwirbelsäuleunddesBeckens,Fraktur:Beckeno.n.A.,LendenwirbelsäuleundKreuzbeino.n.A.,Osischium\geschlossen";"S328"
12359;")FraktursonstigerundnichtnäherbezeichneterTeilederLendenwirbelsäuleunddesBeckens,Fraktur:Beckeno.n.A.,LendenwirbelsäuleundKreuzbeino.n.A.,Osischium\offen";"S328"
12361;"TraumatischeRuptureinerlumbalenBandscheibe";"S330"
12362;"LuxationeinesLendenwirbels,LuxationderLendenwirbelsäuleo.n.A.";"S331"
12363;"LuxationdesIliosakral-unddesSakro-Kokzygeal-Gelenkes";"S332"
12364;"LuxationsonstigerundnichtnäherbezeichneterTeilederLendenwirbelsäuleunddesBeckens";"S333"
12365;"TraumatischeSymphysensprengung";"S334"
12366;"VerstauchungundZerrungderLendenwirbelsäule";"S335"
12367;"VerstauchungundZerrungdesIliosakralgelenkes";"S336"
12368;"VerstauchungundZerrungsonstigerundnichtnäherbezeichneterTeilederLendenwirbelsäuleunddesBeckens";"S337"
12370;"KontusionundÖdemdeslumbalenRückenmarkes";"S340"
12371;"SonstigeVerletzungdeslumbalenRückenmarkes";"S341"
12372;"VerletzungvonNervenwurzelnderLendenwirbelsäuleunddesKreuzbeins";"S342"
12373;"VerletzungderCaudaequina";"S343"
12374;"VerletzungdesPlexuslumbosacralis";"S344"
12375;"VerletzungsympathischerNervenderLendenwirbel-,Kreuzbein-undBeckenregion,GangliacoeliacaoderPlexuscoeliacus,Nn.splanchnici,Plexushypogastricus,Plexusmesentericus(inferior)(superior)";"S345"
12376;"VerletzungeinesodermehrererperiphererNervendesAbdomens,derLumbosakralgegendunddesBeckens";"S346"
12377;"VerletzungsonstigerundnichtnäherbezeichneterNerveninHöhedesAbdomens,derLumbosakralgegendunddesBeckens";"S348"
12379;"VerletzungderAortaabdominalis";"S350"
12380;"VerletzungderV.cavainferior,Vv.hepaticae";"S351"
12381;"VerletzungdesTruncuscoeliacusoderderA.mesenterica,Arteria:gastrica,gastroduodenalis,hepatica,lienalis,mesenterica(inferior)(superior)";"S352"
12382;"VerletzungderV.portaeoderderV.lienalis,V.mesenterica(inferior)(superior)";"S353"
12383;"VerletzungvonBlutgefäßenderNiere,A.renalisoderV.renalis";"S354"
12384;"VerletzungvonBlutgefäßenderIliakalregion,ArteriaoderVena:hypogastrica,iliaca,uterina";"S355"
12385;"VerletzungmehrererBlutgefäßeinHöhedesAbdomens,derLumbosakralgegendunddesBeckens";"S357"
12386;"VerletzungsonstigerBlutgefäßeinHöhedesAbdomens,derLumbosakralgegendunddesBeckens,A.ovaricaoderV.ovarica";"S358"
12387;"VerletzungeinesnichtnäherbezeichnetenBlutgefäßesinHöhedesAbdomens,derLumbosakralgegendunddesBeckens";"S359"
12389;"VerletzungderMilz";"S360"
12390;")VerletzungderMilz\ohneoffeneWundeineineKörperhöhle";"S360"
12391;")VerletzungderMilz\mitoffenerWundeineineKörperhöhle";"S360"
12392;"VerletzungderLeberoderderGallenblase,Gallengang";"S361"
12393;")VerletzungderLeberoderderGallenblase,Gallengang\ohneoffeneWundeineineKörperhöhle";"S361"
12394;")VerletzungderLeberoderderGallenblase,Gallengang\mitoffenerWundeineineKörperhöhle";"S361"
12395;"VerletzungdesPankreas";"S362"
12396;")VerletzungdesPankreas\ohneoffeneWundeineineKörperhöhle";"S362"
12397;")VerletzungdesPankreas\mitoffenerWundeineineKörperhöhle";"S362"
12398;"VerletzungdesMagens";"S363"
12399;")VerletzungdesMagens\ohneoffeneWundeineineKörperhöhle";"S363"
12400;")VerletzungdesMagens\mitoffenerWundeineineKörperhöhle";"S363"
12401;"VerletzungdesDünndarmes";"S364"
12402;")VerletzungdesDünndarmes\ohneoffeneWundeineineKörperhöhle";"S364"
12403;")VerletzungdesDünndarmes\mitoffenerWundeineineKörperhöhle";"S364"
12404;"VerletzungdesDickdarmes";"S365"
12405;")VerletzungdesDickdarmes\ohneoffeneWundeineineKörperhöhle";"S365"
12406;")VerletzungdesDickdarmes\mitoffenerWundeineineKörperhöhle";"S365"
12407;"VerletzungdesRektums";"S366"
12408;")VerletzungdesRektums\ohneoffeneWundeineineKörperhöhle";"S366"
12409;")VerletzungdesRektums\mitoffenerWundeineineKörperhöhle";"S366"
12410;"VerletzungmehrererintraabdominalerOrgane";"S367"
12411;")VerletzungmehrererintraabdominalerOrgane\ohneoffeneWundeineineKörperhöhle";"S367"
12412;")VerletzungmehrererintraabdominalerOrgane\mitoffenerWundeineineKörperhöhle";"S367"
12413;"VerletzungsonstigerintraabdominalerOrgane,Peritoneum,Retroperitoneum";"S368"
12414;")VerletzungsonstigerintraabdominalerOrgane,Peritoneum,Retroperitoneum\ohneoffeneWundeineineKörperhöhle";"S368"
12415;")VerletzungsonstigerintraabdominalerOrgane,Peritoneum,Retroperitoneum\mitoffenerWundeineineKörperhöhle";"S368"
12416;"VerletzungeinesnichtnäherbezeichnetenintraabdominalenOrganes";"S369"
12417;")VerletzungeinesnichtnäherbezeichnetenintraabdominalenOrganes\ohneoffeneWundeineineKörperhöhle";"S369"
12418;")VerletzungeinesnichtnäherbezeichnetenintraabdominalenOrganes\mitoffenerWundeineineKörperhöhle";"S369"
12420;"VerletzungderNiere";"S370"
12421;")VerletzungderNiere\ohneoffeneWundeineineKörperhöhle";"S370"
12422;")VerletzungderNiere\mitoffenerWundeineineKörperhöhle";"S370"
12423;"VerletzungdesHarnleiters";"S371"
12424;")VerletzungdesHarnleiters\ohneoffeneWundeineineKörperhöhle";"S371"
12425;")VerletzungdesHarnleiters\mitoffenerWundeineineKörperhöhle";"S371"
12426;"VerletzungderHarnblase";"S372"
12427;")VerletzungderHarnblase\ohneoffeneWundeineineKörperhöhle";"S372"
12428;")VerletzungderHarnblase\mitoffenerWundeineineKörperhöhle";"S372"
12429;"VerletzungderHarnröhre";"S373"
12430;")VerletzungderHarnröhre\ohneoffeneWundeineineKörperhöhle";"S373"
12431;")VerletzungderHarnröhre\mitoffenerWundeineineKörperhöhle";"S373"
12432;"VerletzungdesOvars";"S374"
12433;")VerletzungdesOvars\ohneoffeneWundeineineKörperhöhle";"S374"
12436;")VerletzungderTubauterina\ohneoffeneWundeineineKörperhöhle";"S375"
12438;"VerletzungdesUterus";"S376"
12439;")VerletzungdesUterus\ohneoffeneWundeineineKörperhöhle";"S376"
12440;")VerletzungdesUterus\mitoffenerWundeineineKörperhöhle";"S376"
12441;"VerletzungmehrererHarnorganeundBeckenorgane";"S377"
12442;")VerletzungmehrererHarnorganeundBeckenorgane\ohneoffeneWundeineineKörperhöhle";"S377"
12443;")VerletzungmehrererHarnorganeundBeckenorgane\mitoffenerWundeineineKörperhöhle";"S377"
12444;"VerletzungsonstigerHarnorganeundBeckenorgane,Bläschendrüse[Vesiculaseminalis],Nebenniere,Prostata,Samenleiter";"S378"
12445;")VerletzungsonstigerHarnorganeundBeckenorgane,Bläschendrüse[Vesiculaseminalis],Nebenniere,Prostata,Samenleiter\ohneoffeneWundeineineKörperhöhle";"S378"
12446;")VerletzungsonstigerHarnorganeundBeckenorgane,Bläschendrüse[Vesiculaseminalis],Nebenniere,Prostata,Samenleiter\mitoffenerWundeineineKörperhöhle";"S378"
12447;"VerletzungeinesnichtnäherbezeichnetenHarnorganesoderBeckenorganes";"S379"
12448;")VerletzungeinesnichtnäherbezeichnetenHarnorganesoderBeckenorganes\ohneoffeneWundeineineKörperhöhle";"S379"
12449;")VerletzungeinesnichtnäherbezeichnetenHarnorganesoderBeckenorganes\mitoffenerWundeineineKörperhöhle";"S379"
12451;"ZerquetschungderäußerenGenitalorgane";"S380"
12452;"ZerquetschungsonstigerundnichtnäherbezeichneterTeiledesAbdomens,derLumbosakralgegendunddesBeckens";"S381"
12453;"TraumatischeAmputationderäußerenGenitalorgane,Labium(majus)(minus),Penis,Skrotum,Testis,Vulva";"S382"
12454;"TraumatischeAbtrennungsonstigerundnichtnäherbezeichneterTeiledesAbdomens,derLumbosakralgegendunddesBeckens";"S383"
12456;"VerletzungvonMuskelnundSehnendesAbdomens,derLumbosakralgegendunddesBeckens";"S390"
12457;"VerletzungeinesodermehrererintraabdominalerOrganemitBeteiligungeinesodermehrererBeckenorgane";"S396"
12458;"MultipleVerletzungendesAbdomens,derLumbosakralgegendunddesBeckens,Verletzungen,dieinmehralseinerderKategorienS30-S39.6klassifizierbarsind";"S397"
12459;"SonstigenäherbezeichneteVerletzungendesAbdomens,derLumbosakralgegendunddesBeckens";"S398"
12460;"NichtnäherbezeichneteVerletzungdesAbdomens,derLumbosakralgegendunddesBeckens";"S399"
12462;"PrellungderSchulterunddesOberarmes";"S400"
12463;"MultipleoberflächlicheVerletzungenderSchulterunddesOberarmes";"S407"
12464;"SonstigeoberflächlicheVerletzungenderSchulterunddesOberarmes";"S408"
12465;"OberflächlicheVerletzungderSchulterunddesOberarmes,nichtnäherbezeichnet";"S409"
12467;"OffeneWundederSchulter";"S410"
12468;"OffeneWundedesOberarmes";"S411"
12469;"MultipleoffeneWundenderSchulterunddesOberarmes";"S417"
12470;"OffeneWundesonstigerundnichtnäherbezeichneterTeiledesSchultergürtels";"S418"
12472;"FrakturderKlavikula,Klavikula:akromialesEnde,Schaft,Schlüsselbein";"S420"
12473;")FrakturderKlavikula,Klavikula:akromialesEnde,Schaft,Schlüsselbein\geschlossen";"S420"
12474;")FrakturderKlavikula,Klavikula:akromialesEnde,Schaft,Schlüsselbein\offen";"S420"
12475;"FrakturderSkapula,Akromion,Cavitasglenoidalisscapulae,Schulterblatt,Schultergelenkpfanne,Skapula(Korpus)(Kollum),Spinascapulae";"S421"
12476;")FrakturderSkapula,Akromion,Cavitasglenoidalisscapulae,Schulterblatt,Schultergelenkpfanne,Skapula(Korpus)(Kollum),Spinascapulae\geschlossen";"S421"
12477;")FrakturderSkapula,Akromion,Cavitasglenoidalisscapulae,Schulterblatt,Schultergelenkpfanne,Skapula(Korpus)(Kollum),Spinascapulae\offen";"S421"
12478;"FrakturdesproximalenEndesdesHumerus,Collumanatomicumhumeri,Collumchirurgicumhumeri,ObereEpiphyse,ProximalesEnde,Tuberculummajushumeri";"S422"
12479;")FrakturdesproximalenEndesdesHumerus,Collumanatomicumhumeri,Collumchirurgicumhumeri,ObereEpiphyse,ProximalesEnde,Tuberculummajushumeri\geschlossen";"S422"
12480;")FrakturdesproximalenEndesdesHumerus,Collumanatomicumhumeri,Collumchirurgicumhumeri,ObereEpiphyse,ProximalesEnde,Tuberculummajushumeri\offen";"S422"
12481;"FrakturdesHumerusschaftes,Humeruso.n.A.,Oberarmo.n.A.";"S423"
12482;")FrakturdesHumerusschaftes,Humeruso.n.A.,Oberarmo.n.A.\geschlossen";"S423"
12483;")FrakturdesHumerusschaftes,Humeruso.n.A.,Oberarmo.n.A.\offen";"S423"
12484;"FrakturdesdistalenEndesdesHumerus,DistaleEpiphyse,DistalesEnde,Epicondyluslateralishumeri,Epicondylusmedialishumeri,InterkondyläreRegion,SuprakondyläreRegion,Trochleahumeri";"S424"
12485;")FrakturdesdistalenEndesdesHumerus\geschlossen";"S424"
12486;")FrakturdesdistalenEndesdesHumerus,DistaleEpiphyse,DistalesEnde,Epicondyluslateral.humeri,Epicondylusmedialishumeri,InterkondyläreRegion,SuprakondyläreRegion,Trochleahumeri\offen";"S424"
12487;"MultipleFrakturenderKlavikula,derSkapulaunddesHumerus";"S427"
12488;")MultipleFrakturenderKlavikula,derSkapulaunddesHumerus\geschlossen";"S427"
12489;")MultipleFrakturenderKlavikula,derSkapulaunddesHumerus\offen";"S427"
12490;"FraktursonstigerTeilederSchulterunddesOberarmes";"S428"
12491;")FraktursonstigerTeilederSchulterunddesOberarmes\geschlossen";"S428"
12492;")FraktursonstigerTeilederSchulterunddesOberarmes\offen";"S428"
12493;"FrakturdesSchultergürtels,Teilnichtnäherbezeichnet,FrakturderSchultero.n.A.";"S429"
12494;")FrakturdesSchultergürtels,Teilnichtnäherbezeichnet,FrakturderSchultero.n.A.\geschlossen";"S429"
12495;")FrakturdesSchultergürtels,Teilnichtnäherbezeichnet,FrakturderSchultero.n.A.\offen";"S429"
12497;"LuxationdesSchultergelenkes,Glenohumeralgelenk";"S430"
12498;"LuxationdesAkromioklavikulargelenkes";"S431"
12499;"LuxationdesSternoklavikulargelenkes";"S432"
12500;"LuxationsonstigerundnichtnäherbezeichneterTeiledesSchultergürtels,LuxationdesSchultergürtelso.n.A.";"S433"
12501;"VerstauchungundZerrungdesSchultergelenkes,Lig.coracohumerale,Rotatorenmanschette(Kapsel)";"S434"
12502;"VerstauchungundZerrungdesAkromioklavikulargelenkes,Lig.acromioclaviculare";"S435"
12503;"VerstauchungundZerrungdesSternoklavikulargelenkes";"S436"
12504;"VerstauchungundZerrungsonstigerundnichtnäherbezeichneterTeiledesSchultergürtels,VerstauchungundZerrungdesSchultergürtelso.n.A.";"S437"
12506;"VerletzungdesN.ulnarisinHöhedesOberarmes";"S440"
12507;"VerletzungdesN.medianusinHöhedesOberarmes";"S441"
12508;"VerletzungdesN.radialisinHöhedesOberarmes";"S442"
12509;"VerletzungdesN.axillaris";"S443"
12510;"VerletzungdesN.musculocutaneus";"S444"
12511;"VerletzungsensiblerHautnerveninHöhederSchulterunddesOberarmes";"S445"
12512;"VerletzungmehrererNerveninHöhederSchulterunddesOberarmes";"S447"
12513;"VerletzungsonstigerNerveninHöhederSchulterunddesOberarmes";"S448"
12514;"VerletzungeinesnichtnäherbezeichnetenNervsinHöhederSchulterunddesOberarmes";"S449"
12516;"VerletzungderA.axillaris";"S450"
12517;"VerletzungderA.brachialis";"S451"
12518;"VerletzungderV.axillarisoderderV.brachialis";"S452"
12519;"VerletzungoberflächlicherVeneninHöhederSchulterunddesOberarmes";"S453"
12520;"VerletzungmehrererBlutgefäßeinHöhederSchulterunddesOberarmes";"S457"
12521;"VerletzungsonstigerBlutgefäßeinHöhederSchulterunddesOberarmes";"S458"
12522;"VerletzungeinesnichtnäherbezeichnetenBlutgefäßesinHöhederSchulterunddesOberarmes";"S459"
12524;"VerletzungeinerSehnederRotatorenmanschette";"S460"
12525;"VerletzungdesMuskelsundderSehnedesCaputlongumdesM.bicepsbrachii";"S461"
12526;"VerletzungdesMuskelsundderSehneansonstigenTeilendesM.bicepsbrachii";"S462"
12527;"VerletzungdesMuskelsundderSehnedesM.tricepsbrachii";"S463"
12528;"VerletzungmehrererMuskelnundSehneninHöhederSchulterunddesOberarmes";"S467"
12529;"VerletzungsonstigerMuskelnundSehneninHöhederSchulterunddesOberarmes";"S468"
12530;"VerletzungnichtnäherbezeichneterMuskelnundSehneninHöhederSchulterunddesOberarmes";"S469"
12531;"ZerquetschungderSchulterunddesOberarmes";"S47"
12533;"TraumatischeAmputationimSchultergelenk";"S480"
12534;"TraumatischeAmputationzwischenSchulterundEllenbogen";"S481"
12535;"TraumatischeAmputationanSchulterundOberarm,Höhenichtnäherbezeichnet";"S489"
12537;"MultipleVerletzungenderSchulterunddesOberarmes,Verletzungen,dieinmehralseinerderKategorienS40-S48klassifizierbarsind";"S497"
12538;"SonstigenäherbezeichneteVerletzungenderSchulterunddesOberarmes";"S498"
12539;"NichtnäherbezeichneteVerletzungderSchulterunddesOberarmes";"S499"
12541;"PrellungdesEllenbogens";"S500"
12542;"PrellungsonstigerundnichtnäherbezeichneterTeiledesUnterarmes";"S501"
12543;"MultipleoberflächlicheVerletzungendesUnterarmes";"S507"
12544;"SonstigeoberflächlicheVerletzungendesUnterarmes";"S508"
12545;"OberflächlicheVerletzungdesUnterarmes,nichtnäherbezeichnet,OberflächlicheVerletzungdesEllenbogenso.n.A.";"S509"
12547;"OffeneWundedesEllenbogens";"S510"
12548;"MultipleoffeneWundendesUnterarmes";"S517"
12549;"OffeneWundesonstigerTeiledesUnterarmes";"S518"
12550;"OffeneWundedesUnterarmes,Teilnichtnäherbezeichnet";"S519"
12552;"FrakturdesproximalenEndesderUlna,Ellenbogeno.n.A.,Monteggia-(Luxations-)Fraktur,Olekranon,Processuscoronoideusulnae";"S520"
12553;")FrakturdesproximalenEndesderUlna,Ellenbogeno.n.A.,Monteggia-(Luxations-)Fraktur,Olekranon,Processuscoronoideusulnae\geschlossen";"S520"
12554;")FrakturdesproximalenEndesderUlna,Ellenbogeno.n.A.,Monteggia-(Luxations-)Fraktur,Olekranon,Processuscoronoideusulnae\offen";"S520"
12555;"FrakturdesproximalenEndesdesRadius,Caputradii,Collumradii";"S521"
12556;")FrakturdesproximalenEndesdesRadius,Caputradii,Collumradii\geschlossen";"S521"
12557;")FrakturdesproximalenEndesdesRadius,Caputradii,Collumradii\offen";"S521"
12558;"FrakturdesUlnaschaftes";"S522"
12559;")FrakturdesUlnaschaftes\geschlossen";"S522"
12560;")FrakturdesUlnaschaftes\offen";"S522"
12561;"FrakturdesRadiusschaftes";"S523"
12562;")FrakturdesRadiusschaftes\geschlossen";"S523"
12563;")FrakturdesRadiusschaftes\offen";"S523"
12564;"FrakturdesUlna-undRadiusschaftes,kombiniert";"S524"
12565;")FrakturdesUlna-undRadiusschaftes,kombiniert\geschlossen";"S524"
12566;")FrakturdesUlna-undRadiusschaftes,kombiniert\offen";"S524"
12567;"DistaleFrakturdesRadius,Colles-Fraktur,Smith-Fraktur";"S525"
12568;")DistaleFrakturdesRadius,Colles-Fraktur,Smith-Fraktur\geschlossen";"S525"
12569;")DistaleFrakturdesRadius,Colles-Fraktur,Smith-Fraktur\offen";"S525"
12570;"DistaleFrakturderUlnaunddesRadius,kombiniert";"S526"
12571;")DistaleFrakturderUlnaunddesRadius,kombiniert\geschlossen";"S526"
12572;")DistaleFrakturderUlnaunddesRadius,kombiniert\offen";"S526"
12573;"MultipleFrakturendesUnterarmes";"S527"
12574;")MultipleFrakturendesUnterarmes\geschlossen";"S527"
12575;")MultipleFrakturendesUnterarmes\offen";"S527"
12576;"FraktursonstigerTeiledesUnterarmes,Caputulnae,DistalesEndederUlna";"S528"
12577;")FraktursonstigerTeiledesUnterarmes,Caputulnae,DistalesEndederUlna\geschlossen";"S528"
12578;")FraktursonstigerTeiledesUnterarmes,Caputulnae,DistalesEndederUlna\offen";"S528"
12579;"FrakturdesUnterarmes,Teilnichtnäherbezeichnet";"S529"
12580;")FrakturdesUnterarmes,Teilnichtnäherbezeichnet\geschlossen";"S529"
12581;")FrakturdesUnterarmes,Teilnichtnäherbezeichnet\offen";"S529"
12583;"LuxationdesRadiuskopfes,Articulatiohumeroradialis";"S530"
12584;"LuxationdesEllenbogens,nichtnäherbezeichnet,Articulatiohumeroulnaris";"S531"
12585;"TraumatischeRupturdesLig.collateraleradiale";"S532"
12586;"TraumatischeRupturdesLig.collateraleulnare";"S533"
12587;"VerstauchungundZerrungdesEllenbogens";"S534"
12589;"VerletzungdesN.ulnarisinHöhedesUnterarmes,N.ulnariso.n.A.";"S540"
12590;"VerletzungdesN.medianusinHöhedesUnterarmes,N.medianuso.n.A.";"S541"
12591;"VerletzungdesN.radialisinHöhedesUnterarmes,N.radialiso.n.A.";"S542"
12592;"VerletzungsensiblerHautnerveninHöhedesUnterarmes";"S543"
12593;"VerletzungmehrererNerveninHöhedesUnterarmes";"S547"
12594;"VerletzungsonstigerNerveninHöhedesUnterarmes";"S548"
12595;"VerletzungeinesnichtnäherbezeichnetenNervsinHöhedesUnterarmes";"S549"
12597;"VerletzungderA.ulnarisinHöhedesUnterarmes";"S550"
12598;"VerletzungderA.radialisinHöhedesUnterarmes";"S551"
12599;"VerletzungvonVeneninHöhedesUnterarmes";"S552"
12600;"VerletzungmehrererBlutgefäßeinHöhedesUnterarmes";"S557"
12601;"VerletzungsonstigerBlutgefäßeinHöhedesUnterarmes";"S558"
12602;"VerletzungeinesnichtnäherbezeichnetenBlutgefäßesinHöhedesUnterarmes";"S559"
12604;"VerletzungvonBeugemuskelnund-sehnendesDaumensinHöhedesUnterarmes";"S560"
12605;"VerletzungvonBeugemuskelnund-sehneneinesodermehrerersonstigerFingerinHöhedesUnterarmes";"S561"
12606;"VerletzungvonsonstigenBeugemuskelnund-sehneninHöhedesUnterarmes";"S562"
12607;"VerletzungvonStreck-oderAbduktormuskelnund-sehnendesDaumensinHöhedesUnterarmes";"S563"
12608;"VerletzungvonStreckmuskelnund-sehneneinesodermehrerersonstigerFingerinHöhedesUnterarmes";"S564"
12609;"VerletzungvonsonstigenStreckmuskelnund-sehneninHöhedesUnterarmes";"S565"
12610;"VerletzungmehrererMuskelnundSehneninHöhedesUnterarmes";"S567"
12611;"VerletzungsonstigerundnichtnäherbezeichneterSehnenundMuskelninHöhedesUnterarmes";"S568"
12613;"ZerquetschungdesEllenbogens";"S570"
12614;"ZerquetschungsonstigerTeiledesUnterarmes";"S578"
12615;"ZerquetschungdesUnterarmes,Teilnichtnäherbezeichnet";"S579"
12617;"TraumatischeAmputationinHöhedesEllenbogens";"S580"
12618;"TraumatischeAmputationzwischenEllenbogenundHandgelenk";"S581"
12619;"TraumatischeAmputationamUnterarm,Höhenichtnäherbezeichnet";"S589"
12621;"MultipleVerletzungendesUnterarmes,Verletzungen,dieinmehralseinerderKategorienS50-S58klassifizierbarsind";"S597"
12622;"SonstigenäherbezeichneteVerletzungendesUnterarmes";"S598"
12623;"NichtnäherbezeichneteVerletzungdesUnterarmes";"S599"
12625;"PrellungeinesodermehrererFingerohneSchädigungdesNagels,PrellungeinesodermehrererFingero.n.A.";"S600"
12626;"PrellungeinesodermehrererFingermitSchädigungdesNagels";"S601"
12627;"PrellungsonstigerTeiledesHandgelenkesundderHand";"S602"
12628;"MultipleoberflächlicheVerletzungendesHandgelenkesundderHand";"S607"
12629;"SonstigeoberflächlicheVerletzungendesHandgelenkesundderHand";"S608"
12630;"OberflächlicheVerletzungdesHandgelenkesundderHand,nichtnäherbezeichnet";"S609"
12632;"OffeneWundeeinesodermehrererFingerohneSchädigungdesNagels,OffeneWundeeinesodermehrererFingero.n.A.";"S610"
12633;"OffeneWundeeinesodermehrererFingermitSchädigungdesNagels";"S611"
12634;"MultipleoffeneWundendesHandgelenkesundderHand";"S617"
12635;"OffeneWundesonstigerTeiledesHandgelenkesundderHand";"S618"
12636;"OffeneWundedesHandgelenkesundderHand,Teilnichtnäherbezeichnet";"S619"
12638;"FrakturdesOsscaphoideumderHand,Osnaviculare[Kahnbein]";"S620"
12639;")FrakturdesOsscaphoideumderHand,Osnaviculare[Kahnbein]\geschlossen";"S620"
12640;")FrakturdesOsscaphoideumderHand,Osnaviculare[Kahnbein]\offen";"S620"
12641;"FraktureinesodermehrerersonstigerHandwurzelknochen,Oscapitatum,Oshamatum,Oslunatum,Ospisiforme,Ostrapezium,Ostrapezoideum,Ostriquetrum";"S621"
12642;")FraktureinesodermehrerersonstigerHandwurzelknochen,Oscapitatum,Oshamatum,Oslunatum,Ospisiforme,Ostrapezium,Ostrapezoideum,Ostriquetrum\geschlossen";"S621"
12643;")FraktureinesodermehrerersonstigerHandwurzelknochen,Oscapitatum,Oshamatum,Oslunatum,Ospisiforme,Ostrapezium,Ostrapezoideum,Ostriquetrum\offen";"S621"
12644;"Frakturdes1.Mittelhandknochens,Bennett-Fraktur";"S622"
12645;")Frakturdes1.Mittelhandknochens,Bennett-Fraktur\geschlossen";"S622"
12646;")Frakturdes1.Mittelhandknochens,Bennett-Fraktur\offen";"S622"
12647;"FraktureinessonstigenMittelhandknochens";"S623"
12648;")FraktureinessonstigenMittelhandknochens\geschlossen";"S623"
12649;")FraktureinessonstigenMittelhandknochens\offen";"S623"
12650;"MultipleFrakturenderMittelhandknochen";"S624"
12651;")MultipleFrakturenderMittelhandknochen\geschlossen";"S624"
12652;")MultipleFrakturenderMittelhandknochen\offen";"S624"
12653;"FrakturdesDaumens";"S625"
12654;")FrakturdesDaumens\geschlossen";"S625"
12655;")FrakturdesDaumens\offen";"S625"
12656;"FraktureinessonstigenFingers";"S626"
12657;")FraktureinessonstigenFingers\geschlossen";"S626"
12658;")FraktureinessonstigenFingers\offen";"S626"
12659;"MultipleFrakturenderFinger";"S627"
12660;")MultipleFrakturenderFinger\geschlossen";"S627"
12661;")MultipleFrakturenderFinger\offen";"S627"
12662;"FraktursonstigerundnichtnäherbezeichneterTeiledesHandgelenkesundderHand";"S628"
12663;")FraktursonstigerundnichtnäherbezeichneterTeiledesHandgelenkesundderHand\geschlossen";"S628"
12664;")FraktursonstigerundnichtnäherbezeichneterTeiledesHandgelenkesundderHand\offen";"S628"
12666;"LuxationdesHandgelenkes";"S630"
12667;"LuxationeinesFingers,Daumen,Interphalangeal(-Gelenk),Hand,Metakarpal(-Knochen),distalesEnde,Metakarpophalangeal(-Gelenk),Phalanx,Hand";"S631"
12668;"MultipleLuxationenderFinger";"S632"
12669;"TraumatischeRupturvonBänderndesHandgelenkesundderHandwurzel,Lig.collateralecarpi(radiale)(ulnare),Lig.radiocarpeum(dorsale)(palmare),Lig.ulnocarpeumpalmare";"S633"
12670;"TraumatischeRupturvonBändernderFingerimMetakarpophalangeal-undInterphalangealgelenk,Kollateral,Palmar,Volar";"S634"
12671;"VerstauchungundZerrungdesHandgelenkes,Handwurzel(-Gelenk),radiokarpal(-Gelenk)(-Band)";"S635"
12672;"VerstauchungundZerrungeinesodermehrererFinger,Daumen,Interphalangeal(-Gelenk),Hand,Metakarpophalangeal(-Gelenk),Phalanx,Hand";"S636"
12673;"VerstauchungundZerrungsonstigerundnichtnäherbezeichneterTeilederHand";"S637"
12675;"VerletzungdesN.ulnarisinHöhedesHandgelenkesundderHand";"S640"
12676;"VerletzungdesN.medianusinHöhedesHandgelenkesundderHand";"S641"
12677;"VerletzungdesN.radialisinHöhedesHandgelenkesundderHand";"S642"
12678;"VerletzungderNn.digitalesdesDaumens";"S643"
12679;"VerletzungderNn.digitalessonstigerFinger";"S644"
12680;"VerletzungmehrererNerveninHöhedesHandgelenkesundderHand";"S647"
12681;"VerletzungsonstigerNerveninHöhedesHandgelenkesundderHand";"S648"
12682;"VerletzungeinesnichtnäherbezeichnetenNervsinHöhedesHandgelenkesundderHand";"S649"
12684;"VerletzungderA.ulnarisinHöhedesHandgelenkesundderHand";"S650"
12685;"VerletzungderA.radialisinHöhedesHandgelenkesundderHand";"S651"
12686;"VerletzungvonGefäßendesArcuspalmarissuperficialis";"S652"
12687;"VerletzungvonGefäßendesArcuspalmarisprofundus";"S653"
12688;"VerletzungeinesodermehrererBlutgefäßedesDaumens";"S654"
12689;"VerletzungeinesodermehrererBlutgefäßesonstigerFinger";"S655"
12690;"VerletzungmehrererBlutgefäßeinHöhedesHandgelenkesundderHand";"S657"
12691;"VerletzungsonstigerBlutgefäßeinHöhedesHandgelenkesundderHand";"S658"
12692;"VerletzungeinesnichtnäherbezeichnetenBlutgefäßesimBereichdesHandgelenkesundderHand";"S659"
12694;"VerletzungderlangenBeugemuskelnund-sehnendesDaumensinHöhedesHandgelenkesundderHand";"S660"
12695;"VerletzungderBeugemuskelnund-sehnensonstigerFingerinHöhedesHandgelenkesundderHand";"S661"
12696;"VerletzungderStreckmuskelnund-sehnendesDaumensinHöhedesHandgelenkesundderHand";"S662"
12697;"VerletzungderStreckmuskelnund-sehnensonstigerFingerinHöhedesHandgelenkesundderHand";"S663"
12698;"VerletzungderkurzenMuskelnundSehnendesDaumensinHöhedesHandgelenkesundderHand";"S664"
12699;"VerletzungderkurzenMuskelnundSehnensonstigerFingerinHöhedesHandgelenkesundderHand";"S665"
12700;"VerletzungmehrererBeugemuskelnund-sehneninHöhedesHandgelenkesundderHand";"S666"
12701;"VerletzungmehrererStreckmuskelnund-sehneninHöhedesHandgelenkesundderHand";"S667"
12702;"VerletzungsonstigerMuskelnundSehneninHöhedesHandgelenkesundderHand";"S668"
12703;"VerletzungeinesnichtnäherbezeichnetenMuskelsodereinernichtnäherbezeichnetenSehneinHöhedesHandgelenkesundderHand";"S669"
12705;"ZerquetschungdesDaumensundeinesodermehrerersonstigerFinger";"S670"
12706;"ZerquetschungsonstigerundnichtnäherbezeichneterTeiledesHandgelenkesundderHand";"S678"
12708;"TraumatischeAmputationdesDaumens(komplett)(partiell)";"S680"
12709;"TraumatischeAmputationeinessonstigeneinzelnenFingers(komplett)(partiell)";"S681"
12710;"IsoliertetraumatischeAmputationvonzweiodermehrFingern(komplett)(partiell)";"S682"
12711;"KombiniertetraumatischeAmputation(vonTeilen)einesodermehrererFingermitanderenTeilendesHandgelenkesundderHand";"S683"
12712;"TraumatischeAmputationderHandinHöhedesHandgelenkes";"S684"
12713;"TraumatischeAmputationsonstigerTeiledesHandgelenkesundderHand";"S688"
12714;"TraumatischeAmputationanHandgelenkundHand,Höhenichtnäherbezeichnet";"S689"
12716;"MultipleVerletzungendesHandgelenkesundderHand,Verletzungen,dieinmehralseinerderKategorienS60-S68klassifizierbarsind";"S697"
12717;"SonstigenäherbezeichneteVerletzungendesHandgelenkesundderHand";"S698"
12718;"NichtnäherbezeichneteVerletzungdesHandgelenkesundderHand";"S699"
12720;"PrellungderHüfte";"S700"
12721;"PrellungdesOberschenkels";"S701"
12722;"MultipleoberflächlicheVerletzungenderHüfteunddesOberschenkels";"S707"
12723;"SonstigeoberflächlicheVerletzungenderHüfteunddesOberschenkels";"S708"
12724;"OberflächlicheVerletzungderHüfteunddesOberschenkels,nichtnäherbezeichnet";"S709"
12726;"OffeneWundederHüfte";"S710"
12727;"OffeneWundedesOberschenkels";"S711"
12728;"MultipleoffeneWundenderHüfteunddesOberschenkels";"S717"
12729;"OffeneWundesonstigerundnichtnäherbezeichneterTeiledesBeckengürtels";"S718"
12731;"Schenkelhalsfraktur,FrakturderHüfteo.n.A.";"S720"
12732;")Schenkelhalsfraktur,FrakturderHüfteo.n.A.\geschlossen";"S720"
12733;")Schenkelhalsfraktur,FrakturderHüfteo.n.A.\offen";"S720"
12734;"PertrochantäreFraktur,IntertrochantäreFraktur,Trochanterfraktur";"S721"
12735;")PertrochantäreFraktur,IntertrochantäreFraktur,Trochanterfraktur\geschlossen";"S721"
12736;")PertrochantäreFraktur,IntertrochantäreFraktur,Trochanterfraktur\offen";"S721"
12737;"SubtrochantäreFraktur";"S722"
12738;")SubtrochantäreFraktur\geschlossen";"S722"
12739;")SubtrochantäreFraktur\offen";"S722"
12740;"FrakturdesFemurschaftes";"S723"
12741;")FrakturdesFemurschaftes\geschlossen";"S723"
12742;")FrakturdesFemurschaftes\offen";"S723"
12743;"DistaleFrakturdesFemurs";"S724"
12744;")DistaleFrakturdesFemurs\geschlossen";"S724"
12745;")DistaleFrakturdesFemurs\offen";"S724"
12746;"MultipleFrakturendesFemurs";"S727"
12747;")MultipleFrakturendesFemurs\geschlossen";"S727"
12748;")MultipleFrakturendesFemurs\offen";"S727"
12749;"FrakturensonstigerTeiledesFemurs";"S728"
12750;")FrakturensonstigerTeiledesFemurs\geschlossen";"S728"
12751;")FrakturensonstigerTeiledesFemurs\offen";"S728"
12752;"FrakturdesFemurs,Teilnichtnäherbezeichnet";"S729"
12753;")FrakturdesFemurs,Teilnichtnäherbezeichnet\geschlossen";"S729"
12754;")FrakturdesFemurs,Teilnichtnäherbezeichnet\offen";"S729"
12756;"LuxationderHüfte";"S730"
12757;"VerstauchungundZerrungdesHüftgelenkes";"S731"
12759;"VerletzungdesN.ischiadicusinHöhederHüfteunddesOberschenkels";"S740"
12760;"VerletzungdesN.femoralisinHöhederHüfteunddesOberschenkels";"S741"
12761;"VerletzungsensiblerHautnerveninHöhederHüfteunddesOberschenkels";"S742"
12762;"VerletzungmehrererNerveninHöhederHüfteunddesOberschenkels";"S747"
12763;"VerletzungsonstigerNerveninHöhederHüfteunddesOberschenkels";"S748"
12764;"VerletzungeinesnichtnäherbezeichnetenNervsinHöhederHüfteunddesOberschenkels";"S749"
12766;"VerletzungderA.femoralis";"S750"
12767;"VerletzungderV.femoralisinHöhederHüfteunddesOberschenkels";"S751"
12768;"VerletzungderV.saphenamagnainHöhederHüfteunddesOberschenkels";"S752"
12769;"VerletzungmehrererBlutgefäßeinHöhederHüfteunddesOberschenkels";"S757"
12770;"VerletzungsonstigerBlutgefäßeinHöhederHüfteunddesOberschenkels";"S758"
12771;"VerletzungeinesnichtnäherbezeichnetenBlutgefäßesinHöhederHüfteunddesOberschenkels";"S759"
12773;"VerletzungvonMuskelnundSehnenderHüfte";"S760"
12774;"VerletzungdesMuskelsundderSehnedesM.quadricepsfemoris";"S761"
12775;"VerletzungvonMuskelnundSehnenderAdduktorengruppedesOberschenkels";"S762"
12776;"VerletzungvonMuskelnundSehnenderposteriorenMuskelgruppeinHöhedesOberschenkels";"S763"
12777;"VerletzungsonstigerundnichtnäherbezeichneterMuskelnundSehneninHöhedesOberschenkels";"S764"
12778;"VerletzungmehrererMuskelnundSehneninHöhederHüfteunddesOberschenkels";"S767"
12780;"ZerquetschungderHüfte";"S770"
12781;"ZerquetschungdesOberschenkels";"S771"
12782;"ZerquetschungmitBeteiligungderHüfteunddesOberschenkels";"S772"
12784;"TraumatischeAmputationimHüftgelenk";"S780"
12785;"TraumatischeAmputationzwischenHüfteundKnie";"S781"
12786;"TraumatischeAmputationanHüfteundOberschenkel,Höhenichtnäherbezeichnet";"S789"
12788;"MultipleVerletzungenderHüfteunddesOberschenkels,Verletzungen,dieinmehralseinerderKategorienS70-S78klassifizierbarsind";"S797"
12789;"SonstigenäherbezeichneteVerletzungenderHüfteunddesOberschenkels";"S798"
12790;"NichtnäherbezeichneteVerletzungderHüfteunddesOberschenkels";"S799"
12792;"PrellungdesKnies";"S800"
12793;"PrellungsonstigerundnichtnäherbezeichneterTeiledesUnterschenkels";"S801"
12794;"MultipleoberflächlicheVerletzungendesUnterschenkels";"S807"
12795;"SonstigeoberflächlicheVerletzungendesUnterschenkels";"S808"
12796;"OberflächlicheVerletzungdesUnterschenkels,nichtnäherbezeichnet";"S809"
12798;"OffeneWundedesKnies";"S810"
12799;"MultipleoffeneWundendesUnterschenkels";"S817"
12800;"OffeneWundesonstigerTeiledesUnterschenkels";"S818"
12801;"OffeneWundedesUnterschenkels,Teilnichtnäherbezeichnet";"S819"
12803;"FrakturderPatella,Kniescheibe";"S820"
12804;")FrakturderPatella,Kniescheibe\geschlossen";"S820"
12805;")FrakturderPatella,Kniescheibe\offen";"S820"
12806;"FrakturdesproximalenEndesderTibia,CondyluslateralistibiaeoderCondylusmedialistibiae,ProximalesEndederTibia,Tibiakopf,Tuberositastibiae,mitoderohneAngabeeinerFrakturderFibula";"S821"
12807;")(Geschlossene)FrakturdesproximalenEndesderTibia,CondyluslateralistibiaeoderCondylusmedialistibiae";"S821"
12808;")FrakturdesproximalenEndesderTibia,CondyluslateralistibiaeoderCondylusmedialistibiae\offen";"S821"
12809;"FrakturdesTibiaschaftes,MitoderohneAngabeeinerFrakturderFibula";"S822"
12810;")FrakturdesTibiaschaftes,MitoderohneAngabeeinerFrakturderFibula\geschlossen";"S822"
12811;")FrakturdesTibiaschaftes,MitoderohneAngabeeinerFrakturderFibula\offen";"S822"
12812;"DistaleFrakturderTibia,MitoderohneAngabeeinerFrakturderFibula";"S823"
12813;")DistaleFrakturderTibia,MitoderohneAngabeeinerFrakturderFibula\geschlossen";"S823"
12814;")DistaleFrakturderTibia,MitoderohneAngabeeinerFrakturderFibula\offen";"S823"
12815;"FrakturderFibula,isoliert";"S824"
12816;")FrakturderFibula,isoliert\geschlossen";"S824"
12817;")FrakturderFibula,isoliert\offen";"S824"
12818;"FrakturdesInnenknöchels,Tibia,mitBeteiligungdes:Knöchels,oberenSprunggelenkes";"S825"
12819;")FrakturdesInnenknöchels,Tibia,mitBeteiligungdes:Knöchels,oberenSprunggelenkes\geschlossen";"S825"
12820;")FrakturdesInnenknöchels,Tibia,mitBeteiligungdes:Knöchels,oberenSprunggelenkes\offen";"S825"
12821;"FrakturdesAußenknöchels,Fibula,mitBeteiligungdes:Knöchels,oberenSprunggelenkes";"S826"
12822;")FrakturdesAußenknöchels,Fibula,mitBeteiligungdes:Knöchels,oberenSprunggelenkes\geschlossen";"S826"
12823;")FrakturdesAußenknöchels,Fibula,mitBeteiligungdes:Knöchels,oberenSprunggelenkes\offen";"S826"
12824;"MultipleFrakturendesUnterschenkels";"S827"
12825;")MultipleFrakturendesUnterschenkels\geschlossen";"S827"
12826;")MultipleFrakturendesUnterschenkels\offen";"S827"
12827;"FrakturensonstigerTeilederUnterschenkels,Bimalleolarfraktur,FrakturdesoberenSprunggelenkeso.n.A.,Trimalleolarfraktur";"S828"
12828;")FrakturensonstigerTeilederUnterschenkels,Bimalleolarfraktur,FrakturdesoberenSprunggelenkeso.n.A.,Trimalleolarfraktur\geschlossen";"S828"
12829;")FrakturensonstigerTeilederUnterschenkels,Bimalleolarfraktur,FrakturdesoberenSprunggelenkeso.n.A.,Trimalleolarfraktur\offen";"S828"
12830;"FrakturdesUnterschenkels,Teilnichtnäherbezeichnet";"S829"
12831;")FrakturdesUnterschenkels,Teilnichtnäherbezeichnet\geschlossen";"S829"
12832;")FrakturdesUnterschenkels,Teilnichtnäherbezeichnet\offen";"S829"
12834;"LuxationderPatella";"S830"
12835;"LuxationdesKniegelenkes,Articulatiotibiofibularis";"S831"
12836;"Meniskusriß,akut,Korbhenkelriß:Außenmeniskus,Innenmeniskus,o.n.A.";"S832"
12837;"RißdesKniegelenkknorpels,akut";"S833"
12838;"VerstauchungundZerrungdesKniegelenkesmitBeteiligungdes(fibularen)(tibialen)Seitenbandes";"S834"
12839;"VerstauchungundZerrungdesKniegelenkesmitBeteiligungdes(vorderen)(hinteren)Kreuzbandes";"S835"
12840;"VerstauchungundZerrungsonstigerundnichtnäherbezeichneterTeiledesKnies,Lig.patellae,Tibiofibular(-Gelenk)(-Band),proximal";"S836"
12841;"VerletzungmehrererStrukturendesKnies,Verletzungdes(Außen-)(Innen-)MeniskusinKombinationmit(Seiten-)(Kreuz-)Bändern";"S837"
12843;"VerletzungdesN.tibialisinHöhedesUnterschenkels";"S840"
12844;"VerletzungdesN.peronaeusinHöhedesUnterschenkels";"S841"
12845;"VerletzungsensiblerHautnerveninHöhedesUnterschenkels";"S842"
12846;"VerletzungmehrererNerveninHöhedesUnterschenkels";"S847"
12847;"VerletzungsonstigerNerveninHöhedesUnterschenkels";"S848"
12848;"VerletzungeinesnichtnäherbezeichnetenNervsinHöhedesUnterschenkels";"S849"
12850;"VerletzungderA.poplitea";"S850"
12851;"VerletzungderA.tibialis(anterior)(posterior)";"S851"
12852;"VerletzungderA.peronaea";"S852"
12853;"VerletzungderV.saphenamagnainHöhedesUnterschenkels,V.saphenamagnao.n.A.";"S853"
12854;"VerletzungderV.saphenaparvainHöhedesUnterschenkels";"S854"
12855;"VerletzungderV.poplitea";"S855"
12856;"VerletzungmehrererBlutgefäßeinHöhedesUnterschenkels";"S857"
12857;"VerletzungsonstigerBlutgefäßeinHöhedesUnterschenkels";"S858"
12858;"VerletzungeinesnichtnäherbezeichnetenBlutgefäßesinHöhedesUnterschenkels";"S859"
12860;"VerletzungderAchillessehne";"S860"
12861;"VerletzungsonstigerMuskelnundSehnenderposteriorenMuskelgruppeinHöhedesUnterschenkels";"S861"
12862;"VerletzungvonMuskelnundSehnenderanteriorenMuskelgruppeinHöhedesUnterschenkels";"S862"
12863;"VerletzungvonMuskelnundSehnenderperonäalenMuskelgruppeinHöhedesUnterschenkels";"S863"
12864;"VerletzungmehrererMuskelnundSehneninHöhedesUnterschenkels";"S867"
12865;"VerletzungsonstigerMuskelnundSehneninHöhedesUnterschenkels";"S868"
12866;"VerletzungeinesnichtnäherbezeichnetenMuskelsodereinernichtnäherbezeichnetenSehneinHöhedesUnterschenkels";"S869"
12868;"ZerquetschungdesKnies";"S870"
12869;"ZerquetschungsonstigerundnichtnäherbezeichneterTeiledesUnterschenkels";"S878"
12871;"TraumatischeAmputationinHöhedesKnies";"S880"
12872;"TraumatischeAmputationzwischenKnieundoberemSprunggelenk";"S881"
12873;"TraumatischeAmputationamUnterschenkel,Höhenichtnäherbezeichnet";"S889"
12875;"MultipleVerletzungendesUnterschenkels,Verletzungen,dieinmehralseinerderKategorienS80-S88klassifizierbarsind";"S897"
12876;"SonstigenäherbezeichneteVerletzungendesUnterschenkels";"S898"
12877;"NichtnäherbezeichneteVerletzungdesUnterschenkels";"S899"
12879;"PrellungderKnöchelregion";"S900"
12880;"PrellungeinerodermehrererZehenohneSchädigungdesNagels,PrellungeinerodermehrererZeheno.n.A.";"S901"
12881;"PrellungeinerodermehrererZehenmitSchädigungdesNagels";"S902"
12882;"PrellungsonstigerundnichtnäherbezeichneterTeiledesFußes";"S903"
12883;"MultipleoberflächlicheVerletzungenderKnöchelregionunddesFußes";"S907"
12884;"SonstigeoberflächlicheVerletzungenderKnöchelregionunddesFußes";"S908"
12885;"OberflächlicheVerletzungderKnöchelregionunddesFußes,nichtnäherbezeichnet";"S909"
12887;"OffeneWundederKnöchelregion";"S910"
12888;"OffeneWundeeinerodermehrererZehenohneSchädigungdesNagels,OffeneWundeeinerodermehrererZeheno.n.A.";"S911"
12889;"OffeneWundeeinerodermehrererZehenmitSchädigungdesNagels";"S912"
12890;"OffeneWundesonstigerTeiledesFußes,OffeneWundedesFußeso.n.A.";"S913"
12891;"MultipleoffeneWundenderKnöchelregionunddesFußes";"S917"
12893;"FrakturdesKalkaneus,Fersenbein";"S920"
12894;")FrakturdesKalkaneus,Fersenbein\geschlossen";"S920"
12895;")FrakturdesKalkaneus,Fersenbein\offen";"S920"
12896;"FrakturdesTalus,Sprungbein";"S921"
12897;")FrakturdesTalus,Sprungbein\geschlossen";"S921"
12898;")FrakturdesTalus,Sprungbein\offen";"S921"
12899;"FraktureinesodermehrerersonstigerFußwurzelknochen,Oscuboideum,Osnavicularepedis,Oscuneiforme(intermedium)(laterale)(mediale)";"S922"
12900;")FraktureinesodermehrerersonstigerFußwurzelknochen,Oscuboideum,Osnavicularepedis,Oscuneiforme(intermedium)(laterale)(mediale)\geschlossen";"S922"
12901;")FraktureinesodermehrerersonstigerFußwurzelknochen,Oscuboideum,Osnavicularepedis,Oscuneiforme(intermedium)(laterale)(mediale)\offen";"S922"
12902;"FrakturderMittelfußknochen";"S923"
12903;")FrakturderMittelfußknochen\geschlossen";"S923"
12904;")FrakturderMittelfußknochen\offen";"S923"
12905;"FrakturderGroßzehe";"S924"
12906;")FrakturderGroßzehe\geschlossen";"S924"
12907;")FrakturderGroßzehe\offen";"S924"
12908;"FraktureinersonstigenZehe";"S925"
12909;")FraktureinersonstigenZehe\geschlossen";"S925"
12910;")FraktureinersonstigenZehe\offen";"S925"
12911;"MultipleFrakturendesFußes";"S927"
12912;")MultipleFrakturendesFußes\geschlossen";"S927"
12913;")MultipleFrakturendesFußes\offen";"S927"
12914;"FrakturdesFußes,nichtnäherbezeichnet";"S929"
12915;")FrakturdesFußes,nichtnäherbezeichnet\geschlossen";"S929"
12916;")FrakturdesFußes,nichtnäherbezeichnet\offen";"S929"
12918;"LuxationdesoberenSprunggelenkes,Fibula,distalesEnde,Talus,Tibia,distalesEnde";"S930"
12919;"LuxationeinerodermehrererZehen,Interphalangeal(-Gelenk(e)),Metatarsophalangeal(-Gelenk(e))";"S931"
12920;"TraumatischeRupturvonBänderninHöhedesoberenSprunggelenkesunddesFußes";"S932"
12921;"LuxationsonstigerundnichtnäherbezeichneterTeiledesFußes,Osnavicularepedis,Tarsal(-Gelenk(e)),Tarsometatarsal(-Gelenk(e))";"S933"
12922;"VerstauchungundZerrungdesoberenSprunggelenkes,Innenband,Lig.calcaneofibulare,Lig.deltoideum,Lig.talofibulare(anterius)(posterius),Lig.tibiofibulare(anterius)(posterius),distal";"S934"
12923;"VerstauchungundZerrungeinerodermehrererZehen,Interphalangeal(-Gelenk(e)),Metatarsophalangeal(-Gelenk(e))";"S935"
12924;"VerstauchungundZerrungsonstigerundnichtnäherbezeichneterTeiledesFußes,Tarsal(-Band),Tarsometatarsal(-Band)";"S936"
12926;"VerletzungdesN.plantarislateralis";"S940"
12927;"VerletzungdesN.plantarismedialis";"S941"
12928;"VerletzungdesN.peronaeusprofundusinHöhedesKnöchelsunddesFußes,LateralerEndastdesN.peronaeusprofundus";"S942"
12929;"VerletzungsensiblerHautnerveninHöhedesKnöchelsunddesFußes";"S943"
12930;"VerletzungmehrererNerveninHöhedesKnöchelsunddesFußes";"S947"
12931;"VerletzungsonstigerNerveninHöhedesKnöchelsunddesFußes";"S948"
12932;"VerletzungeinesnichtnäherbezeichnetenNervsinHöhedesKnöchelsunddesFußes";"S949"
12934;"VerletzungderA.dorsalispedis";"S950"
12935;"VerletzungderA.plantarispedis";"S951"
12936;"VerletzungvonVenendesFußrückens";"S952"
12937;"VerletzungmehrererBlutgefäßeinHöhedesKnöchelsunddesFußes";"S957"
12938;"VerletzungsonstigerBlutgefäßeinHöhedesKnöchelsunddesFußes";"S958"
12939;"VerletzungeinesnichtnäherbezeichnetenBlutgefäßesinHöhedesKnöchelsunddesFußes";"S959"
12941;"VerletzungvonMuskelnundSehnenderlangenBeugemuskelnderZeheninHöhedesKnöchelsunddesFußes";"S960"
12942;"VerletzungvonMuskelnundSehnenderlangenStreckmuskelnderZeheninHöhedesKnöchelsunddesFußes";"S961"
12943;"VerletzungvonkurzenMuskelnundSehneninHöhedesKnöchelsunddesFußes";"S962"
12944;"VerletzungmehrererMuskelnundSehneninHöhedesKnöchelsunddesFußes";"S967"
12945;"VerletzungsonstigerMuskelnundSehneninHöhedesKnöchelsunddesFußes";"S968"
12946;"VerletzungeinesnichtnäherbezeichnetenMuskelsodereinernichtnäherbezeichnetenSehneinHöhedesKnöchelsunddesFußes";"S969"
12948;"ZerquetschungdesoberenSprunggelenkes";"S970"
12949;"ZerquetschungeinerodermehrererZehen";"S971"
12950;"ZerquetschungsonstigerTeiledesoberenSprunggelenkesunddesFußes,ZerquetschungdesFußeso.n.A.";"S978"
12952;"TraumatischeAmputationdesFußesinHöhedesoberenSprunggelenkes";"S980"
12953;"TraumatischeAmputationeinereinzelnenZehe";"S981"
12954;"TraumatischeAmputationvonzweiodermehrZehen";"S982"
12955;"TraumatischeAmputationsonstigerTeiledesFußes,KombiniertetraumatischeAmputationeinerodermehrererZehenmitanderenTeilendesFußes";"S983"
12956;"TraumatischeAmputationamFuß,Höhenichtnäherbezeichnet";"S984"
12958;"MultipleVerletzungenderKnöchelregionunddesFußes,Verletzungen,dieinmehralseinerderKategorienS90-S98klassifizierbarsind";"S997"
12959;"SonstigenäherbezeichneteVerletzungenderKnöchelregionunddesFußes";"S998"
12960;"NichtnäherbezeichneteVerletzungderKnöchelregionunddesFußes";"S999"
12962;"OberflächlicheVerletzungenmitBeteiligungvonKopfundHals,OberflächlicheVerletzungenanLokalisationen,dieunterS00.-undS10.-klassifizierbarsind";"T000"
12963;"OberflächlicheVerletzungenmitBeteiligungvonThoraxundAbdomen,vonThoraxundLumbosakralgegendodervonThoraxundBecken";"T001"
12964;"OberflächlicheVerletzungenmitBeteiligungmehrererRegionenderoberenExtremität(en)";"T002"
12965;"OberflächlicheVerletzungenmitBeteiligungmehrererRegionenderunterenExtremität(en)";"T003"
12966;"OberflächlicheVerletzungenmitBeteiligungmehrererRegionenderoberenExtremität(en)undmehrererRegionenderunterenExtremität(en)";"T006"
12967;"OberflächlicheVerletzungenmitBeteiligungsonstigerKombinationenvonKörperregionen";"T008"
12968;"MultipleoberflächlicheVerletzungen,nichtnäherbezeichnet";"T009"
12970;"OffeneWundenmitBeteiligungvonKopfundHals,OffeneWundenanLokalisationen,dieunterS01.-undS11.-klassifizierbarsind";"T010"
12971;"OffeneWundenmitBeteiligungvonThoraxundAbdomen,vonThoraxundLumbosakralgegendodervonThoraxundBecken,OffeneWundenanLokalisat.,dieunterS21.-,S31.-undT09.1klassifizierbarsind";"T011"
12972;"OffeneWundenmitBeteiligungmehrererRegionenderoberenExtremität(en),OffeneWundenanLokalisationen,dieunterS41.-,S51.-,S61.-undT11.1klassifizierbarsind";"T012"
12973;"OffeneWundenmitBeteiligungmehrererRegionenderunterenExtremität(en),OffeneWundenanLokalisationen,dieunterS71.-,S81.-,S91.-undT13.1klassifizierbarsind";"T013"
12974;"OffeneWundenmitBeteiligungmehrererRegionenderoberenExtremität(en)undmehrererRegionenderunterenExtremität(en),OffeneWundenanLokalisat.,dieunterT01.2undT01.3klassifizierbarsind";"T016"
12975;"OffeneWundenansonstigenKombinationenvonKörperregionen";"T018"
12976;"MultipleoffeneWunden,nichtnäherbezeichnet,Multiple:Rißwunden,Schnittwunden,Stichwunden,Tierbisse,o.n.A.";"T019"
12978;"FrakturenmitBeteiligungvonKopfundHals,FrakturenanLokalisationen,dieunterS02.-undS12.-klassifizierbarsind";"T020"
12979;")FrakturenmitBeteiligungvonKopfundHals,FrakturenanLokalisationen,dieunterS02.-undS12.-klassifizierbarsind\geschlossen";"T020"
12980;")FrakturenmitBeteiligungvonKopfundHals,FrakturenanLokalisationen,dieunterS02.-undS12.-klassifizierbarsind\offen";"T020"
12981;"FrakturenmitBeteiligungvonThoraxundLumbosakralgegendodervonThoraxundBecken,FrakturenanLokalisationen,dieunterS22.-,S32.-undT08klassifizierbarsind";"T021"
12982;")FrakturenmitBeteiligungvonThoraxundLumbosakralgegendodervonThoraxundBecken,FrakturenanLokalisationen,dieunterS22.-,S32.-undT08klassifizierbarsind\geschlossen";"T021"
12983;")FrakturenmitBeteiligungvonThoraxundLumbosakralgegendodervonThoraxundBecken,FrakturenanLokalisationen,dieunterS22.-,S32.-undT08klassifizierbarsind\offen";"T021"
12984;"FrakturenmitBeteiligungmehrererRegioneneineroberenExtremität,FrakturenanLokalisationeneineroberenExtremität,dieunterS42.-,S52.-,S62.-undT10klassifizierbarsind";"T022"
12985;")FrakturenmitBeteiligungmehrererRegioneneineroberenExtremität,FrakturenanLokalisationeneineroberenExtremität,dieunterS42.-,S52.-,S62.-undT10klassifizierbarsind\geschlossen";"T022"
12986;")FrakturenmitBeteiligungmehrererRegioneneineroberenExtremität,FrakturenanLokalisationeneineroberenExtremität,dieunterS42.-,S52.-,S62.-undT10klassifizierbarsind\offen";"T022"
12987;"FrakturenmitBeteiligungmehrererRegioneneinerunterenExtremität,FrakturenanLokalisationeneinerunterenExtremität,dieunterS72.-,S82.-,S92.-undT12klassifizierbarsind";"T023"
12988;")FrakturenmitBeteiligungmehrererRegioneneinerunterenExtremität,FrakturenanLokalisationeneinerunterenExtremität,dieunterS72.-,S82.-,S92.-undT12klassifizierbarsind\geschlossen";"T023"
12989;")FrakturenmitBeteiligungmehrererRegioneneinerunterenExtremität,FrakturenanLokalisationeneinerunterenExtremität,dieunterS72.-,S82.-,S92.-undT12klassifizierbarsind\offen";"T023"
12990;"FrakturenmitBeteiligungmehrererRegionenbeiderobererExtremitäten,FrakturenanLokalisationen,dieunterS42.-,S52.-,S62.-undT10klassifizierbarundalsbeidseitigbezeichnetsind";"T024"
12991;")FrakturenmitBeteiligungmehrererRegionenbeiderobererExtremitäten,FrakturenanLokalisat.,dieunterS42.-,S52.-,S62.-undT10klassifizierbarundalsbeidseitigbezeichnetsind\geschlossen";"T024"
12992;")FrakturenmitBeteiligungmehrererRegionenbeiderobererExtremitäten,FrakturenanLokalisationen,dieunterS42.-,S52.-,S62.-undT10klassifizierbarundalsbeidseitigbezeichnetsind\offen";"T024"
12993;"FrakturenmitBeteiligungmehrererRegionenbeideruntererExtremitäten,FrakturenanLokalisationen,dieunterS72.-,S82.-,S92.-undT12klassifizierbarundalsbeidseitigbezeichnetsind";"T025"
12994;")FrakturenmitBeteiligungmehrererRegionenbeideruntererExtremitäten,FrakturenanLokalisat.,dieunterS72.-,S82.-,S92.-undT12klassifizierbaru.alsbeidseitigbezeichnetsind\geschlossen";"T025"
12995;")FrakturenmitBeteiligungmehrererRegionenbeideruntererExtremitäten,FrakturenanLokalisationen,dieunterS72.-,S82.-,S92.-undT12klassifizierbarundalsbeidseitigbezeichnetsind\offen";"T025"
12996;"FrakturenmitBeteiligungmehrererRegionenderoberenExtremität(en)undmehrererRegionenderunterenExtremität(en)";"T026"
12997;")FrakturenmitBeteiligungmehrererRegionenderoberenExtremität(en)undmehrererRegionenderunterenExtremität(en)\geschlossen";"T026"
12998;")FrakturenmitBeteiligungmehrererRegionenderoberenExtremität(en)undmehrererRegionenderunterenExtremität(en)\offen";"T026"
12999;"FrakturenmitBeteiligungvonThorax,LumbosakralgegendundExtremität(en)odervonThorax,BeckenundExtremität(en)";"T027"
13000;")FrakturenmitBeteiligungvonThorax,LumbosakralgegendundExtremität(en)odervonThorax,BeckenundExtremität(en)\geschlossen";"T027"
13001;")FrakturenmitBeteiligungvonThorax,LumbosakralgegendundExtremität(en)odervonThorax,BeckenundExtremität(en)\offen";"T027"
13002;"FrakturenmitBeteiligungsonstigerKombinationenvonKörperregionen";"T028"
13003;")FrakturenmitBeteiligungsonstigerKombinationenvonKörperregionen\geschlossen";"T028"
13004;")FrakturenmitBeteiligungsonstigerKombinationenvonKörperregionen\offen";"T028"
13005;"MultipleFrakturen,nichtnäherbezeichnet";"T029"
13006;")MultipleFrakturen,nichtnäherbezeichnet\geschlossen";"T029"
13007;")MultipleFrakturen,nichtnäherbezeichnet\offen";"T029"
13009;"Luxationen,VerstauchungenundZerrungenmitBeteiligungvonKopfundHals,Luxationen,VerstauchungenundZerrungenanLokalisationen,dieunterS03.-undS13.-klassifizierbarsind";"T030"
13010;"Luxationen,VerstauchungenundZerrungenmitBeteiligungvonThoraxundLumbosakralgegendodervonThoraxundBecken";"T031"
13011;"Luxationen,VerstauchungenundZerrungenmitBeteiligungmehrererRegionenderoberenExtremität(en)";"T032"
13012;"Luxationen,VerstauchungenundZerrungenmitBeteiligungmehrererRegionenderunterenExtremität(en)";"T033"
13013;"Luxationen,VerstauchungenundZerrungenmitBeteiligungmehrererRegionenderoberenExtremität(en)undmehrererRegionenderunterenExtremität(en)";"T034"
13014;"Luxationen,VerstauchungenundZerrungenmitBeteiligungsonstigerKombinationenvonKörperregionen";"T038"
13015;"MultipleLuxationen,VerstauchungenundZerrungen,nichtnäherbezeichnet";"T039"
13017;"ZerquetschungenmitBeteiligungvonKopfundHals,ZerquetschungenanLokalisationen,dieunterS07.-undS17.-klassifizierbarsind";"T040"
13018;"ZerquetschungenmitBeteiligungvonThoraxundAbdomen,vonThoraxundLumbosakralgegendodervonThoraxundBecken";"T041"
13019;"ZerquetschungenmitBeteiligungmehrererRegionenderoberenExtremität(en),Zerquetschungen:Lokalisationen,dieunterS47,-,S57,-undS67.-klassifizierbarsind,obereExtremitäto.n.A.";"T042"
13020;"ZerquetschungenmitBeteiligungmehrererRegionenderunterenExtremität(en),Zerquetschungen:Lokalisationen,dieunterS77.-,S87,-undS97.-klassifizierbarsind,untereExtremitäto.n.A.";"T043"
13021;"ZerquetschungenmitBeteiligungmehrererRegionenderoberenExtremität(en)undmehrererRegionenderunterenExtremität(en)";"T044"
13022;"ZerquetschungenmitBeteiligungvonThorax,AbdomenundExtremität(en),vonThorax,LumbosakralgegendundExtremität(en)odervonThorax,BeckenundExtremität(en)";"T047"
13023;"ZerquetschungenmitBeteiligungsonstigerKombinationenvonKörperregionen";"T048"
13024;"MultipleZerquetschungen,nichtnäherbezeichnet";"T049"
13026;"TraumatischeAmputationbeiderHände";"T050"
13027;"TraumatischeAmputationeinerHandunddesanderenArmes[jedeHöhe,ausgenommenHand]";"T051"
13028;"TraumatischeAmputationbeiderArme[jedeHöhe]";"T052"
13029;"TraumatischeAmputationbeiderFüße";"T053"
13030;"TraumatischeAmputationeinesFußesunddesanderenBeines[jedeHöhe,ausgenommenFuß]";"T054"
13031;"TraumatischeAmputationbeiderBeine[jedeHöhe]";"T055"
13033;"TraumatischeAmputationenmitBeteiligungsonstigerKombinationenvonKörperregionen,QuerschnittsverletzunginHöhevon:Abdomen,Thorax";"T058"
13034;"MultipletraumatischeAmputationen,nichtnäherbezeichnet";"T059"
13036;"VerletzungendesGehirnsundderHirnnervenkombiniertmitVerletzungenvonNervenundRückenmarkinHalshöhe";"T060"
13037;"VerletzungenderNervenunddesRückenmarkesmitBeteiligungmehrerersonstigerKörperregionen";"T061"
13038;"VerletzungenvonNervenmitBeteiligungmehrererKörperregionen,MultipleVerletzungenvonNerveno.n.A.";"T062"
13039;"VerletzungenvonBlutgefäßenmitBeteiligungmehrererKörperregionen";"T063"
13040;"VerletzungenvonMuskelnundSehnenmitBeteiligungmehrererKörperregionen";"T064"
13041;"VerletzungenmitBeteiligungvonintrathorakalenOrganenundintraabdominalenOrganenoderintrathorakalenOrganenundBeckenorganen";"T065"
13042;"SonstigenäherbezeichneteVerletzungenmitBeteiligungmehrererKörperregionen";"T068"
13043;"NichtnäherbezeichnetemultipleVerletzungen";"T07"
13044;"FrakturderWirbelsäule,Höhenichtnäherbezeichnet";"T08"
13046;")FrakturderWirbelsäule,Höhenichtnäherbezeichnet\geschlossen";"T08x"
13047;")FrakturderWirbelsäule,Höhenichtnäherbezeichnet\offen";"T08x"
13049;"OberflächlicheVerletzungdesRumpfes,Höhenichtnäherbezeichnet";"T090"
13050;"OffeneWundedesRumpfes,Höhenichtnäherbezeichnet";"T091"
13051;"Luxation,VerstauchungundZerrungnichtnäherbezeichneterGelenkeundBänderdesRumpfes";"T092"
13052;"VerletzungdesRückenmarkes,Höhenichtnäherbezeichnet";"T093"
13053;"VerletzungnichtnäherbezeichneterNerven,NervenwurzelnundPlexusimBereichdesRumpfes";"T094"
13054;"VerletzungnichtnäherbezeichneterMuskelnundSehnendesRumpfes";"T095"
13055;"TraumatischeAmputationdesRumpfes,Höhenichtnäherbezeichnet";"T096"
13056;"SonstigenäherbezeichneteVerletzungendesRumpfes,Höhenichtnäherbezeichnet";"T098"
13057;"NichtnäherbezeichneteVerletzungdesRumpfes,Höhenichtnäherbezeichnet";"T099"
13058;"FrakturderoberenExtremität,Höhenichtnäherbezeichnet,GebrochenerArmo.n.A.,FrakturdesArmeso.n.A.";"T10"
13060;")FrakturderoberenExtremität,Höhenichtnäherbezeichnet,GebrochenerArmo.n.A.,FrakturdesArmeso.n.A.\geschlossen";"T10x"
13061;")FrakturderoberenExtremität,Höhenichtnäherbezeichnet,GebrochenerArmo.n.A.,FrakturdesArmeso.n.A.\offen";"T10x"
13063;"OberflächlicheVerletzungderoberenExtremität,Höhenichtnäherbezeichnet";"T110"
13064;"OffeneWundederoberenExtremität,Höhenichtnäherbezeichnet";"T111"
13065;"Luxation,VerstauchungundZerrungvonnichtnäherbezeichnetemGelenkundBandderoberenExtremität,Höhenichtnäherbezeichnet";"T112"
13066;"VerletzungeinesnichtnäherbezeichnetenNervsderoberenExtremität,Höhenichtnäherbezeichnet";"T113"
13067;"VerletzungeinesnichtnäherbezeichnetenBlutgefäßesderoberenExtremität,Höhenichtnäherbezeichnet";"T114"
13068;"Verletzungvonnichtnäherbezeichnete(m)(r)MuskelundSehnederoberenExtremität,Höhenichtnäherbezeichnet";"T115"
13069;"TraumatischeAmputationderoberenExtremität,Höhenichtnäherbezeichnet,TraumatischeAmputationdesArmeso.n.A.";"T116"
13070;"SonstigenäherbezeichneteVerletzungenderoberenExtremität,Höhenichtnäherbezeichnet";"T118"
13071;"NichtnäherbezeichneteVerletzungderoberenExtremität,Höhenichtnäherbezeichnet,VerletzungdesArmeso.n.A.";"T119"
13072;"FrakturderunterenExtremität,Höhenichtnäherbezeichnet,GebrochenesBeino.n.A.,FrakturdesBeineso.n.A.";"T12"
13074;")FrakturderunterenExtremität,Höhenichtnäherbezeichnet,GebrochenesBeino.n.A.,FrakturdesBeineso.n.A.\geschlossen";"T12x"
13075;")FrakturderunterenExtremität,Höhenichtnäherbezeichnet,GebrochenesBeino.n.A.,FrakturdesBeineso.n.A.\offen";"T12x"
13077;"OberflächlicheVerletzungderunterenExtremität,Höhenichtnäherbezeichnet";"T130"
13078;"OffeneWundederunterenExtremität,Höhenichtnäherbezeichnet";"T131"
13079;"Luxation,VerstauchungundZerrungvonnichtnäherbezeichnetemGelenkundBandderunterenExtremität,Höhenichtnäherbezeichnet";"T132"
13080;"VerletzungeinesnichtnäherbezeichnetenNervsderunterenExtremität,Höhenichtnäherbezeichnet";"T133"
13081;"VerletzungeinesnichtnäherbezeichnetenBlutgefäßesderunterenExtremität,Höhenichtnäherbezeichnet";"T134"
13082;"Verletzungvonnichtnäherbezeichnete(m)(r)MuskelundSehnederunterenExtremität,Höhenichtnäherbezeichnet";"T135"
13083;"TraumatischeAmputationderunterenExtremität,Höhenichtnäherbezeichnet,TraumatischeAmputationdesBeineso.n.A.";"T136"
13084;"SonstigenäherbezeichneteVerletzungenderunterenExtremität,Höhenichtnäherbezeichnet";"T138"
13085;"NichtnäherbezeichneteVerletzungderunterenExtremität,Höhenichtnäherbezeichnet,VerletzungdesBeineso.n.A.";"T139"
13087;"OberflächlicheVerletzunganeinernichtnäherbezeichnetenKörperregion";"T140"
13088;"OffeneWundeaneinernichtnäherbezeichnetenKörperregion,OffeneWunde,Rißwunde,Schnittwunde,Stichwundemit(penetrierendem)Fremdkörper,Tierbiß,o.n.A.";"T141"
13089;"FrakturaneinernichtnäherbezeichnetenKörperregion";"T142"
13090;")FrakturaneinernichtnäherbezeichnetenKörperregion\geschlossen";"T142"
13091;")FrakturaneinernichtnäherbezeichnetenKörperregion\offen";"T142"
13092;"Luxation,VerstauchungundZerrunganeinernichtnäherbezeichnetenKörperregion";"T143"
13093;"VerletzungeinesodermehrererNervenaneinernichtnäherbezeichnetenKörperregion,Nervenverletzung,Traumatisch:Hämatomyelie,Lähmung(vorübergehend),Nervendurchtrennung,o.n.A.";"T144"
13094;"VerletzungeinesodermehrererBlutgefäßeaneinernichtnäherbezeichnetenKörperregion";"T145"
13095;"VerletzungvonMuskelnundSehnenaneinernichtnäherbezeichnetenKörperregion,Abriß,Riß,Schnittverletzung,TraumatischeRuptur,Verletzung,Muskel(n)o.n.A.,Sehne(n)o.n.A.";"T146"
13096;"ZerquetschungundtraumatischeAmputationeinernichtnäherbezeichnetenKörperregion,TraumatischeAmputationo.n.A.,Zerquetschungo.n.A.";"T147"
13097;"SonstigeVerletzungeneinernichtnäherbezeichnetenKörperregion";"T148"
13098;"Verletzung,nichtnäherbezeichnet";"T149"
13100;"FremdkörperinderKornea";"T150"
13101;"FremdkörperimKonjunktivalsack";"T151"
13102;"FremdkörperansonstigenundmehrerenLokalisationendesäußerenAuges,FremdkörperimPunctumlacrimale";"T158"
13103;"FremdkörperimäußerenAuge,Teilnichtnäherbezeichnet";"T159"
13104;"FremdkörperimOhr,Gehörgang";"T16"
13106;"FremdkörperineinerNasennebenhöhle";"T170"
13107;"FremdkörperimNasenloch,Naseo.n.A.";"T171"
13108;"FremdkörperimRachen,Nasopharynx,Racheno.n.A.";"T172"
13109;"FremdkörperimKehlkopf";"T173"
13110;"FremdkörperinderTrachea";"T174"
13111;"FremdkörperimBronchus";"T175"
13112;"FremdkörperansonstigenundmehrerenLokalisationenderAtemwege,Bronchiolen,Lunge";"T178"
13113;"FremdkörperindenAtemwegen,Teilnichtnäherbezeichnet";"T179"
13115;"FremdkörperimMund";"T180"
13116;"FremdkörperimÖsophagus";"T181"
13117;"FremdkörperimMagen";"T182"
13118;"FremdkörperimDünndarm";"T183"
13119;"FremdkörperimDickdarm";"T184"
13120;"FremdkörperinAnusundRektum,Rektosigmoid(Übergang)";"T185"
13121;"FremdkörperansonstigenundmehrerenLokalisationendesVerdauungstraktes";"T188"
13122;"FremdkörperimVerdauungstrakt,Teilnichtnäherbezeichnet,Verdauungssystemo.n.A.,VerschluckterFremdkörpero.n.A.";"T189"
13124;"FremdkörperinderHarnröhre";"T190"
13125;"FremdkörperinderHarnblase";"T191"
13126;"FremdkörperinderVulvaundinderVagina";"T192"
13127;"FremdkörperimUterus[jederTeil]";"T193"
13128;"FremdkörperansonstigenundmehrerenLokalisationendesUrogenitaltraktes";"T198"
13129;"FremdkörperimUrogenitaltrakt,Teilnichtnäherbezeichnet";"T199"
13131;"VerbrennungnichtnäherbezeichnetenGradesdesKopfesunddesHalses";"T200"
13132;"Verbrennung1.GradesdesKopfesunddesHalses";"T201"
13133;"Verbrennung2.GradesdesKopfesunddesHalses";"T202"
13134;"Verbrennung3.GradesdesKopfesunddesHalses";"T203"
13135;"VerätzungnichtnäherbezeichnetenGradesdesKopfesunddesHalses";"T204"
13136;"Verätzung1.GradesdesKopfesunddesHalses";"T205"
13137;"Verätzung2.GradesdesKopfesunddesHalses";"T206"
13138;"Verätzung3.GradesdesKopfesunddesHalses";"T207"
13140;"VerbrennungnichtnäherbezeichnetenGradesdesRumpfes";"T210"
13141;"Verbrennung1.GradesdesRumpfes";"T211"
13142;"Verbrennung2.GradesdesRumpfes";"T212"
13143;"Verbrennung3.GradesdesRumpfes";"T213"
13144;"VerätzungnichtnäherbezeichnetenGradesdesRumpfes";"T214"
13145;"Verätzung1.GradesdesRumpfes";"T215"
13146;"Verätzung2.GradesdesRumpfes";"T216"
13147;"Verätzung3.GradesdesRumpfes";"T217"
13149;"VerbrennungnichtnäherbezeichnetenGradesderSchulterunddesArmes,ausgenommenHandgelenkundHand";"T220"
13150;"Verbrennung1.GradesderSchulterunddesArmes,ausgenommenHandgelenkundHand";"T221"
13151;"Verbrennung2.GradesderSchulterunddesArmes,ausgenommenHandgelenkundHand";"T222"
13152;"Verbrennung3.GradesderSchulterunddesArmes,ausgenommenHandgelenkundHand";"T223"
13153;"VerätzungnichtnäherbezeichnetenGradesderSchulterunddesArmes,ausgenommenHandgelenkundHand";"T224"
13154;"Verätzung1.GradesderSchulterunddesArmes,ausgenommenHandgelenkundHand";"T225"
13155;"Verätzung2.GradesderSchulterunddesArmes,ausgenommenHandgelenkundHand";"T226"
13156;"Verätzung3.GradesderSchulterunddesArmes,ausgenommenHandgelenkundHand";"T227"
13158;"VerbrennungnichtnäherbezeichnetenGradesdesHandgelenkesundderHand";"T230"
13159;"Verbrennung1.GradesdesHandgelenkesundderHand";"T231"
13160;"Verbrennung2.GradesdesHandgelenkesundderHand";"T232"
13161;"Verbrennung3.GradesdesHandgelenkesundderHand";"T233"
13162;"VerätzungnichtnäherbezeichnetenGradesdesHandgelenkesundderHand";"T234"
13163;"Verätzung1.GradesdesHandgelenkesundderHand";"T235"
13164;"Verätzung2.GradesdesHandgelenkesundderHand";"T236"
13165;"Verätzung3.GradesdesHandgelenkesundderHand";"T237"
13167;"VerbrennungnichtnäherbezeichnetenGradesderHüfteunddesBeines,ausgenommenKnöchelregionundFuß";"T240"
13168;"Verbrennung1.GradesderHüfteunddesBeines,ausgenommenKnöchelregionundFuß";"T241"
13169;"Verbrennung2.GradesderHüfteunddesBeines,ausgenommenKnöchelregionundFuß";"T242"
13170;"Verbrennung3.GradesderHüfteunddesBeines,ausgenommenKnöchelregionundFuß";"T243"
13171;"VerätzungnichtnäherbezeichnetenGradesderHüfteunddesBeines,ausgenommenKnöchelregionundFuß";"T244"
13172;"Verätzung1.GradesderHüfteunddesBeines,ausgenommenKnöchelregionundFuß";"T245"
13173;"Verätzung2.GradesderHüfteunddesBeines,ausgenommenKnöchelregionundFuß";"T246"
13174;"Verätzung3.GradesderHüfteunddesBeines,ausgenommenKnöchelregionundFuß";"T247"
13176;"VerbrennungnichtnäherbezeichnetenGradesderKnöchelregionunddesFußes";"T250"
13177;"Verbrennung1.GradesderKnöchelregionunddesFußes";"T251"
13178;"Verbrennung2.GradesderKnöchelregionunddesFußes";"T252"
13179;"Verbrennung3.GradesderKnöchelregionunddesFußes";"T253"
13180;"VerätzungnichtnäherbezeichnetenGradesderKnöchelregionunddesFußes";"T254"
13181;"Verätzung1.GradesderKnöchelregionunddesFußes";"T255"
13182;"Verätzung2.GradesderKnöchelregionunddesFußes";"T256"
13183;"Verätzung3.GradesderKnöchelregionunddesFußes";"T257"
13185;"VerbrennungdesAugenlidesundderPeriokularregion";"T260"
13186;"VerbrennungderKorneaunddesKonjunktivalsackes";"T261"
13187;"VerbrennungmitnachfolgenderRupturundDestruktiondesAugapfels";"T262"
13188;"VerbrennungsonstigerTeiledesAugesundseinerAnhangsgebilde";"T263"
13189;"VerbrennungdesAugesundseinerAnhangsgebilde,Teilnichtnäherbezeichnet";"T264"
13190;"VerätzungdesAugenlidesundderPeriokularregion";"T265"
13191;"VerätzungderKorneaunddesKonjunktivalsackes";"T266"
13192;"VerätzungmitnachfolgenderRupturundDestruktiondesAugapfels";"T267"
13193;"VerätzungsonstigerTeiledesAugesundseinerAnhangsgebilde";"T268"
13194;"VerätzungdesAugesundseinerAnhangsgebilde,Teilnichtnäherbezeichnet";"T269"
13196;"VerbrennungdesKehlkopfesundderTrachea";"T270"
13197;"VerbrennungdesKehlkopfesundderTracheamitBeteiligungderLunge";"T271"
13198;"VerbrennungsonstigerTeilederAtemwege,Thoraxhöhle";"T272"
13199;"VerbrennungderAtemwege,Teilnichtnäherbezeichnet";"T273"
13200;"VerätzungdesKehlkopfesundderTrachea";"T274"
13201;"VerätzungdesKehlkopfesundderTracheamitBeteiligungderLunge";"T275"
13202;"VerätzungsonstigerTeilederAtemwege";"T276"
13203;"VerätzungderAtemwege,Teilnichtnäherbezeichnet";"T277"
13205;"VerbrennungdesMundesunddesRachens";"T280"
13206;"VerbrennungdesÖsophagus";"T281"
13207;"VerbrennungsonstigerTeiledesVerdauungstraktes";"T282"
13209;"VerbrennungsonstigerundnichtnäherbezeichneterinnererOrgane";"T284"
13210;"VerätzungdesMundesunddesRachens";"T285"
13211;"VerätzungdesÖsophagus";"T286"
13212;"VerätzungsonstigerTeiledesVerdauungstraktes";"T287"
13213;"VerätzunginnererOrganedesUrogenitaltraktes";"T288"
13214;"VerätzungsonstigerundnichtnäherbezeichneterinnererOrgane";"T289"
13216;"VerbrennungenmehrererKörperregionennichtnäherbezeichnetenGrades,MultipleVerbrennungeno.n.A.";"T290"
13217;"VerbrennungenmehrererKörperregionen,wobeihöchstensVerbrennungen1.Gradesangegebensind";"T291"
13218;"VerbrennungenmehrererKörperregionen,wobeihöchstensVerbrennungen2.Gradesangegebensind";"T292"
13219;"VerbrennungenmehrererKörperregionen,wobeimindestenseineVerbrennung3.Gradesangegebenist";"T293"
13220;"VerätzungenmehrererKörperregionennichtnäherbezeichnetenGrades,MultipleVerätzungeno.n.A.";"T294"
13221;"VerätzungenmehrererKörperregionen,wobeihöchstensVerätzungen1.Gradesangegebensind";"T295"
13222;"VerätzungenmehrererKörperregionen,wobeihöchstensVerätzungen2.Gradesangegebensind";"T296"
13223;"VerätzungenmehrererKörperregionen,wobeimindestenseineVerätzung3.Gradesangegebenist";"T297"
13225;"VerbrennungnichtnäherbezeichnetenGrades,Körperregionnichtnäherbezeichnet,Verbrennungo.n.A.";"T300"
13226;"Verbrennung1.Grades,Körperregionnichtnäherbezeichnet,Verbrennung1.Gradeso.n.A.";"T301"
13227;"Verbrennung2.Grades,Körperregionnichtnäherbezeichnet,Verbrennung2.Gradeso.n.A.";"T302"
13228;"Verbrennung3.Grades,Körperregionnichtnäherbezeichnet,Verbrennung3.Gradeso.n.A.";"T303"
13229;"VerätzungnichtnäherbezeichnetenGrades,Körperregionnichtnäherbezeichnet,Verätzungo.n.A.";"T304"
13230;"Verätzung1.Grades,Körperregionnichtnäherbezeichnet,Verätzung1.Gradeso.n.A.";"T305"
13231;"Verätzung2.Grades,Körperregionnichtnäherbezeichnet,Verätzung2.Gradeso.n.A.";"T306"
13232;"Verätzung3.Grades,Körperregionnichtnäherbezeichnet,Verätzung3.Gradeso.n.A.";"T307"
13234;"Verbrennungenvonwenigerals10ProzentderKörperoberfläche";"T310"
13235;"Verbrennungenvon10-19ProzentderKörperoberfläche";"T311"
13236;"Verbrennungenvon20-29ProzentderKörperoberfläche";"T312"
13237;"Verbrennungenvon30-39ProzentderKörperoberfläche";"T313"
13238;"Verbrennungenvon40-49ProzentderKörperoberfläche";"T314"
13239;"Verbrennungenvon50-59ProzentderKörperoberfläche";"T315"
13240;"Verbrennungenvon60-69ProzentderKörperoberfläche";"T316"
13241;"Verbrennungenvon70-79ProzentderKörperoberfläche";"T317"
13242;"Verbrennungenvon80-89ProzentderKörperoberfläche";"T318"
13243;"Verbrennungenvon90odermehrProzentderKörperoberfläche";"T319"
13245;"Verätzungenvonwenigerals10ProzentderKörperoberfläche";"T320"
13247;"Verätzungenvon20-29ProzentderKörperoberfläche";"T322"
13254;"Verätzungenvon90odermehrProzentderKörperoberfläche";"T329"
13256;"OberflächlicheErfrierungdesKopfes";"T330"
13258;"OberflächlicheErfrierungdesThorax";"T332"
13259;"OberflächlicheErfrierungderBauchdecke,derLumbosakralgegendunddesBeckens";"T333"
13260;"OberflächlicheErfrierungdesArmes";"T334"
13261;"OberflächlicheErfrierungdesHandgelenkesundderHand";"T335"
13263;"OberflächlicheErfrierungdesKniesunddesUnterschenkels";"T337"
13264;"OberflächlicheErfrierungderKnöchelregionunddesFußes";"T338"
13265;"OberflächlicheErfrierungansonstigenundnichtnäherbezeichnetenLokalisationen,OberflächlicheErfrierung:Beino.n.A.,Rumpfo.n.A.,o.n.A.";"T339"
13267;"ErfrierungmitGewebsnekrosedesKopfes";"T340"
13268;"ErfrierungmitGewebsnekrosedesHalses";"T341"
13270;"ErfrierungmitGewebsnekrosederBauchdecke,derLumbosakralgegendunddesBeckens";"T343"
13271;"ErfrierungmitGewebsnekrosedesArmes";"T344"
13272;"ErfrierungmitGewebsnekrosedesHandgelenkesundderHand";"T345"
13273;"ErfrierungmitGewebsnekrosederHüfteunddesOberschenkels";"T346"
13274;"ErfrierungmitGewebsnekrosedesKniesunddesUnterschenkels";"T347"
13275;"ErfrierungmitGewebsnekrosederKnöchelregionunddesFußes";"T348"
13276;"ErfrierungmitGewebsnekroseansonstigenundnichtnäherbezeichnetenLokalisationen,ErfrierungmitGewebsnekrose:Beino.n.A.,Rumpfo.n.A.,o.n.A.";"T349"
13278;"OberflächlicheErfrierungmitBeteiligungmehrererKörperregionen,MultipleoberflächlicheErfrierungeno.n.A.";"T350"
13279;"ErfrierungmitGewebsnekrosemitBeteiligungmehrererKörperregionen,MultipleErfrierungenmitGewebsnekroseo.n.A.";"T351"
13280;"NichtnäherbezeichneteErfrierungdesKopfesunddesHalses";"T352"
13282;"NichtnäherbezeichneteErfrierungderoberenExtremität";"T354"
13283;"NichtnäherbezeichneteErfrierungderunterenExtremität";"T355"
13284;"NichtnäherbezeichneteErfrierungmitBeteiligungmehrererKörperregionen,MultipleErfrierungeno.n.A.";"T356"
13285;"NichtnäherbezeichneteErfrierungannichtnäherbezeichnetenLokalisationen,Erfrierungo.n.A.";"T357"
13287;"VergiftungdurchsystemischwirkendePenizilline";"T360"
13288;"VergiftungdurchsystemischwirkendeCephalosporineundandereBeta-Laktam-Antibiotika";"T361"
13289;"VergiftungdurchsystemischwirkendeAntibiotikaderChloramphenicol-Gruppe";"T362"
13290;"VergiftungdurchsystemischwirkendeMakrolide";"T363"
13295;"VergiftungdurchsonstigesystemischwirkendeAntibiotika";"T368"
13296;"VergiftungdurcheinsystemischwirkendesAntibiotikum,nichtnäherbezeichnet";"T369"
13299;"VergiftungdurchsystemischwirkendeantimykobakterielleArzneimittel";"T371"
13300;"VergiftungdurchsystemischwirkendeAntimalariamittelundArzneimittelgegenandereBlutprotozoen";"T372"
13301;"VergiftungdurchsystemischwirkendesonstigeAntiprotozoika";"T373"
13303;"VergiftungdurchsystemischwirkendeVirostatika";"T375"
13304;"VergiftungdurchsystemischwirkendesonstigenäherbezeichneteAntiinfektivaundAntiparasitika,Hydroxychinolin-Derivate";"T378"
13305;"VergiftungdurchsystemischwirkendesAntiinfektivumundAntiparasitikum,nichtnäherbezeichnet";"T379"
13307;"VergiftungdurchGlukokortikoideundsynthetischeAnaloga";"T380"
13308;"VergiftungdurchSchilddrüsenhormoneundErsatzstoffe";"T381"
13309;"VergiftungdurchThyreostatika";"T382"
13310;"VergiftungdurchInsulinundoraleblutzuckersenkendeArzneimittel[Antidiabetika]";"T383"
13311;"VergiftungdurchoraleKontrazeptiva,Mono-undKombinationspräparate";"T384"
13312;"VergiftungdurchsonstigeÖstrogeneundGestagene,MixturenundErsatzstoffe";"T385"
13314;"VergiftungdurchAndrogeneundverwandteAnabolika";"T387"
13315;"VergiftungdurchsonstigeundnichtnäherbezeichneteHormoneundsynthetischeErsatzstoffe,Hypophysenvorderlappenhormone[Adenohypophysenhormone]";"T388"
13316;"VergiftungdurchsonstigeundnichtnäherbezeichneteHormon-Antagonisten";"T389"
13318;"VergiftungdurchSalizylate";"T390"
13319;"Vergiftungdurch4-Aminophenol-Derivate";"T391"
13320;"VergiftungdurchPyrazolon-Derivate";"T392"
13321;"VergiftungdurchsonstigenichtsteroidaleAntiphlogistika[NSAID]";"T393"
13322;"VergiftungdurchAntirheumatika,anderenortsnichtklassifiziert";"T394"
13323;"VergiftungdurchsonstigenichtopioidhaltigeAnalgetikaundAntipyretika,anderenortsnichtklassifiziert";"T398"
13324;"VergiftungdurchnichtopioidhaltigeAnalgetika,AntipyretikaundAntirheumatika,nichtnäherbezeichnet";"T399"
13326;"VergiftungdurchOpium";"T400"
13327;"VergiftungdurchHeroin";"T401"
13328;"VergiftungdurchsonstigeOpioide,Kodein,Morphin";"T402"
13329;"VergiftungdurchMethadon";"T403"
13330;"VergiftungdurchsonstigesynthetischeBetäubungsmittel,Pethidin";"T404"
13331;"VergiftungdurchKokain";"T405"
13332;"VergiftungdurchsonstigeundnichtnäherbezeichneteBetäubungsmittel";"T406"
13333;"VergiftungdurchCannabis(-Derivate)";"T407"
13334;"VergiftungdurchLysergid[LSD]";"T408"
13335;"VergiftungdurchsonstigeundnichtnäherbezeichnetePsychodysleptika[Halluzinogene],Mescalin,Psilocin,Psilocybin";"T409"
13337;"VergiftungdurchInhalationsanästhetika";"T410"
13338;"VergiftungdurchIntravenöseAnästhetika,Thiobarbiturate";"T411"
13339;"VergiftungdurchsonstigeundnichtnäherbezeichneteAllgemeinanästhetika";"T412"
13340;"VergiftungdurchLokalanästhetika";"T413"
13341;"VergiftungdurchAnästhetikum,nichtnäherbezeichnet";"T414"
13342;"VergiftungdurchTherapeutischeGase,Kohlendioxid,Sauerstoff";"T415"
13344;"VergiftungdurchHydantoin-Derivate";"T420"
13345;"VergiftungdurchIminostilbene,Carbamazepin";"T421"
13346;"VergiftungdurchSuccinimideundOxazolidine";"T422"
13347;"VergiftungdurchBarbiturate";"T423"
13348;"VergiftungdurchBenzodiazepine";"T424"
13349;"VergiftungdurchgemischteAntiepileptika,anderenortsnichtklassifiziert";"T425"
13350;"VergiftungdurchsonstigeAntiepileptika,SedativaundHypnotika,Methaqualon,Valproinsäure";"T426"
13351;"VergiftungdurchAntiepileptika,SedativaundHypnotika,nichtnäherbezeichnet,Schlafmittel,Schlaftabletten,Schlaftrunk,o.n.A.";"T427"
13352;"VergiftungdurchAntiparkinsonmittelundanderezentralwirkendeMuskelrelaxanzien,Amantadin";"T428"
13354;"VergiftungdurchTri-undtetrazyklischeAntidepressiva";"T430"
13355;"VergiftungdurchMonoaminooxidase-hemmendeAntidepressiva";"T431"
13356;"VergiftungdurchsonstigeundnichtnäherbezeichneteAntidepressiva";"T432"
13357;"VergiftungdurchAntipsychotikaundNeuroleptikaaufPhenothiazin-Basis";"T433"
13358;"VergiftungdurchNeuroleptikaaufButyrophenon-undThioxanthen-Basis";"T434"
13359;"VergiftungdurchsonstigeundnichtnäherbezeichneteAntipsychotikaundNeuroleptika";"T435"
13360;"VergiftungdurchPsychostimulanzienmitMißbrauchspotential";"T436"
13361;"VergiftungdurchsonstigepsychotropeSubstanzen,anderenortsnichtklassifiziert";"T438"
13362;"VergiftungdurchPsychotropeSubstanz,nichtnäherbezeichnet";"T439"
13364;"VergiftungdurchCholinesterase-Hemmer";"T440"
13365;"VergiftungdurchsonstigeParasympathomimetika[Cholinergika]";"T441"
13366;"VergiftungdurchGanglienblocker,anderenortsnichtklassifiziert";"T442"
13367;"VergiftungdurchsonstigeParasympatholytika[AnticholinergikaundAntimuskarinika]undSpasmolytika,anderenortsnichtklassifiziert,Papaverin";"T443"
13368;"Vergiftungdurchvorwiegendalpha-Rezeptoren-Stimulanzien,anderenortsnichtklassifiziert,Metaraminol";"T444"
13369;"Vergiftungdurchvorwiegendbeta-Rezeptoren-Stimulanzien,anderenortsnichtklassifiziert";"T445"
13370;"Vergiftungdurchalpha-Rezeptorenblocker,anderenortsnichtklassifiziert";"T446"
13371;"Vergiftungdurchbeta-Rezeptorenblocker,anderenortsnichtklassifiziert";"T447"
13372;"VergiftungdurchzentralwirkendeundadrenergeNeuronenblocker,anderenortsnichtklassifiziert";"T448"
13373;"Vergiftungdurchsonstigeundnichtnäherbezeichnete,primäraufdasautonomeNervensystemwirkendeArzneimittel,Kombiniertealpha-undbeta-Rezeptoren-Stimulanzien";"T449"
13375;"VergiftungdurchAntiallergikaundAntiemetika";"T450"
13376;"VergiftungdurchAntineoplastikaundImmunsuppressiva,AntineoplastischeAntibiotika,Cytarabin";"T451"
13377;"VergiftungdurchVitamine,anderenortsnichtklassifiziert";"T452"
13378;"VergiftungdurchEnzyme,anderenortsnichtklassifiziert";"T453"
13379;"VergiftungdurchEisenunddessenVerbindungen";"T454"
13380;"VergiftungdurchAntikoagulanzien";"T455"
13381;"VergiftungdurchFibrinolytikaundFibrinolyse-Hemmer";"T456"
13382;"VergiftungdurchAntikoagulanzien-Antagonisten,VitaminKundsonstigeKoagulanzien";"T457"
13383;"VergiftungdurchsonstigeprimärsystemischundaufdasBlutwirkendeMittel,anderenortsnichtklassifiziert,BlutundBlutprodukte,LeberextrakteundsonstigeAntianämika,Plasmaersatzmittel";"T458"
13384;"VergiftungdurchprimärsystemischundaufdasBlutwirkendesMittel,nichtnäherbezeichnet";"T459"
13386;"VergiftungdurchHerzglykosideundArzneimittelmitähnlicherWirkung";"T460"
13387;"VergiftungdurchKalziumantagonisten";"T461"
13388;"VergiftungdurchsonstigeAntiarrhythmika,anderenortsnichtklassifiziert";"T462"
13389;"VergiftungdurchKoronardilatatoren,anderenortsnichtklassifiziert,Dipyridamol";"T463"
13390;"VergiftungdurchAngiotensin-Konversionsenzym-Hemmer[ACE-Hemmer]";"T464"
13391;"VergiftungdurchsonstigeAntihypertensiva,anderenortsnichtklassifiziert,Clonidin,Guanethidin,Rauwolfiaalkaloide";"T465"
13392;"VergiftungdurchAntihyperlipidämikaundArzneimittelgegenArteriosklerose";"T466"
13393;"VergiftungdurchperiphereVasodilatatoren,Nikotinsäure(-Derivate)";"T467"
13394;"VergiftungdurchAntivarikosa,einschließlichVerödungsmitteln";"T468"
13395;"Vergiftungdurchsonstigeundnichtnäherbezeichnete,primäraufdasHerz-KreislaufsystemwirkendeMittel";"T469"
13397;"VergiftungdurchHistamin-H2-Rezeptorenblocker";"T470"
13398;"VergiftungdurchsonstigeAntazidaundMagensekretionshemmer";"T471"
13399;"VergiftungdurchstimulierendeLaxanzien";"T472"
13400;"VergiftungdurchsalinischeundosmotischeLaxanzien";"T473"
13401;"VergiftungdurchsonstigeLaxanzien,ArzneimittelgegenDarmatonie";"T474"
13403;"VergiftungdurchAntidiarrhoika";"T476"
13404;"VergiftungdurchEmetika";"T477"
13405;"VergiftungdurchsonstigeprimäraufdenMagen-DarmtraktwirkendeMittel";"T478"
13406;"VergiftungdurchprimäraufdenMagen-DarmtraktwirkendesArzneimittel,nichtnäherbezeichnet";"T479"
13408;"VergiftungdurchOxytozin[Ocytocin]undähnlichwirkendeWehenmittel";"T480"
13409;"VergiftungdurchMuskelrelaxanzien[neuromuskuläreBlocker]";"T481"
13410;"Vergiftungdurchsonstigeundnichtnäherbezeichnete,primäraufdieMuskulaturwirkendeMittel";"T482"
13411;"VergiftungdurchAntitussiva";"T483"
13412;"VergiftungdurchExpektoranzien";"T484"
13413;"VergiftungdurchArzneimittelgegenErkältungskrankheiten";"T485"
13414;"VergiftungdurchAntiasthmatika,anderenortsnichtklassifiziert,Salbutamol";"T486"
13415;"Vergiftungdurchsonstigeundnichtnäherbezeichnete,primäraufdasAtmungssystemwirkendeMittel";"T487"
13417;"VergiftungdurchAntimykotika,AntiinfektivaundAntiphlogistikazurlokalenAnwendung,anderenortsnichtklassifiziert";"T490"
13419;"VergiftungdurchAdstringenzienundDetergenzienzurlokalenAnwendung";"T492"
13420;"Vergiftungdurchhauterweichende[Emollienzien],hautpflegende[Demulzenzien]undhautschützendeMittel";"T493"
13421;"VergiftungdurchKeratolytika,KeratoplastikaundsonstigeArzneimittelundPräparatezurHaarbehandlung";"T494"
13423;"VergiftungdurchinderHals-Nasen-OhrenheilkundeangewendeteArzneimittelundPräparate,AntiinfektivazurAnwendunganOhr,NaseundRachen";"T496"
13425;"VergiftungdurchsonstigeMittelzurtopischenAnwendung,Spermizide";"T498"
13426;"VergiftungdurchMittelzurtopischenAnwendung,nichtnäherbezeichnet";"T499"
13428;"VergiftungdurchMineralokortikoideundderenAntagonisten";"T500"
13429;"VergiftungdurchSchleifendiuretika[High-ceiling-Diuretika]";"T501"
13430;"VergiftungdurchCarboanhydrase-Hemmer,Benzothiadiazin-DerivateundandereDiuretika,Azetazolamid";"T502"
13431;"VergiftungdurchaufdenElektrolyt-,Kalorien-undWasserhaushaltwirkendeMittel,SalzezuroralenRehydratation";"T503"
13432;"VergiftungdurchaufdenHarnsäurestoffwechselwirkendeArzneimittel,Urikostatika,Urikosurika";"T504"
13433;"VergiftungdurchAppetitzügler";"T505"
13434;"VergiftungdurchAntidoteundChelatbildner,anderenortsnichtklassifiziert,Alkoholentwöhnungsmittel";"T506"
13435;"VergiftungdurchAnaleptikaundOpioid-Rezeptor-Antagonisten";"T507"
13436;"VergiftungdurchDiagnostika";"T508"
13437;"VergiftungdurchsonstigeundnichtnäherbezeichneteArzneimittel,DrogenundbiologischaktiveSubstanzen";"T509"
13439;"ToxischeWirkungvonÄthanol,Äthylalkohol";"T510"
13440;"ToxischeWirkungvonMethanol,Methylalkohol";"T511"
13441;"ToxischeWirkungvon2-Propanol,Isopropylalkohol";"T512"
13443;"ToxischeWirkungvonsonstigenAlkohole";"T518"
13444;"ToxischeWirkungvonAlkohol,nichtnäherbezeichnet";"T519"
13446;"ToxischeWirkungvonErdölprodukten,Benzin,Kerosin[Paraffinöl],Paraffin,Petroläther";"T520"
13447;"ToxischeWirkungvonBenzol";"T521"
13448;"ToxischeWirkungvonBenzol-Homologen,Toluol[Methylbenzol],Xylol[Dimethylbenzol]";"T522"
13449;"ToxischeWirkungvonGlykolen";"T523"
13451;"ToxischeWirkungvonsonstigenorganischeLösungsmittel";"T528"
13452;"ToxischeWirkungvonorganischemLösungsmittel,nichtnäherbezeichnet";"T529"
13455;"ToxischeWirkungvonChloroform,Trichlormethan";"T531"
13456;"ToxischeWirkungvonTrichloräthylen,Trichloräthen";"T532"
13460;"ToxischeWirkungvonsonstigenhalogeniertenaliphatischenKohlenwasserstoffen";"T536"
13461;"ToxischeWirkungvonsonstigenhalogeniertenaromatischenKohlenwasserstoffen";"T537"
13462;"ToxischeWirkungvonhalogeniertenaliphatischenundaromatischenKohlenwasserstoffen,nichtnäherbezeichnet";"T539"
13464;"ToxischeWirkung:PhenolunddessenHomologe";"T540"
13465;"ToxischeWirkung:SonstigeätzendeorganischeVerbindungen";"T541"
13466;"ToxischeWirkung:ÄtzendeSäurenundsäureähnlicheSubstanzen,Salzsäure,Schwefelsäure";"T542"
13467;"ToxischeWirkung:ÄtzalkalienundalkaliähnlicheSubstanzen,Kaliumhydroxid,Natriumhydroxid";"T543"
13468;"ToxischeWirkung:ÄtzendeSubstanz,nichtnäherbezeichnet";"T549"
13469;"ToxischeWirkungvonSeifenundDetergenzien";"T55"
13471;"ToxischeWirkung:BleiunddessenVerbindungen";"T560"
13472;"ToxischeWirkung:QuecksilberunddessenVerbindungen";"T561"
13473;"ToxischeWirkung:ChromunddessenVerbindungen";"T562"
13475;"ToxischeWirkung:KupferunddessenVerbindungen";"T564"
13476;"ToxischeWirkung:ZinkunddessenVerbindungen";"T565"
13479;"ToxischeWirkung:SonstigeMetalle";"T568"
13480;"ToxischeWirkung:Metall,nichtnäherbezeichnet";"T569"
13482;"ToxischeWirkung:ArsenunddessenVerbindungen";"T570"
13483;"ToxischeWirkung:PhosphorunddessenVerbindungen";"T571"
13484;"ToxischeWirkung:ManganunddessenVerbindungen";"T572"
13485;"ToxischeWirkung:Blausäure";"T573"
13486;"ToxischeWirkung:SonstigenäherbezeichneteanorganischeSubstanzen";"T578"
13487;"ToxischeWirkung:AnorganischeSubstanz,nichtnäherbezeichnet";"T579"
13488;"ToxischeWirkung:ToxischeWirkungvonKohlenmonoxid,JedeHerkunft";"T58"
13490;"ToxischeWirkung:Stickstoffoxide";"T590"
13491;"ToxischeWirkung:Schwefeldioxid";"T591"
13492;"ToxischeWirkung:Formaldehyd";"T592"
13494;"ToxischeWirkung:Chlorgas";"T594"
13496;"ToxischeWirkung:Schwefelwasserstoff";"T596"
13497;"ToxischeWirkung:Kohlendioxid";"T597"
13498;"ToxischeWirkung:SonstigenäherbezeichneteGase,DämpfeodersonstigernäherbezeichneterRauch";"T598"
13499;"ToxischeWirkung:Gase,DämpfeoderRauch,nichtnäherbezeichnet";"T599"
13501;"ToxischeWirkung:Organophosphat-undCarbamat-Insektizide";"T600"
13502;"ToxischeWirkung:HalogenierteInsektizide";"T601"
13503;"ToxischeWirkung:SonstigeInsektizide";"T602"
13504;"ToxischeWirkung:HerbizideundFungizide";"T603"
13505;"ToxischeWirkung:Rodentizide,Thallium";"T604"
13506;"ToxischeWirkung:SonstigeSchädlingsbekämpfungsmittel";"T608"
13507;"ToxischeWirkung:Schädlingsbekämpfungsmittel,nichtnäherbezeichnet";"T609"
13509;"Ciguatera-Fischvergiftung";"T610"
13510;"ToxischeWirkung:Scombroid-Fischvergiftung,Histamin-ähnlichesSyndrom";"T611"
13511;"SonstigeVergiftungdurchFischeundSchalentiere";"T612"
13512;"ToxischeWirkungsonstigereßbarerMeerestiere";"T618"
13513;"ToxischeWirkungeinesnichtnäherbezeichneteneßbarenMeerestieres";"T619"
13515;"ToxischeWirkung:VerzehrtePilze";"T620"
13516;"ToxischeWirkung:VerzehrteBeeren";"T621"
13517;"ToxischeWirkung:SonstigeverzehrtePflanze(n)oderTeil(e)davon";"T622"
13518;"ToxischeWirkung:SonstigenäherbezeichneteschädlicheSubstanzen,diemitderNahrungaufgenommenwurden";"T628"
13519;"ToxischeWirkung:SchädlicheSubstanz,diemitderNahrungaufgenommenwurde,nichtnäherbezeichnet";"T629"
13521;"ToxischeWirkung:Schlangengift";"T630"
13522;"ToxischeWirkung:GiftandererReptilien,GiftvonEchsen";"T631"
13523;"ToxischeWirkung:Skorpiongift";"T632"
13524;"ToxischeWirkung:Spinnengift";"T633"
13525;"ToxischeWirkung:GiftsonstigerArthropoden,Insektenbißoder-stich,giftig";"T634"
13526;"ToxischeWirkungdurchKontaktmitFischen";"T635"
13527;"ToxischeWirkungdurchKontaktmitsonstigenMeerestieren,Qualle,Schalentiere,Seeanemone,Seestern";"T636"
13528;"ToxischeWirkungdurchKontaktmitsonstigengiftigenTieren,Amphibiengift";"T638"
13529;"ToxischeWirkungdurchKontaktmiteinemnichtnäherbezeichnetengiftigenTier";"T639"
13530;"ToxischeWirkungvonAflatoxinundsonstigemMykotoxininkontaminiertenLebensmitteln";"T64"
13532;"ToxischeWirkung:Zyanide";"T650"
13533;"ToxischeWirkung:StrychninunddessenSalze";"T651"
13534;"ToxischeWirkung:TabakundNikotin";"T652"
13535;"ToxischeWirkung:Nitro-undAminoderivatevonBenzolunddessenHomologen,Anilin[Aminobenzol],Nitrobenzol,Trinitrotoluol";"T653"
13536;"ToxischeWirkung:Schwefelkohlenstoff";"T654"
13537;"ToxischeWirkung:Glyzeroltrinitrat,SauerstoffsäurendesStickstoffsundderenEster,1,2,3-Propantriol,Trinitrat";"T655"
13538;"ToxischeWirkung:FarbenundFarbstoffe,anderenortsnichtklassifiziert";"T656"
13539;"ToxischeWirkungsonstigernäherbezeichneterSubstanzen";"T658"
13540;"ToxischeWirkungeinernichtnäherbezeichnetenSubstanz,Vergiftungo.n.A.";"T659"
13541;"NichtnäherbezeichneteSchädendurchStrahlung,Strahlenkrankheit";"T66"
13543;"HitzschlagundSonnenstich,Insolation,Thermoplegie";"T670"
13544;"Hitzesynkope,Hitzekollaps";"T671"
13545;"Hitzekrampf";"T672"
13546;"HitzeerschöpfungdurchWasserverlust";"T673"
13547;"HitzeerschöpfungdurchSalzverlust,HitzeerschöpfungdurchSalz-(undWasser-)Verlust";"T674"
13548;"Hitzeerschöpfung,nichtnäherbezeichnet,Hitzeerschöpfungo.n.A.";"T675"
13549;"PassagereHitzeermüdung";"T676"
13550;"Hitzeödem";"T677"
13551;"SonstigeSchädendurchHitzeundSonnenlicht";"T678"
13552;"SchadendurchHitzeundSonnenlicht,nichtnäherbezeichnet";"T679"
13553;"Hypothermie,HypothermiedurchUnfall";"T68"
13554;")Hypothermie<34GradCKörperkerntemperatur(Kinder<=16Jahre)";"T68x"
13555;")sonstigeHypothermie";"T68x"
13557;"Kälte-Nässe-SchadenderHändeoderFüße,Schützengrabenfuß[Trenchfoot]";"T690"
13558;"Frostbeulen";"T691"
13559;"SonstigenäherbezeichneteSchädendurchniedrigeTemperatur";"T698"
13560;"SchadendurchniedrigeTemperatur,nichtnäherbezeichnet";"T699"
13562;"BarotraumadesOhres,Aerootitismedia,OhrschädendurchWechseldesLuft-oderWasserdruckes";"T700"
13563;"BarotraumaderNasennebenhöhlen,Aerosinusitis,Nasennebenhöhlen-SchädendurchWechseldesLuftdruckes";"T701"
13564;"SonstigeundnichtnäherbezeichneteSchädendurchgroßeHöhe,Barotraumao.n.A.,Bergkrankheit,Höhenkrankheit,SauerstoffmangelingroßerHöhe";"T702"
13565;"Caissonkrankheit[Dekompressionskrankheit],Druckluftkrankheit,Taucherkrankheit";"T703"
13566;"SchädendurchHochdruckflüssigkeiten,Sprühinjektion,Hochdruck-Spritzverletzung(industriell)";"T704"
13567;"SonstigeSchädendurchLuft-undWasserdruck,Explosionstrauma";"T708"
13568;"SchadendurchLuft-undWasserdruck,nichtnäherbezeichnet";"T709"
13569;"Erstickung,Ersticken(durchStrangulation),SystemischerSauerstoffmangeldurch:mechanischeBehinderungderAtmung,niedrigenSauerstoffgehaltderUmgebungsluft";"T71"
13571;"SchädendurchHunger,Hungertod,Nahrungsmittelmangel";"T730"
13572;"SchädendurchDurst,Wassermangel";"T731"
13573;"ErschöpfungdurchAusgesetztsein(gegenüberWitterungsunbilden)";"T732"
13574;"ErschöpfungdurchübermäßigeAnstrengung,Überanstrengung";"T733"
13575;"SonstigeSchädendurchMangel";"T738"
13576;"SchadendurchMangel,nichtnäherbezeichnet";"T739"
13578;"VernachlässigenoderImstichlassen";"T740"
13579;"KörperlicherMißbrauch,Ehegattenmißhandlungo.n.A.,Kindesmißhandlungo.n.A.";"T741"
13580;"SexuellerMißbrauch";"T742"
13581;"PsychischerMißbrauch";"T743"
13582;"SonstigeFormendesMißbrauchsvonPersonen,Mischformen";"T748"
13583;"MißbrauchvonPersonen,nichtnäherbezeichnet,SchädendurchMißbrauch:einesErwachseneno.n.A.,einesKindeso.n.A.";"T749"
13585;"SchädendurchBlitzschlag,SchockdurchBlitzschlag";"T750"
13586;"ErtrinkenundnichttödlichesUntertauchen,Schwimmkrampf,Untertauchen";"T751"
13587;"SchädendurchVibration,Preßlufthammer-Syndrom,SchwindeldurchInfraschall,TraumatischesVasospasmus-Syndrom";"T752"
13588;"Kinetose,Luftkrankheit,Reisekrankheit,Seekrankheit";"T753"
13589;"SchädendurchelektrischenStrom,SchockdurchelektrischenStrom,Stromtod";"T754"
13590;"SonstigenäherbezeichneteSchädendurchäußereUrsachen,Auswirkungenvon:anomalenGravitationskräften,Schwerelosigkeit";"T758"
13592;"AnaphylaktischerSchockdurchNahrungsmittelunverträglichkeit";"T780"
13593;"SonstigeNahrungsmittelunverträglichkeit,anderenortsnichtklassifiziert";"T781"
13594;"AnaphylaktischerSchock,nichtnäherbezeichnet,AllergischerSchock,AnaphylaktischeReaktion,Anaphylaxieo.n.A.";"T782"
13595;"AngioneurotischesÖdem,Quincke-Ödem,Urticariagigantea";"T783"
13596;"Allergie,nichtnäherbezeichnet,AllergischeReaktiono.n.A.,Idiosynkrasieo.n.A.,Überempfindlichkeito.n.A.";"T784"
13597;"SonstigeunerwünschteNebenwirkungen,anderenortsnichtklassifiziert";"T788"
13598;"UnerwünschteNebenwirkung,nichtnäherbezeichnet";"T789"
13600;"Luftembolie(traumatisch)";"T790"
13601;"Fettembolie(traumatisch)";"T791"
13602;"TraumatischbedingtesekundäreoderrezidivierendeBlutung";"T792"
13603;"PosttraumatischeWundinfektion,anderenortsnichtklassifiziert";"T793"
13604;"TraumatischerSchock,Schock(unmittelbar)(protrahiert)nachVerletzung";"T794"
13605;"TraumatischeAnurie,Crush-Syndrom,NierenversagennachZerquetschung";"T795"
13606;"TraumatischeMuskelischämie,Kompartmentsyndrom,Volkmann-Kontraktur[ischämischeMuskelkontraktur]";"T796"
13607;"TraumatischessubkutanesEmphysem";"T797"
13608;"SonstigeFrühkomplikationeneinesTraumas";"T798"
13609;"NichtnäherbezeichneteFrühkomplikationeinesTraumas";"T799"
13611;"LuftembolienachInfusion,TransfusionoderInjektionzutherapeutischenZwecken";"T800"
13612;"GefäßkomplikationennachInfusion,TransfusionoderInjektionzutherapeutischenZwecken,Phlebitis,Thrombembolie,Thrombophlebitis,nachInfusion,TransfusionoderInjektionzutherapeut.Zwecken";"T801"
13613;"InfektionennachInfusion,TransfusionoderInjektionzutherapeutischenZwecken,Infektion,Sepsis,Septikämie,SeptischerSchock,nachInfusion,TransfusionoderInjektionzutherapeutischenZwecken";"T802"
13614;"AB0-Unverträglichkeitsreaktion,InkompatibleBluttransfusion,ReaktiondurchBlutgruppenunverträglichkeitbeiInfusionoderTransfusion";"T803"
13615;"Rh-Unverträglichkeitsreaktion,ReaktionendurchRh-FaktorbeiInfusionoderTransfusion";"T804"
13616;"AnaphylaktischerSchockdurchSerum";"T805"
13617;"SonstigeSerumreaktionen,Serumdermatitis,Serumintoxikation,Serumkrankheit,Serumurtikaria";"T806"
13618;"SonstigeKomplikationennachInfusion,TransfusionoderInjektionzutherapeutischenZwecken";"T808"
13619;"NichtnäherbezeichneteKomplikationnachInfusion,TransfusionoderInjektionzutherapeutischenZwecken,Transfusionsreaktiono.n.A.";"T809"
13621;"BlutungundHämatomalsKomplikationeinesEingriffes,anderenortsnichtklassifiziert,BlutunganjederLokalisationalsFolgeeinesEingriffes";"T810"
13622;"SchockwährendoderalsFolgeeinesEingriffes,anderenortsnichtklassifiziert,Kollapso.n.A.,Schock(endotox.)(hypovoläm.)(septisch),währendoderalsFolgeeinesEingriffes,Postop.Schocko.n.A.";"T811"
13623;"VersehentlicheStich-oderRißwundewährendeinesEingriffes,anderenortsnichtklassifiziert";"T812"
13624;"AufreißeneinerOperationswunde,anderenortsnichtklassifiziert,Dehiszenz,Ruptur,einerOperationswunde";"T813"
13625;"InfektionnacheinemEingriff,anderenortsnichtklassifiziert,Abszeß:intraabdominal,Naht-,subphrenisch,Wund-,Sepsis,nachmedizinischenMaßnahmen";"T814"
13626;"Fremdkörper,derversehentlichnacheinemEingriffineinerKörperhöhleoderOperationswundezurückgebliebenist";"T815"
13627;"AkuteReaktionaufeinewährendeinesEingriffesversehentlichzurückgebliebeneFremdsubstanz,Peritonitis:aseptisch,durchchemischeSubstanzen";"T816"
13628;"GefäßkomplikationennacheinemEingriff,anderenortsnichtklassifiziert,LuftembolienacheinemEingriff,anderenortsnichtklassifiziert";"T817"
13629;"SonstigeKomplikationenbeiEingriffen,anderenortsnichtklassifiziert,Emphysem(subkutan)alsFolgeeinesEingriffes,KomplikationbeiInhalationstherapie,PersistierendepostoperativeFistel";"T818"
13630;"NichtnäherbezeichneteKomplikationeinesEingriffes";"T819"
13632;"MechanischeKomplikationdurcheineHerzklappenprothese,Fehllage,Leckage,Obstruktion,mechanisch,Perforation,Protrusion,Verlagerung,Versagen(mechanisch),durchHerzklappenprothese";"T820"
13633;"MechanischeKomplikationdurcheinkardialeselektronischesGerät,UnterT82.0aufgeführteZuständedurch:Elektroden,Impulsgenerator(Batterie)";"T821"
13634;"MechanischeKomplikationdurchKoronararterien-BypassundKlappentransplantate,UnterT82.0aufgeführteZuständedurchKoronararterien-BypassundKlappentransplantate";"T822"
13635;"MechanischeKomplikationdurchsonstigeGefäßtransplantate";"T823"
13636;"MechanischeKomplikationdurchGefäßkatheterbeiDialyse,UnterT82.0aufgeführteZuständedurchGefäßkatheterbeiDialyse";"T824"
13637;"MechanischeKomplikationdurchsonstigeGeräteundImplantateimHerzenundindenGefäßen";"T825"
13638;"InfektionundentzündlicheReaktiondurcheineHerzklappenprothese";"T826"
13639;"InfektionundentzündlicheReaktiondurchsonstigeGeräte,ImplantateoderTransplantateimHerzenundindenGefäßen";"T827"
13640;"SonstigeKomplikationendurchProthesen,ImplantateoderTransplantateimHerzenundindenGefäßen";"T828"
13641;"NichtnäherbezeichneteKomplikationdurchProthese,ImplantatoderTransplantatimHerzenundindenGefäßen";"T829"
13643;"MechanischeKomplikationdurcheinenHarnwegskatheter(Verweilkatheter),UnterT82.0aufgeführteZuständedurch:TransurethralerVerweilkatheter,Zystostomiekatheter";"T830"
13644;"MechanischeKomplikationdurchsonstigeGeräteoderImplantateimHarntrakt,UnterT82.0aufgeführteZuständedurch:elektronischenStimulator,Sphinkterimplantat,Stent,imHarntrakt";"T831"
13645;"MechanischeKomplikationdurcheinHarnorgantransplantat,UnterT82.0aufgeführteZuständedurcheinHarnorgantransplantat";"T832"
13646;"MechanischeKomplikationdurcheinIntrauterinpessar,UnterT82.0aufgeführteZuständedurcheinIntrauterinpessar";"T833"
13647;"MechanischeKomplikationdurchsonstigeProthesen,ImplantateoderTransplantateimGenitaltrakt,UnterT82.0aufgeführteZuständedurch(implantierte)Penisprothese";"T834"
13648;"InfektionundentzündlicheReaktiondurchProthese,ImplantatoderTransplantatimHarntrakt";"T835"
13649;"InfektionundentzündlicheReaktiondurchProthese,ImplantatoderTransplantatimGenitaltrakt";"T836"
13650;"SonstigeKomplikationendurchProthesen,ImplantateoderTransplantateimUrogenitaltrakt,UnterT82.0aufgeführteZuständedurchProthesen,ImplantateoderTransplantateimUrogenitaltrakt";"T838"
13651;"NichtnäherbezeichneteKomplikationdurchProthese,ImplantatoderTransplantatimUrogenitaltrakt";"T839"
13653;"MechanischeKomplikationdurcheineGelenkendoprothese,UnterT82.0aufgeführteZuständedurcheineGelenkprothese";"T840"
13654;"MechanischeKomplikationdurcheineinterneOsteosynthesevorrichtunganExtremitätenknochen,UnterT82.0aufgeführteZuständedurcheineinterneOsteosynthesevorrichtunganExtremitätenknochen";"T841"
13655;"MechanischeKomplikationdurcheineinterneOsteosynthesevorrichtungansonstigenKnochen,UnterT82.0aufgeführteZuständedurcheineinterneOsteosynthesevorrichtungansonstigenKnochen";"T842"
13656;"MechanischeKomplikationdurchsonstigeKnochengeräte,-implantateoder-transplantate,UnterT82.0aufgeführteZuständedurch:elektronischenKnochenstimulator,Knochentransplantat";"T843"
13657;"MechanischeKomplikationdurchsonstigeinternverwendeteorthopädischeGeräte,ImplantateundTransplantate,UnterT82.0aufgeführteZuständedurchMuskel-oderSehnentransplantat";"T844"
13658;"InfektionundentzündlicheReaktiondurcheineGelenkendoprothese";"T845"
13659;"InfektionundentzündlicheReaktiondurcheineinterneOsteosynthesevorrichtung[jedeLokalisation]";"T846"
13660;"InfektionundentzündlicheReaktiondurchsonstigeorthopädischeEndoprothesen,ImplantateoderTransplantate";"T847"
13661;"SonstigeKomplikationendurchorthopädischeEndoprothesen,ImplantateoderTransplantate,UnterT82.8aufgeführteZuständedurchorthopädischeEndoprothesen,ImplantateoderTransplantate";"T848"
13662;"NichtnäherbezeichneteKomplikationdurchorthopädischeEndoprothese,ImplantatoderTransplantat";"T849"
13664;"MechanischeKomplikationdurcheinenventrikulären,intrakraniellenShunt,UnterT82.0aufgeführteZuständedurcheinenventrikulären,intrakraniellenShunt";"T850"
13665;"MechanischeKomplikationdurcheinenimplantiertenelektronischenStimulatordesNervensystems";"T851"
13666;"MechanischeKomplikationdurcheineintraokulareLinse,UnterT82.0aufgeführteKomplikationendurcheineintraokulareLinse";"T852"
13667;"MechanischeKomplikationdurchsonstigeAugenprothesen,-implantateoder-transplantate,UnterT82.0aufgeführteZuständedurch:Hornhauttransplantat,Orbitaprothese";"T853"
13668;"MechanischeKomplikationdurchMammaprotheseoder-implantat,UnterT82.0aufgeführteZuständedurchMammaprotheseoder-implantat";"T854"
13669;"MechanischeKomplikationdurchgastrointestinaleProthesen,ImplantateoderTransplantate,UnterT82.0aufgeführteZuständedurch:Gallengangprothese,ösophagealeAnti-Reflux-Vorrichtung";"T855"
13670;"MechanischeKomplikationdurchsonstigenäherbezeichneteinterneProthesen,ImplantateoderTransplantate";"T856"
13671;"InfektionundentzündlicheReaktiondurchsonstigeinterneProthesen,ImplantateoderTransplantate";"T857"
13672;"SonstigeKomplikationendurchinterneProthesen,ImplantateoderTransplantate";"T858"
13673;"NichtnäherbezeichneteKomplikationdurchinterneProthese,ImplantatoderTransplantat,KomplikationdurchinterneProthese,ImplantatoderTransplantato.n.A.";"T859"
13675;"AbstoßungeinesKnochenmarktransplantates,Graft-versus-host-Reaktionoder-Krankheit";"T860"
13676;"VersagenundAbstoßungeinesNierentransplantates";"T861"
13677;"VersagenundAbstoßungeinesHerztransplantates";"T862"
13678;"VersagenundAbstoßungeinesHerz-Lungen-Transplantates";"T863"
13679;"VersagenundAbstoßungeinesLebertransplantates";"T864"
13680;"VersagenundAbstoßungsonstigertransplantierterOrganeundGewebe,Transplantatversagenoder-abstoßungvon:Darm,Haut(Allotransplantat)(Autotransplantat),Knochen,Lunge,Pankreas";"T868"
13681;"VersagenundAbstoßungeinesnichtnäherbezeichnetentransplantiertenOrganesundGewebes";"T869"
13683;"Komplikationendurchreplantierte(Teileder)obere(n)Extremität";"T870"
13684;"Komplikationendurchreplantierte(Teileder)untere(n)Extremität";"T871"
13685;"KomplikationendurchsonstigenreplantiertenKörperteil";"T872"
13686;"NeuromdesAmputationsstumpfes";"T873"
13687;"InfektiondesAmputationsstumpfes";"T874"
13688;"NekrosedesAmputationsstumpfes";"T875"
13689;"SonstigeundnichtnäherbezeichneteKomplikationenamAmputationsstumpf,Amputationsstumpf:(Flexions-)Kontraktur(desbenachbartenproximalenGelenkes),Hämatom,Ödem";"T876"
13691;"InfektionnachImpfung[Immunisierung],Sepsis,Septikämie,nachImpfung[Immunisierung]";"T880"
13692;"SonstigeKomplikationennachImpfung[Immunisierung],anderenortsnichtklassifiziert,HautausschlagnachImpfung";"T881"
13693;"SchockdurchAnästhesie,SchockdurchAnästhesiebeiordnungsgemäßerVerabreichungeinesindikationsgerechtenArzneimittels";"T882"
13694;"MaligneHyperthermiedurchAnästhesie";"T883"
13695;"MißlungeneoderschwierigeIntubation";"T884"
13696;"SonstigeKomplikationeninfolgeAnästhesie,HypothermienachAnästhesie";"T885"
13697;"AnaphylaktischerSchockalsunerwünschteNebenwirkungeinesindikationsgerechtenArzneimittelsodereinerindikationsgerechtenDrogebeiordnungsgemäßerVerabreichung";"T886"
13698;"NichtnäherbezeichneteunerwünschteNebenwirkungeinesArzneimittelsodereinerDroge";"T887"
13699;"SonstigenäherbezeichneteKomplikationenbeichirurgischenEingriffenundmedizinischerBehandlung,anderenortsnichtklassifiziert";"T888"
13700;"KomplikationbeichirurgischenEingriffenundmedizinischerBehandlung,nichtnäherbezeichnet";"T889"
13702;"FolgeneineroberflächlichenVerletzungdesKopfes,FolgeneinerVerletzung,dieunterS00.-klassifizierbarist";"T900"
13703;"FolgeneineroffenenWundedesKopfes,FolgeneinerVerletzung,dieunterS01.-klassifizierbarist";"T901"
13704;"FolgeneinerFrakturdesSchädelsundderGesichtsschädelknochen,FolgeneinerVerletzung,dieunterS02.-klassifizierbarist";"T902"
13705;"FolgeneinerVerletzungderHirnnerven,FolgeneinerVerletzung,dieunterS04.-klassifizierbarist";"T903"
13706;"FolgeneinerVerletzungdesAugesundderOrbita,FolgeneinerVerletzung,dieunterS05.-klassifizierbarist";"T904"
13707;"FolgeneinerintrakraniellenVerletzung,FolgeneinerVerletzung,dieunterS06.-klassifizierbarist";"T905"
13708;"FolgensonstigernäherbezeichneterVerletzungendesKopfes,FolgeneinerVerletzung,dieunterS03,S07-S08undS09.0-S09.8klassifizierbarist";"T908"
13709;"FolgeneinernichtnäherbezeichnetenVerletzungdesKopfes,FolgeneinerVerletzung,dieunterS09.9klassifizierbarist";"T909"
13711;"FolgeneineroberflächlichenVerletzungundeineroffenenWundedesHalsesunddesRumpfes,FolgeneinerVerletzung,dieunterS10-S11,S20-S21,S30-S31undT09.0-T09.1klassifizierbarist";"T910"
13712;"FolgeneinerFrakturderWirbelsäule,FolgeneinerVerletzung,dieunterS12.-,S22.0-S22.1.,S32.0,S32.7undT08klassifizierbarist";"T911"
13713;"FolgeneinersonstigenFrakturdesThoraxunddesBeckens,FolgeneinerVerletzung,dieunterS22.2-S22.9,S32.1-S32.5undS32.8klassifizierbarist";"T912"
13714;"FolgeneinerVerletzungdesRückenmarkes,FolgeneinerVerletzung,dieunterS14.0-S14.1,S24.0-S24.1,S34.0-S34.1undT09.3klassifizierbarist";"T913"
13715;"FolgeneinerVerletzungderintrathorakalenOrgane,FolgeneinerVerletzung,dieunterS26-S27klassifizierbarist";"T914"
13716;"FolgeneinerVerletzungderintraabdominalenOrganeundderBeckenorgane,FolgeneinerVerletzung,dieunterS36-S37klassifizierbarist";"T915"
13717;"FolgensonstigernäherbezeichneterVerletzungendesHalsesunddesRumpfes";"T918"
13718;"FolgeneinernichtnäherbezeichnetenVerletzungdesHalsesunddesRumpfes,FolgeneinerVerletzung,dieunterS19.9,S29.9,S39.9undT09.9klassifizierbarist";"T919"
13720;"FolgeneineroffenenWundederoberenExtremität,FolgeneinerVerletzung,dieunterS41.-,S51.-,S61.-undT11.1klassifizierbarist";"T920"
13721;"FolgeneinerFrakturdesArmes,FolgeneinerVerletzung,dieunterS42.-,S52.-undT10klassifizierbarist";"T921"
13722;"FolgeneinerFrakturinHöhedesHandgelenkesundderHand,FolgeneinerVerletzung,dieunterS62.-klassifizierbarist";"T922"
13723;"FolgeneinerLuxation,VerstauchungoderZerrungderoberenExtremität,FolgeneinerVerletzung,dieunterS43.-,S53.-,S63.-undT11.2klassifizierbarist";"T923"
13724;"FolgeneinerVerletzungvonNervenderoberenExtremität,FolgeneinerVerletzung,dieunterS44.-,S54.-,S64.-undT11.3klassifizierbarist";"T924"
13725;"FolgeneinerVerletzungvonMuskelnundSehnenderoberenExtremität,FolgeneinerVerletzung,dieunterS46.-,S56.-,S66.-undT11.5klassifizierbarist";"T925"
13726;"FolgeneinerZerquetschungodereinertraumatischenAmputationderoberenExtremität,FolgeneinerVerletzung,dieunterS47-S48,S57-S58,S67-S68undT11.6klassifizierbarist";"T926"
13727;"FolgensonstigernäherbezeichneterVerletzungenderoberenExtremität";"T928"
13728;"FolgeneinernichtnäherbezeichnetenVerletzungderoberenExtremität,FolgeneinerVerletzung,dieunterS49.9,S59.9,S69.9undT11.9klassifizierbarist";"T929"
13730;"FolgeneineroffenenWundederunterenExtremität,FolgeneinerVerletzung,dieunterS71.-,S81.-,S91.-undT13.1klassifizierbarist";"T930"
13731;"FolgeneinerFrakturdesFemurs,FolgeneinerVerletzung,dieunterS72.-klassifizierbarist";"T931"
13732;"FolgensonstigerFrakturenderunterenExtremität,FolgeneinerVerletzung,dieunterS82.-,S92.-undT12klassifizierbarist";"T932"
13733;"FolgeneinerLuxation,VerstauchungoderZerrungderunterenExtremität,FolgeneinerVerletzung,dieunterS73.-,S83.-,S93.-undT13.2klassifizierbarist";"T933"
13734;"FolgeneinerVerletzungvonNervenderunterenExtremität,FolgeneinerVerletzung,dieunterS74.-,S84.-,S94.-undT13.3klassifizierbarist";"T934"
13735;"FolgeneinerVerletzungvonMuskelnundSehnenderunterenExtremität,FolgeneinerVerletzung,dieunterS76.-,S86.-,S96.-undT13.5klassifizierbarist";"T935"
13736;"FolgeneinerZerquetschungodereinertraumatischenAmputationderunterenExtremität,FolgeneinerVerletzung,dieunterS77-S78,S87-S88,S97-S98undT13.6klassifizierbarist";"T936"
13737;"FolgensonstigernäherbezeichneterVerletzungenderunterenExtremität";"T938"
13738;"FolgeneinernichtnäherbezeichnetenVerletzungderunterenExtremität,FolgeneinerVerletzung,dieunterS79.9,S89.9,S99.9undT13.9klassifizierbarist";"T939"
13740;"FolgenvonVerletzungenmehrererKörperregionen,FolgeneinerVerletzung,dieunterT00-T07klassifizierbarist";"T940"
13741;"FolgenvonVerletzungennichtnäherbezeichneterKörperregionen,FolgeneinerVerletzung,dieunterT14.-klassifizierbarist";"T941"
13743;"FolgeneinerVerbrennung,VerätzungoderErfrierungdesKopfesoderdesHalses,FolgeneinerVerletzung,dieunterT20.-,T33.0-T33.1,T34.0-T34.1undT35.2klassifizierbarist";"T950"
13744;"FolgeneinerVerbrennung,VerätzungoderErfrierungdesRumpfes,FolgeneinerVerletzung,dieunterT21.-,T33.2-T33.3,T34.2-T34.3undT35.3klassifizierbarist";"T951"
13745;"FolgeneinerVerbrennung,VerätzungoderErfrierungderoberenExtremität,FolgeneinerVerletzung,dieunterT22-T23,T33.4-T33.5,T34.4-T34.5undT35.4klassifizierbarist";"T952"
13746;"FolgeneinerVerbrennung,VerätzungoderErfrierungderunterenExtremität,FolgeneinerVerletzung,dieunterT24-T25,T33.6-T33.8,T34.6-T34.8undT35.5klassifizierbarist";"T953"
13747;"FolgeneinerVerbrennungoderVerätzung,dienurnachderGrößederbetroffenenKörperoberflächeklassifizierbarist,FolgeneinerVerletzung,dieunterT31!-T32!klassifizierbarist";"T954"
13748;"FolgeneinersonstigennäherbezeichnetenVerbrennung,VerätzungoderErfrierung,FolgeneinerVerletzung,dieunterT26-T29,T35.0-T35.1undT35.6klassifizierbarist";"T958"
13749;"FolgeneinernichtnäherbezeichnetenVerbrennung,VerätzungoderErfrierung,FolgeneinerVerletzung,dieunterT30.-,T33.9,T34.9undT35.7klassifizierbarist";"T959"
13750;"FolgeneinerVergiftungdurchArzneimittel,DrogenundbiologischaktiveSubstanzen,FolgeneinerVergiftung,dieunterT36-T50klassifizierbarist";"T96"
13751;"FolgentoxischerWirkungenvonvorwiegendnichtmedizinischverwendetenSubstanzen,FolgentoxischerWirkungen,dieunterT51-T65klassifizierbarsind";"T97"
13753;"FolgenderAuswirkungenvonFremdkörperninnatürlichenKörperöffnungen,FolgenvonAuswirkungen,dieunterT15-T19klassifizierbarsind";"T980"
13754;"FolgensonstigerundnichtnäherbezeichneterSchädendurchäußereUrsachen,FolgenvonSchäden,dieunterT66-T78klassifizierbarsind";"T981"
13755;"FolgenbestimmterFrühkomplikationeneinesTraumas,FolgenvonKomplikationen,dieunterT79.-klassifizierbarsind";"T982"
13756;"FolgenvonKomplikationenbeichirurgischenEingriffenundmedizinischerBehandlung,anderenortsnichtklassifiziert,FolgenvonKomplikationen,dieunterT80-T88klassifizierbarsind";"T983"
14537;"SchweresakutesrespiratorischesSyndrom[SARS],nichtnäherbezeichnet";"U049"
14583;"ResistenzgegenPenicillin";"U820"
14584;"ResistenzgegenMethicillin";"U821"
14585;"ExtendedSpectrumBeta-Laktamase[ESBL]Resistenz";"U822"
14675;"ResistenzgegensonstigeBeta-Laktam-Antibiotika";"U828"
14586;"ResistenzgegennichtnäherbezeichneteBeta-Laktam-Antibiotika";"U829"
14671;"ResistenzgegenVancomycin";"U830"
14688;"ResistenzgegensonstigeVancomycin-verwandteAntibiotika";"U831"
14672;"ResistenzgegenQuinolone";"U832"
14587;"ResistenzgegenmehrereAntibiotika";"U837"
14588;"ResistenzgegensonstigeeinzelneAntibiotika";"U838"
14589;"ResistenzgegennichtnäherbezeichnetesAntibiotikum";"U839"
14689;"ResistenzgegenantiviraleMedikamente";"U842"
14590;"ResistenzgegenAntituberkulotika";"U843"
14591;"ResistenzgegenmehrereantimikrobielleMedikamente";"U847"
14750;"ResistenzgegensonstigeantimikrobielleMedikamente";"U848"
14673;"Resistenzgegennichtna¨herbezeichneteantimikrobielleMedikamente";"U849"
14599;"ResistenzgegenantineoplastischeMedikamente";"U85"
13780;"ÄrztlicheAllgemeinuntersuchung,ÄrztlicheGesundheitsuntersuchung,Check-up,PeriodischeUntersuchung(jährlich)(körperlich),Vorsorgeuntersuchungo.n.A.";"Z000"
13781;"GesundheitsvorsorgeuntersuchungeinesKindes,PrüfungdesEntwicklungsstandeseinesSäuglingsoderKindes";"Z001"
13784;"AllgemeinepsychiatrischeUntersuchung,anderenortsnichtklassifiziert";"Z004"
13787;"SonstigeAllgemeinuntersuchungen,UntersuchungdesGesundheitszustandesbeiBevölkerungsstichproben";"Z008"
13800;"UntersuchungzurAufnahmeineineBildungseinrichtung,UntersuchungzurAufnahmeindieVorschule";"Z020"
13801;"Einstellungsuntersuchung";"Z021"
13805;"UntersuchungzurTeilnahmeamSport";"Z025"
13807;"AusstellungeinerärztlichenBescheinigung,AusstellungeinerärztlichenBescheinigungzur:Invalidität,Nichttauglichkeit,Tauglichkeit,Todesursache";"Z027"
13808;"SonstigeUntersuchungenausadministrativenGründen,Untersuchungwegen:Adoption,Aufnahmein:,Ferienlager,Haftanstalt,Eheschließung,Einbürgerung,Einwanderung";"Z028"
13809;"UntersuchungausadministrativenGründen,nichtnäherbezeichnet";"Z029"
13811;"BeobachtungbeiVerdachtaufTuberkulose";"Z030"
13812;"BeobachtungbeiVerdachtaufbösartigeNeubildung";"Z031"
13813;"BeobachtungbeiVerdachtaufpsychischeKrankheitenoderVerhaltensstörungen,Beobachtungwegen:Bandenaktivität,Brandstiftung,dissozialemVerhalten,Ladendiebstahl,ohnemanifestepsychischeStörung";"Z032"
13814;"BeobachtungbeiVerdachtaufneurologischeKrankheit";"Z033"
13815;"BeobachtungbeiVerdachtaufHerzinfarkt";"Z034"
13816;"BeobachtungbeiVerdachtaufanderekardiovaskuläreKrankheiten";"Z035"
13817;"BeobachtungbeiVerdachtauftoxischeWirkungvonaufgenommenenSubstanzen,BeobachtungbeiVerdachtauf:unerwünschteNebenwirkungvonArzneimitteln,Vergiftung";"Z036"
13818;"BeobachtungbeisonstigenVerdachtsfällen";"Z038"
13819;"BeobachtungbeiVerdachtsfall,nichtnäherbezeichnet";"Z039"
13821;"Alkohol-oderDrogenbestimmungimBlut";"Z040"
13822;"UntersuchungundBeobachtungnachTransportmittelunfall";"Z041"
13823;"UntersuchungundBeobachtungnachArbeitsunfall";"Z042"
13824;"UntersuchungundBeobachtungnachanderemUnfall";"Z043"
13825;"UntersuchungundBeobachtungnachangegebenerVergewaltigungodersexuellemMißbrauch,UntersuchungvonOpferoderBeschuldigtemnachangegebenerVergewaltigungodersexuellemMißbrauch";"Z044"
13826;"UntersuchungundBeobachtungnachsonstigerdurcheinePersonzugefügterVerletzung,UntersuchungvonOpferoderBeschuldigtemnachsonstigerdurcheinePersonzugefügterVerletzung";"Z045"
13827;"AllgemeinepsychiatrischeUntersuchungaufbehördlicheAnforderung";"Z046"
13828;"UntersuchungundBeobachtungaussonstigennäherbezeichnetenGründen,AnforderungeinesExpertengutachtens";"Z048"
13829;"UntersuchungundBeobachtungausnichtnäherbezeichnetemGrund,Beobachtungo.n.A.";"Z049"
13831;"NachuntersuchungnachchirurgischemEingriffwegenbösartigerNeubildung";"Z080"
13832;"NachuntersuchungnachStrahlentherapiewegenbösartigerNeubildung";"Z081"
13833;"NachuntersuchungnachChemotherapiewegenbösartigerNeubildung";"Z082"
13834;"NachuntersuchungnachKombinationstherapiewegenbösartigerNeubildung";"Z087"
13835;"NachuntersuchungnachsonstigerBehandlungwegenbösartigerNeubildung";"Z088"
13836;"NachuntersuchungnachnichtnäherbezeichneterBehandlungwegenbösartigerNeubildung";"Z089"
13838;"NachuntersuchungnachchirurgischemEingriffwegenandererKrankheitszustände";"Z090"
13839;"NachuntersuchungnachStrahlentherapiewegenandererKrankheitszustände";"Z091"
13840;"NachuntersuchungnachChemotherapiewegenandererKrankheitszustände";"Z092"
13841;"NachuntersuchungnachPsychotherapie";"Z093"
13842;"NachuntersuchungnachFrakturbehandlung";"Z094"
13843;"NachuntersuchungnachKombinationsbehandlungwegenandererKrankheitszustände";"Z097"
13844;"NachuntersuchungnachsonstigerBehandlungwegenandererKrankheitszustände";"Z098"
13845;"NachuntersuchungnachnichtnäherbezeichneterBehandlungwegenandererKrankheitszustände";"Z099"
13884;"KontaktmitundExpositiongegenüberinfektiösenDarmkrankheiten";"Z200"
13885;"KontaktmitundExpositiongegenüberTuberkulose";"Z201"
13886;"KontaktmitundExpositiongegenüberInfektionen,dievorwiegenddurchGeschlechtsverkehrübertragenwerden";"Z202"
13887;"KontaktmitundExpositiongegenüberTollwut";"Z203"
13888;"KontaktmitundExpositiongegenüberRöteln";"Z204"
13889;"KontaktmitundExpositiongegenüberVirushepatitis";"Z205"
13890;"KontaktmitundExpositiongegenüberHIV[HumanesImmundefizienz-Virus]";"Z206"
13891;"KontaktmitundExpositiongegenüberPedikulose[Läusebefall],Akarinose[Milbenbefall]oderanderemParasitenbefall";"Z207"
13892;"KontaktmitundExpositiongegenübersonstigenübertragbarenKrankheiten";"Z208"
13893;"KontaktmitundExpositiongegenübernichtnäherbezeichneterübertragbarerKrankheit";"Z209"
13946;"IsolierungalsprophylaktischeMaßnahme,StationäreAufnahmezurAbschirmungeinerPersonvorihrerUmgebungoderzurIsolierungeinerPersonnachKontaktmitInfektionskrankheiten";"Z290"
13947;"Immunprophylaxe,VerabreichungvonImmunglobulin";"Z291"
13948;"SonstigeprophylaktischeChemotherapie,Chemoprophylaxe,ProphylaktischeAntibiotikaverabreichung";"Z292"
13949;"SonstigenäherbezeichneteprophylaktischeMaßnahmen";"Z298"
13950;"ProphylaktischeMaßnahme,nichtnäherbezeichnet";"Z299"
13952;"AllgemeineBeratungzuFragenderKontrazeption,BeratungzuFragenderFamilienplanungo.n.A.,ErstverordnungvonKontrazeptiva";"Z300"
13953;"EinsetzeneinesPessars(intrauterin)zurKontrazeption";"Z301"
13954;"Sterilisierung,StationäreAufnahmezurTubensterilisationoderVasektomie";"Z302"
13955;"AuslösungderMenstruation(kontrazeptiveMaßnahme),Interzeption,RegulierungderMenstruation";"Z303"
13956;"ÜberwachungbeimedikamentöserKontrazeption,KontrolluntersuchungbeiWeiterführungkontrazeptiverMaßnahmen,WiederverordnungoralerodersonstigerkontrazeptiverArzneimittel";"Z304"
13957;"ÜberwachungvonPatientinnenmitPessar(intrauterin)zurKontrazeption,Kontrolle,WiedereinsetzenoderEntferneneinesPessars(intrauterin)";"Z305"
13958;"SonstigekontrazeptiveMaßnahmen,SpermienzählungnachVasektomie";"Z308"
13959;"KontrazeptiveMaßnahme,nichtnäherbezeichnet";"Z309"
13961;"Tuben-oderVasoplastiknachfrühererSterilisierung";"Z310"
13962;"KünstlicheInsemination";"Z311"
13963;"In-vitro-Fertilisation,StationäreAufnahmezurEizell-Entnahmeoder-Implantation";"Z312"
13964;"AndereMethoden,diedieFertilisationunterstützen";"Z313"
13965;"UntersuchungundTestimZusammenhangmitFertilisation,Pertubation,Spermatogramm";"Z314"
13966;"GenetischeBeratung(imZusammenhangmitFertilisation)";"Z315"
13967;"AllgemeineBeratungimZusammenhangmitFertilisation";"Z316"
13968;"SonstigefertilisationsförderndeMaßnahmen";"Z318"
13969;"FertilisationsförderndeMaßnahme,nichtnäherbezeichnet";"Z319"
13971;"UntersuchungundTestzurFeststellungeinerSchwangerschaft,Schwangerschaft(noch)nichtbestätigt";"Z320"
13972;"UntersuchungundTestzurFeststellungeinerSchwangerschaft,Schwangerschaftbestätigt";"Z321"
13973;"SchwangerschaftsfeststellungalsNebenbefund,Schwangerschafto.n.A.";"Z33"
13975;"ÜberwachungeinernormalenErstschwangerschaft";"Z340"
13976;"ÜberwachungeinersonstigennormalenSchwangerschaft";"Z348"
13977;"ÜberwachungeinernormalenSchwangerschaft,nichtnäherbezeichnet";"Z349"
13979;"ÜberwachungeinerSchwangerschaftbeiInfertilitätsanamnese";"Z350"
13980;"ÜberwachungeinerSchwangerschaftbeiAbortanamnese,ÜberwachungeinerSchwangerschaftbei:Blasenmole,Traubenmole,inderAnamnese";"Z351"
13981;"ÜberwachungeinerSchwangerschaftbeisonstigerungünstigergeburtshilflicheroderReproduktionsanamnese";"Z352"
13982;"ÜberwachungeinerSchwangerschaftmitungenügenderpränatalerBetreuunginderAnamnese,Schwangerschaft:verborgen,verheimlicht";"Z353"
13983;"ÜberwachungeinerSchwangerschaftbeiausgeprägterMultiparität";"Z354"
13984;"ÜberwachungeinerälterenErstschwangeren";"Z355"
13985;"ÜberwachungeinersehrjungenErstschwangeren";"Z356"
13986;"ÜberwachungeinerRisikoschwangerschaft,durchsozialeProblemebedingt";"Z357"
13987;"ÜberwachungsonstigerRisikoschwangerschaften";"Z358"
13988;"ÜberwachungeinerRisikoschwangerschaft,nichtnäherbezeichnet";"Z359"
14009;"Einling,GeburtimKrankenhaus";"Z380"
14010;"Einling,GeburtaußerhalbdesKrankenhauses";"Z381"
14011;"Einling,Geburtsortnichtnäherbezeichnet,GesundesNeugeboreneso.n.A.,Lebendgeboreneso.n.A.";"Z382"
14012;"Zwilling,GeburtimKrankenhaus";"Z383"
14014;"Zwilling,Geburtsortnichtnäherbezeichnet";"Z385"
14015;"AndererMehrling,GeburtimKrankenhaus";"Z386"
14016;"AndererMehrling,GeburtaußerhalbdesKrankenhauses";"Z387"
14017;"AndererMehrling,Geburtsortnichtnäherbezeichnet";"Z388"
14019;"BetreuungundUntersuchungderMutterunmittelbarnacheinerEntbindung,BetreuungundBeobachtungbeikomplikationslosemVerlauf";"Z390"
14023;"ProphylaktischeOperationwegenRisikofaktoreninVerbindungmitbösartigenNeubildungen,AufnahmewegenprophylaktischerOrganentfernung";"Z400"
14024;"SonstigeprophylaktischeOperation";"Z408"
14025;"ProphylaktischeOperation,nichtnäherbezeichnet";"Z409"
14027;"Haartransplantation";"Z410"
14028;"AndereplastischeChirurgieauskosmetischenGründen,Mammaimplantat";"Z411"
14029;"ZirkumzisionalsRoutinemaßnahmeoderausrituellenGründen";"Z412"
14030;"Ohrlochstechen";"Z413"
14031;"SonstigeMaßnahmenausanderenGründenalsderWiederherstellungdesGesundheitszustandes";"Z418"
14032;"MaßnahmeausanderenGründenalsderWiederherstellungdesGesundheitszustandes,nichtnäherbezeichnet";"Z419"
14034;"NachbehandlungunterAnwendungplastischerChirurgiedesKopfesoderdesHalses";"Z420"
14035;"NachbehandlungunterAnwendungplastischerChirurgiederMamma[Brustdrüse]";"Z421"
14036;"NachbehandlungunterAnwendungplastischerChirurgieananderenTeilendesRumpfes";"Z422"
14037;"NachbehandlungunterAnwendungplastischerChirurgiederoberenExtremität";"Z423"
14038;"NachbehandlungunterAnwendungplastischerChirurgiederunterenExtremität";"Z424"
14039;"NachbehandlungunterAnwendungplastischerChirurgieansonstigenKörperteilen";"Z428"
14040;"NachbehandlungunterAnwendungplastischerChirurgie,nichtnäherbezeichnet";"Z429"
14042;"VersorgungeinesTracheostomas";"Z430"
14043;"VersorgungeinesGastrostomas";"Z431"
14044;"VersorgungeinesIleostomas";"Z432"
14045;"VersorgungeinesKolostomas";"Z433"
14046;"VersorgungandererkünstlicherKörperöffnungendesVerdauungstraktes";"Z434"
14047;"VersorgungeinesZystostomas";"Z435"
14048;"VersorgungsonstigerkünstlicherKörperöffnungendesHarntraktes,Nephrostoma,Ureterostoma,Urethrostoma";"Z436"
14049;"VersorgungeinerkünstlichenVagina";"Z437"
14050;"VersorgungsonstigerkünstlicherKörperöffnungen";"Z438"
14051;"VersorgungeinernichtnäherbezeichnetenkünstlichenKörperöffnung";"Z439"
14053;"VersorgenmitundAnpasseneineskünstlichenArmes(komplett)(partiell)";"Z440"
14054;"VersorgenmitundAnpasseneineskünstlichenBeins(komplett)(partiell)";"Z441"
14055;"VersorgenmitundAnpasseneinerAugenprothese";"Z442"
14056;"VersorgenmitundAnpasseneinerextrakorporalenMammaprothese";"Z443"
14057;"VersorgenmitundAnpassenvonsonstigenEktoprothesen";"Z448"
14058;"VersorgenmitundAnpasseneinernichtnäherbezeichnetenEktoprothese";"Z449"
14060;"AnpassungundHandhabungeineskünstlichenHerzschrittmachers,KontrolleundPrüfungdesImpulsgenerators[Batterie]";"Z450"
14061;"AnpassungundHandhabungeinerInfusionspumpe";"Z451"
14062;"AnpassungundHandhabungeinesvaskulärenZugangs";"Z452"
14063;"AnpassungundHandhabungeinesimplantiertenHörgerätes,GerätfürdasInnenohr,GerätfürKnochenleitung";"Z453"
14064;"AnpassungundHandhabungvonsonstigenimplantiertenmedizinischenGeräten";"Z458"
14078;"EntfernungeinerMetallplatteodereinerandereninnerenFixationsvorrichtung,Entfernung:Drähte,Nägel,Platten,Schrauben,Stäbe";"Z470"
14079;"SonstigenäherbezeichneteorthopädischeNachbehandlung,Wechsel,KontrolleoderEntfernung:äußereFixations-oderExtensionsvorrichtung,Gipsverband";"Z478"
14080;"OrthopädischeNachbehandlung,nichtnäherbezeichnet";"Z479"
14082;"KontrollevonVerbändenundNähten,EntfernungvonNahtmaterial,Verbandwechsel";"Z480"
14083;"SonstigenäherbezeichneteNachbehandlungnachchirurgischemEingriff";"Z488"
14084;"NachbehandlungnachchirurgischemEingriff,nichtnäherbezeichnet";"Z489"
14107;"DesensibilisierunggegenüberAllergenen";"Z516"
14111;"Blutspender";"Z520"
14113;"Knochenspender";"Z522"
14114;"Knochenmarkspender";"Z523"
14115;"Nierenspender";"Z524"
14116;"Korneaspender";"Z525"
14117;"Leberspender";"Z526"
14118;"Herzspender";"Z527"
14119;"SpendersonstigerOrganeoderGewebe";"Z528"
14120;"SpendereinesnichtnäherbezeichnetenOrgansoderGewebes,Spendero.n.A.";"Z529"
14134;"RekonvaleszenznachsonstigerBehandlung";"Z548"
14165;"Ausgebranntsein,Burn-out,ZustanddertotalenErschöpfung";"Z730"
14197;"Personen,diedasGesundheitswesenaussonstigennäherbezeichnetenGründeninAnspruchnehmen";"Z768"
14198;"Person,diedasGesundheitswesenausnichtnäherbezeichnetenGründeninAnspruchnimmt";"Z769"
14243;"BösartigeNeubildungderVerdauungsorganeinderEigenanamnese,Zustände,klassifizierbarunterC15-C26";"Z850"
14244;"BösartigeNeubildungderTrachea,derBronchienoderderLungeinderEigenanamnese,Zustände,klassifizierbarunterC33-C34";"Z851"
14245;"BösartigeNeubildungandererAtmungs-undintrathorakalerOrganeinderEigenanamnese,Zustände,klassifizierbarunterC30-C32,C37-C39";"Z852"
14246;"BösartigeNeubildungderBrustdrüse[Mamma]inderEigenanamnese,Zustände,klassifizierbarunterC50.-";"Z853"
14247;"BösartigeNeubildungderGenitalorganeinderEigenanamnese,Zustände,klassifizierbarunterC51-C63";"Z854"
14248;"BösartigeNeubildungderHarnorganeinderEigenanamnese,Zustände,klassifizierbarunterC64-C68";"Z855"
14249;"LeukämieinderEigenanamnese,Zustände,klassifizierbarunterC91-C95";"Z856"
14250;"AnderebösartigeNeubildungendeslymphatischen,blutbildendenoderverwandtenGewebesinderEigenanamnese,Zustände,klassifizierbarunterC81-C90,C96.-";"Z857"
14251;"BösartigeNeubildungensonstigerOrganeoderSystemeinderEigenanamnese,Zustände,klassifizierbarunterC00-C14,C40-C49,C69-C79,C97";"Z858"
14252;"BösartigeNeubildunginderEigenanamnese,nichtnäherbezeichnet,Zustände,klassifizierbarunterC80";"Z859"
14273;"AllergiegegenüberPenizillininderEigenanamnese";"Z880"
14274;"AllergiegegenüberanderenAntibiotikainderEigenanamnese";"Z881"
14275;"AllergiegegenüberSulfonamideninderEigenanamnese";"Z882"
14276;"AllergiegegenüberanderenAntiinfektivainderEigenanamnese";"Z883"
14277;"AllergiegegenüberAnästhetikuminderEigenanamnese";"Z884"
14278;"AllergiegegenüberBetäubungsmittelinderEigenanamnese";"Z885"
14279;"AllergiegegenüberAnalgetikuminderEigenanamnese";"Z886"
14280;"AllergiegegenüberSerumoderImpfstoffinderEigenanamnese";"Z887"
14281;"AllergiegegenübersonstigenArzneimitteln,DrogenoderbiologischaktivenSubstanzeninderEigenanamnese";"Z888"
14282;"AllergiegegenübernichtnäherbezeichnetenArzneimitteln,DrogenoderbiologischaktivenSubstanzeninderEigenanamnese";"Z889"
14284;"VerlusteinesodermehrererFinger[einschließlichDaumen],einseitig";"Z890"
14285;"VerlustderHandunddesHandgelenkes";"Z891"
14286;"VerlustderoberenExtremitätoberhalbdesHandgelenkes,Armo.n.A.";"Z892"
14287;"VerlustbeiderArme[jedeHöhe],VerlusteinesodermehrererFinger,beidseitig";"Z893"
14288;"VerlustdesFußesunddesKnöchels,Zehe(n)";"Z894"
14289;"VerlustdesBeinesunterhalboderbiszumKnie";"Z895"
14290;"VerlustdesBeinesoberhalbdesKnies,Beino.n.A.";"Z896"
14291;"VerlustbeiderBeine[jedeHöhe,ausgenommenZehenisoliert]";"Z897"
14292;"VerlustvonoberenundunterenExtremitäten[jedeHöhe]";"Z898"
14293;"Extremitätenverlust,nichtnäherbezeichnet";"Z899"
14295;"VerlustvonTeilendesKopfesoderdesHalses,Auge,Larynx,Nase";"Z900"
14296;"VerlustderMamma(e)[Brustdrüse]";"Z901"
14297;"VerlustderLunge[TeilederLunge]";"Z902"
14298;"VerlustvonTeilendesMagens";"Z903"
14299;"VerlustandererTeiledesVerdauungstraktes";"Z904"
14300;"VerlustderNiere(n)";"Z905"
14301;"VerlustandererTeiledesHarntraktes";"Z906"
14302;"VerlusteinesodermehrererGenitalorgane";"Z907"
14303;"VerlustsonstigerOrgane";"Z908"
14305;"Allergie,ausgenommenAllergiegegenüberArzneimitteln,DrogenoderbiologischaktivenSubstanzen,inderEigenanamnese";"Z910"
14306;"NichtbefolgungärztlicherAnordnungen[Non-compliance]inderEigenanamnese";"Z911"
14307;"MangelhaftepersönlicheHygieneinderEigenanamnese";"Z912"
14308;"UngesunderSchlaf-Wach-RhythmusinderEigenanamnese";"Z913"
14309;"PsychischesTraumainderEigenanamnese,anderenortsnichtklassifiziert";"Z914"
14310;"SelbstbeschädigunginderEigenanamnese,Parasuizid,Selbstvergiftung,VersuchteSelbsttötung";"Z915"
14311;"AndereKörperverletzunginderEigenanamnese";"Z916"
14746;"WeiblicheGenitalverstümmelunginderEigenanamnese";"Z917"
14312;"SonstigenäherbezeichneteRisikofaktoreninderEigenanamnese,anderenortsnichtklassifiziert,Mißbraucho.n.A.,Mißhandlungo.n.A.";"Z918"
14314;"KontrazeptioninderEigenanamnese";"Z920"
14315;"Dauertherapie(gegenwärtig)mitAntikoagulanzieninderEigenanamnese";"Z921"
14316;"Dauertherapie(gegenwärtig)mitanderenArzneimittelninderEigenanamnese,Azetylsalizylsäure";"Z922"
14317;"BestrahlunginderEigenanamnese,TherapeutischeBestrahlung";"Z923"
14318;"GrößereroperativerEingriffinderEigenanamnese,anderenortsnichtklassifiziert";"Z924"
14319;"RehabilitationsmaßnahmeninderEigenanamnese";"Z925"
14546;"ZytostatischeChemotherapiewegenbösartigerNeubildunginderEigenanamnese";"Z926"
14320;"SonstigemedizinischeBehandlunginderEigenanamnese";"Z928"
14321;"MedizinischeBehandlung,nichtnäherbezeichnet,inderEigenanamnese";"Z929"
14323;"VorhandenseineinesTracheostomas";"Z930"
14324;"VorhandenseineinesGastrostomas";"Z931"
14325;"VorhandenseineinesIleostomas";"Z932"
14326;"VorhandenseineinesKolostomas";"Z933"
14327;"VorhandenseinandererkünstlicherKörperöffnungendesMagen-Darmtraktes";"Z934"
14328;"VorhandenseineinesZystostomas";"Z935"
14329;"VorhandenseinandererkünstlicherKörperöffnungenderHarnwege,Nephrostoma,Ureterostoma,Urethrostoma";"Z936"
14330;"VorhandenseinvonsonstigenkünstlichenKörperöffnungen";"Z938"
14331;"VorhandenseineinerkünstlichenKörperöffnung,nichtnäherbezeichnet";"Z939"
14333;"ZustandnachNierentransplantation";"Z940"
14334;"ZustandnachHerztransplantation";"Z941"
14335;"ZustandnachLungentransplantation";"Z942"
14336;"ZustandnachHerz-Lungen-Transplantation";"Z943"
14337;"ZustandnachLebertransplantation";"Z944"
14338;"ZustandnachHauttransplantation,ZustandnachautogenerHauttransplantation";"Z945"
14339;"ZustandnachKnochentransplantation";"Z946"
14340;"ZustandnachKeratoplastik";"Z947"
14341;"ZustandnachsonstigerOrgan-oderGewebetransplantation,Darm,Knochenmark,Pankreas";"Z948"
14342;"ZustandnachOrgan-oderGewebetransplantation,nichtnäherbezeichnet";"Z949"
14344;"VorhandenseineineskünstlichenHerzschrittmachers";"Z950"
14345;"VorhandenseineinesaortokoronarenBypasses";"Z951"
14346;"VorhandenseineinerkünstlichenHerzklappe";"Z952"
14347;"VorhandenseineinerxenogenenHerzklappe";"Z953"
14348;"VorhandenseineinesanderenHerzklappenersatzes";"Z954"
14349;"VorhandenseineinesImplantatesoderTransplantatesnachkoronarerGefäßplastik,VorhandenseineinerkoronarenGefäßprothese,ZustandnachkoronarerGefäßplastiko.n.A.";"Z955"
14350;"VorhandenseinvonsonstigenkardialenodervaskulärenImplantatenoderTransplantaten,VorhandenseineinerGefäßprothese,anderenortsnichtklassifiziert,ZustandnachperiphererGefäßplastiko.n.A.";"Z958"
14351;"VorhandenseinvonkardialemodervaskuläremImplantatoderTransplantat,nichtnäherbezeichnet";"Z959"
14353;"VorhandenseinvonurogenitalenImplantaten";"Z960"
14354;"VorhandenseineinesintraokularenLinsenimplantates,Pseudophakie";"Z961"
14355;"VorhandenseinvonImplantatenimGehörorgan,HörgerätfürKnochenleitung,Kochlearimplantat,Parazentese-Röhrchen,Stapesersatz,Tuba-Eustachii-Plastik";"Z962"
14356;"VorhandenseineineskünstlichenLarynx";"Z963"
14357;"VorhandenseinvonendokrinenImplantaten,Insulinpumpe";"Z964"
14358;"VorhandenseinvonZahnwurzel-oderUnterkieferimplantaten";"Z965"
14359;"VorhandenseinvonorthopädischenGelenkimplantaten,Fingergelenkersatz,Hüftgelenkersatz(partiell)(total)";"Z966"
14360;"VorhandenseinvonanderenKnochen-undSehnenimplantaten,Schädelplatte";"Z967"
14361;"VorhandenseinvonsonstigennäherbezeichnetenfunktionellenImplantaten";"Z968"
14362;"VorhandenseineinesfunktionellenImplantates,nichtnäherbezeichnet";"Z969"
14364;"VorhandenseineineskünstlichenAuges";"Z970"
14365;"VorhandenseineinerkünstlichenExtremität(komplett)(partiell)";"Z971"
14366;"VorhandenseineinerZahnprothese(komplett)(partiell)";"Z972"
14367;"VorhandenseineinerBrilleodervonKontaktlinsen";"Z973"
14368;"VorhandenseineinesäußerenHörgerätes";"Z974"
14369;"VorhandenseineinesPessars(intrauterin)zurKontrazeption";"Z975"
14370;"VorhandenseinsonstigernäherbezeichnetermedizinischerGeräteoderHilfsmittel";"Z978"
14372;"ZustandnachintestinalemBypassoderintestinalerAnastomose";"Z980"
14373;"ZustandnachArthrodese";"Z981"
14374;"VorhandenseineinerDrainagedesLiquorcerebrospinalis,Liquor-cerebrospinalis-Shunt";"Z982"
14375;"SonstigenäherbezeichneteZuständenachchirurgischenEingriffen";"Z988"
14379;"AbhängigkeitvonDialysebeiNiereninsuffizienz,LangzeitdialysebeiNiereninsuffizienz,VorhandenseineinesarteriovenösenShuntsfürdieDialyse";"Z992"
14592;"AbhängigkeitvomKunstherz";"Z994"
